char,frequency,pinyin,radical,stroke,wuxing,tone
一,common,yī,一,1,土,1
乙,common,yǐ,乛,1,木,3
二,common,èr,二,2,火,4
十,common,shí,十,2,金,2
丁,common,"dīng,zhēng",一,2,火,1
厂,common,"chǎng,ān",厂,2,金,3
七,common,qī,一,2,金,1
卜,common,"bǔ,bo,pú",卜,2,水,3
八,common,bā,八,2,水,1
人,common,rén,人,2,金,2
入,common,rù,入,2,金,4
儿,common,ér,儿,2,金,2
匕,common,bǐ,匕,2,金,3
几,common,"jǐ,jī",几,2,木,3
九,common,jiǔ,丿,2,木,3
刁,common,diāo,乛,2,火,1
了,common,"le,liǎo",乛,2,火,5
刀,common,dāo,刀,2,金,1
力,common,lì,力,2,火,4
乃,common,nǎi,乛,2,火,3
又,common,yòu,又,2,土,4
三,common,sān,一,3,金,1
干,common,"gàn,gān",干,3,木,1
于,common,yú,一,3,土,2
亏,common,kuī,一,3,木,1
工,common,gōng,工,3,木,1
土,common,tǔ,土,3,土,3
士,common,shì,士,3,金,4
才,common,cái,一,3,金,2
下,common,xià,一,3,水,4
寸,common,cùn,寸,3,金,4
大,common,"dà,dài",大,3,火,4
丈,common,zhàng,一,3,火,4
与,common,"yǔ,yù,yú",一,3,土,3
万,common,"wàn,mò",一,3,水,4
上,common,"shàng,shǎng,shang",⺊,3,金,4
小,common,xiǎo,小,3,金,3
口,common,kǒu,口,3,木,3
山,common,shān,山,3,土,1
巾,common,jīn,巾,3,木,1
千,common,qiān,丿,3,金,1
乞,common,qǐ,乛,3,木,3
川,common,chuān,丿,3,金,1
亿,common,yì,亻,3,土,4
个,common,"gè,gě",人,3,土,4
夕,common,xī,夕,3,金,1
久,common,jiǔ,丿,3,木,3
么,common,"me,mó,yāo,ma",丿,3,水,5
勺,common,sháo,勹,3,火,2
凡,common,fán,几,3,水,2
丸,common,wán,丿,3,土,2
及,common,jí,丿,3,木,2
广,common,"guǎng,ān",广,3,木,3
亡,common,"wáng,wú",亠,3,水,2
门,common,mén,门,3,水,2
丫,common,yā,丷,3,土,1
义,common,yì,丶,3,木,4
之,common,zhī,丶,3,火,1
尸,common,shī,尸,3,金,1
己,common,jǐ,己,3,土,3
已,common,yǐ,已,3,木,3
巳,common,sì,巳,3,火,4
弓,common,gōng,弓,3,木,1
子,common,"zǐ,·zi",子,3,水,5
卫,common,wèi,卩、乛,3,土,4
也,common,yě,乛,3,土,3
女,common,"nǚ,rǔ",女,3,火,3
刃,common,rèn,刀,3,金,4
飞,common,fēi,飞,3,水,1
习,common,xí,乛,3,水,2
叉,common,"chā,chà,chǎ,chá",又,3,金,1
马,common,mǎ,马,3,水,3
乡,common,xiāng,乛,3,水,1
丰,common,fēng,一,4,火,1
王,common,"wáng,wàng",王,4,土,2
开,common,kāi,一,4,木,1
井,common,jǐng,一,4,火,3
天,common,tiān,一,4,火,1
夫,common,"fū,fú",一,4,水,1
元,common,yuán,一,4,木,2
无,common,"wú,mó",一、无,4,水,2
云,common,yún,一,4,水,2
专,common,zhuān,一,4,金,1
丐,common,gài,一,4,木,4
扎,common,"zhā,zā,zhá",扌,4,金,1
艺,common,yì,艹,4,木,4
木,common,mù,木,4,木,4
五,common,wǔ,一,4,木,3
支,common,zhī,支,4,火,1
厅,common,tīng,厂,4,火,1
不,common,"bù,fǒu",一,4,水,4
犬,common,quǎn,犬,4,木,3
太,common,tài,大,4,火,4
区,common,"qū,ōu",匚,4,木,1
历,common,lì,厂,4,火,4
歹,common,dǎi,歹,4,水,3
友,common,yǒu,又,4,土,3
尤,common,yóu,尢,4,土,2
匹,common,pǐ,匚,4,水,3
车,common,"chē,jū",车,4,金,1
巨,common,jù,匚,4,木,4
牙,common,yá,牙,4,木,2
屯,common,"tún,zhūn",一,4,火,2
戈,common,gē,戈,4,金,1
比,common,bǐ,比,4,水,3
互,common,hù,一,4,水,4
切,common,"qiē,qiè",刀,4,土,4
瓦,common,"wǎ,wà",瓦,4,土,3
止,common,zhǐ,止,4,火,3
少,common,"shǎo,shào",小,4,金,3
曰,common,yuē,曰,4,土,1
日,common,rì,日,4,火,4
中,common,"zhōng,zhòng",丨,4,火,1
贝,common,bèi,贝,4,水,4
冈,common,gāng,冂,4,水,1
内,common,"nèi,nà",丨、冂,4,火,4
水,common,shuǐ,水,4,水,3
见,common,"jiàn,xiàn",见,4,木,4
午,common,wǔ,丿、十,4,火,3
牛,common,niú,牛,4,木,2
手,common,shǒu,手,4,金,3
气,common,qì,气,4,木,4
毛,common,máo,毛,4,水,2
壬,common,rén,丿,4,水,2
升,common,shēng,丿,4,金,1
夭,common,yāo,丿,4,土,1
长,common,"cháng,zhǎng",长,4,火,3
仁,common,rén,亻,4,金,2
什,common,"shí,shén",亻,4,金,2
片,common,"piàn,piān",片,4,水,4
仆,common,"pú,pū",亻,4,水,1
化,common,"huà,huā",亻,4,水,4
仇,common,"chóu,qiú",亻,4,金,2
币,common,bì,丿,4,水,4
仍,common,réng,亻,4,金,2
仅,common,"jǐn,jìn",亻,4,木,3
斤,common,jīn,斤,4,木,1
爪,common,"zhǎo,zhuǎ",爪,4,金,3
反,common,fǎn,⺁,4,水,3
介,common,jiè,人,4,木,4
父,common,"fù,fǔ",父,4,水,4
从,common,cóng,人,4,火,2
仑,common,lún,人,4,火,2
今,common,jīn,人,4,木,1
凶,common,xiōng,凵,4,水,1
分,common,"fēn,fèn",八,4,水,1
乏,common,fá,丿,4,金,2
公,common,gōng,八,4,木,1
仓,common,cāng,人,4,金,1
月,common,yuè,月,4,木,4
氏,common,"shì,zhī",氏,4,金,4
勿,common,wù,勹,4,水,4
欠,common,qiàn,欠,4,木,4
风,common,"fēng,fěng",风,4,水,1
丹,common,dān,丿,4,火,1
匀,common,yún,勹,4,木,2
乌,common,"wū,wù",丿,4,火,1
勾,common,"gōu,gòu",勹,4,木,1
凤,common,fèng,几,4,水,4
六,common,"liù,lù",亠,4,火,4
文,common,wén,文,4,水,2
亢,common,"kàng,háng,gāng",亠,4,木,4
方,common,fāng,方,4,水,1
火,common,huǒ,火,4,火,3
为,common,"wéi,wèi",丶,4,土,2
斗,common,"dòu,dǒu",斗,4,火,4
忆,common,yì,忄,4,土,4
计,common,jì,讠,4,水,4
订,common,dìng,讠,4,火,4
户,common,hù,户,4,水,4
认,common,rèn,讠,4,金,4
冗,common,rǒng,冖,4,金,3
讥,common,jī,讠,4,木,1
心,common,xīn,心,4,金,1
尺,common,"chǐ,chě",尸,4,火,3
引,common,yǐn,弓,4,土,3
丑,common,chǒu,乛,4,土,3
巴,common,bā,巳,4,水,1
孔,common,kǒng,子,4,木,3
队,common,duì,阝,4,火,4
办,common,bàn,力,4,水,4
以,common,yǐ,人,4,土,3
允,common,yǔn,儿,4,土,3
予,common,"yǔ,yú",乛,4,土,3
邓,common,dèng,又,4,火,4
劝,common,quàn,又,4,木,4
双,common,shuāng,又,4,金,1
书,common,shū,乛,4,金,1
幻,common,huàn,幺,4,水,4
玉,common,yù,玉,5,木,4
刊,common,kān,刂,5,金,1
未,common,wèi,一,5,木,4
末,common,"mò,·me",一,5,水,4
示,common,shì,示,5,金,4
击,common,jī,凵,5,木,1
打,common,"dǎ,dá",扌,5,火,3
巧,common,qiǎo,工,5,木,3
正,common,"zhèng,zhēng",止,5,金,4
扑,common,pū,扌,5,水,1
卉,common,huì,十,5,木,4
扒,common,"bā,pá",扌,5,水,1
功,common,gōng,工,5,木,1
扔,common,rēng,扌,5,金,1
去,common,qù,土,5,木,4
甘,common,gān,甘,5,木,1
世,common,shì,一,5,金,4
艾,common,"ài,yì",艹,5,土,4
古,common,gǔ,十,5,木,3
节,common,"jié,jiē",艹,5,金,2
本,common,běn,木,5,木,3
术,common,"shù,zhú,shú",木,5,木,4
可,common,"kě,kè",口,5,木,3
丙,common,bǐng,一,5,火,3
左,common,zuǒ,工,5,火,3
厉,common,lì,厂,5,火,4
石,common,"shí,dàn",石,5,金,2
右,common,yòu,口,5,土,4
布,common,bù,巾,5,水,4
夯,common,"hāng,bèn",大,5,水,1
戊,common,wù,戈,5,土,4
龙,common,lóng,龙,5,火,2
平,common,píng,干,5,水,2
灭,common,miè,一,5,水,4
轧,common,"zhá,yà,gá",车,5,金,4
东,common,dōng,一,5,木,1
卡,common,"kǎ,qiǎ",⺊,5,木,3
北,common,"běi,bèi",匕,5,水,3
占,common,"zhàn,zhān",卜,5,金,4
凸,common,tū,丨,5,金,1
卢,common,lú,⺊,5,火,2
业,common,yè,业,5,木,4
旧,common,jiù,丨,5,木,4
帅,common,shuài,巾,5,金,4
归,common,guī,彐,5,木,1
旦,common,dàn,日,5,火,4
目,common,mù,目,5,水,4
且,common,"qiě,jū",丨,5,金,3
叶,common,"yè,xié",口,5,土,4
甲,common,jiǎ,丨,5,木,3
申,common,shēn,丨,5,金,1
叮,common,dīng,口,5,火,1
电,common,diàn,丨,5,火,4
号,common,"hào,háo",口,5,水,4
田,common,tián,田,5,火,2
由,common,yóu,丨,5,土,2
只,common,"zhī,zhǐ",口,5,火,3
叭,common,bā,口,5,水,1
史,common,shǐ,丨、口,5,金,3
央,common,yāng,大,5,土,1
兄,common,xiōng,儿,5,水,1
叽,common,jī,口,5,木,1
叼,common,diāo,口,5,金,1
叫,common,jiào,口,5,木,4
叩,common,kòu,口,5,木,4
叨,common,"dāo,dáo,tāo",口,5,火,1
另,common,lìng,口,5,火,4
叹,common,tàn,口,5,火,4
冉,common,rǎn,丨,5,火,3
皿,common,mǐn,皿,5,水,3
凹,common,"āo,wā",丨,5,土,1
囚,common,qiú,囗,5,木,2
四,common,sì,囗,5,金,4
生,common,shēng,生,5,金,1
矢,common,shǐ,矢,5,金,3
失,common,shī,丿,5,金,1
乍,common,zhà,丿,5,金,4
禾,common,hé,禾,5,水,2
丘,common,qiū,丿,5,木,1
付,common,fù,亻,5,水,4
仗,common,zhàng,亻,5,火,4
代,common,dài,亻,5,火,4
仙,common,xiān,亻,5,金,1
们,common,"mén,men",亻,5,水,5
仪,common,yí,亻,5,木,2
白,common,bái,白,5,水,2
仔,common,"zǎi,zǐ,zī",亻,5,土,3
他,common,tā,亻,5,火,1
斥,common,chì,斤,5,金,4
瓜,common,guā,瓜,5,木,1
乎,common,hū,丿,5,水,1
丛,common,cóng,一,5,火,2
令,common,"lìng,líng,lǐng",人,5,火,4
用,common,yòng,冂,5,土,4
甩,common,shuǎi,用,5,金,3
印,common,yìn,卩,5,水,4
尔,common,ěr,小,5,火,3
乐,common,"lè,yuè,yào,lào",丿,5,火,4
句,common,"jù,gōu",勹,5,木,4
匆,common,cōng,勹,5,水,1
册,common,cè,丿,5,金,4
卯,common,mǎo,卩,5,木,3
犯,common,fàn,犭,5,水,4
外,common,wài,夕,5,木,4
处,common,"chǔ,chù",夂,5,金,3
冬,common,dōng,夂,5,火,1
鸟,common,niǎo,鸟,5,土,3
务,common,wù,夊,5,水,4
包,common,bāo,勹,5,水,1
饥,common,jī,饣,5,木,1
主,common,zhǔ,亠,5,金,3
市,common,shì,亠,5,金,4
立,common,lì,立,5,火,4
冯,common,"féng,píng",冫,5,水,2
玄,common,xuán,亠,5,水,2
闪,common,shǎn,门,5,金,3
兰,common,lán,丷,5,木,2
半,common,bàn,丶,5,水,4
汁,common,zhī,氵,5,水,1
汇,common,huì,氵,5,水,4
头,common,"tóu,tou",大,5,火,2
汉,common,hàn,氵,5,水,4
宁,common,"níng,nìng",宀,5,火,2
穴,common,xué,穴,5,水,2
它,common,tā,宀,5,火,1
讨,common,tǎo,讠,5,火,3
写,common,xiě,冖,5,水,3
让,common,ràng,讠,5,火,4
礼,common,lǐ,礻,5,火,3
训,common,xùn,讠,5,水,4
议,common,yì,讠,5,木,4
必,common,bì,丶,5,水,4
讯,common,xùn,讠,5,火,4
记,common,jì,讠,5,木,4
永,common,yǒng,丶,5,土,3
司,common,sī,乛,5,金,1
尼,common,ní,尸,5,火,2
民,common,mín,乛,5,水,2
弗,common,fú,弓,5,水,2
弘,common,hóng,弓,5,水,2
出,common,chū,凵,5,金,1
辽,common,liáo,辶,5,火,2
奶,common,nǎi,女,5,火,3
奴,common,nú,女,5,火,2
召,common,"zhào,shào",刀,5,火,4
加,common,jiā,力,5,木,1
皮,common,pí,皮,5,水,2
边,common,"biān,bian",辶,5,水,1
孕,common,yùn,子,5,土,4
发,common,"fā,fà",又,5,水,1
圣,common,shèng,又,5,土,4
对,common,duì,又,5,火,4
台,common,"tái,tāi",厶,5,火,2
矛,common,máo,矛,5,水,2
纠,common,jiū,纟,5,木,1
母,common,mǔ,母,5,水,3
幼,common,yòu,幺,5,土,4
丝,common,sī,一,5,金,1
邦,common,bāng,阝,6,水,1
式,common,shì,弋,6,金,4
迂,common,yū,辶,6,土,1
刑,common,xíng,刂,6,水,2
戎,common,róng,戈,6,木,2
动,common,dòng,力,6,火,4
扛,common,"káng,gāng",扌,6,木,2
寺,common,sì,土,6,金,4
吉,common,jí,口,6,木,2
扣,common,kòu,扌,6,木,4
考,common,kǎo,耂,6,木,3
托,common,tuō,扌,6,火,1
老,common,lǎo,老,6,火,3
巩,common,gǒng,工,6,木,3
圾,common,jī,土,6,土,1
执,common,zhí,扌,6,火,2
扩,common,kuò,扌,6,木,4
扫,common,"sǎo,sào",扌,6,金,3
地,common,"dì,de",土,6,土,4
场,common,"chǎng,cháng",土,6,火,3
扬,common,yáng,扌,6,火,2
耳,common,ěr,耳,6,火,3
芋,common,yù,艹,6,木,4
共,common,"gòng,gōng",八,6,木,4
芒,common,máng,艹,6,木,2
亚,common,yà,一,6,土,4
芝,common,zhī,艹,6,木,1
朽,common,xiǔ,木,6,木,3
朴,common,"pǔ,piáo,pò,pō",木,6,木,4
机,common,jī,木,6,木,1
权,common,quán,木,6,木,2
过,common,"guò,guo,guō",辶,6,木,4
臣,common,chén,臣,6,金,2
吏,common,lì,口,6,金,4
再,common,zài,一,6,金,4
协,common,xié,十,6,水,2
西,common,xī,覀,6,金,1
压,common,"yā,yà",厂,6,土,1
厌,common,yàn,厂,6,木,4
戌,common,"qu,xū",戈,6,土,1
在,common,zài,土,6,金,4
百,common,bǎi,一,6,水,3
有,common,"yǒu,yòu",NULL,6,土,3
存,common,cún,子,6,金,2
而,common,ér,而,6,金,2
页,common,yè,页,6,金,4
匠,common,jiàng,匚,6,火,4
夸,common,"kuā,kuà",大,6,木,1
夺,common,duó,大,6,火,2
灰,common,huī,火,6,土,1
达,common,dá,辶,6,火,2
列,common,liè,刂,6,金,4
死,common,sǐ,歹,6,金,3
成,common,chéng,戈,6,金,2
夹,common,"jiā,jiá,gā,xiá",一,6,木,1
夷,common,yí,一,6,土,2
轨,common,guǐ,车,6,木,3
邪,common,"xié,yé,yá,yú,xú",牙,6,水,2
尧,common,yáo,兀,6,木,2
划,common,"huá,huà,huai",刂,6,金,4
迈,common,mài,辶,6,水,4
毕,common,bì,比,6,水,4
至,common,zhì,至,6,火,4
此,common,cǐ,止,6,金,3
贞,common,zhēn,⺊,6,火,1
师,common,shī,丨,6,金,1
尘,common,chén,小,6,火,2
尖,common,jiān,小,6,火,1
劣,common,liè,力,6,火,4
光,common,guāng,⺌,6,火,1
当,common,"dāng,dàng",⺌,6,火,1
早,common,zǎo,日,6,金,3
吁,common,"xū,yū,yù",口,6,木,4
吐,common,"tǔ,tù",口,6,土,3
吓,common,"xià,hè",口,6,木,4
虫,common,chóng,虫,6,火,2
曲,common,"qǔ,qū",丨,6,木,3
团,common,tuán,囗,6,火,2
吕,common,lǚ,口,6,火,3
同,common,"tóng,tòng",冂,6,火,2
吊,common,diào,口,6,火,4
吃,common,chī,口,6,火,1
因,common,yīn,囗,6,土,1
吸,common,xī,口,6,金,1
吗,common,"ma,má,mǎ",口,6,水,5
吆,common,yāo,口,6,火,1
屿,common,yǔ,山,6,土,3
屹,common,yì,山,6,土,4
岁,common,suì,山,6,金,4
帆,common,fān,巾,6,水,1
回,common,huí,囗,6,水,2
岂,common,"qǐ,kǎi",山,6,木,3
则,common,zé,贝,6,金,2
刚,common,gāng,刂,6,金,1
网,common,wǎng,冂,6,水,3
肉,common,ròu,肉,6,火,4
年,common,nián,丿,6,火,2
朱,common,"zhū,shú",丿,6,木,1
先,common,xiān,儿,6,金,1
丢,common,diū,厶,6,金,1
廷,common,tíng,廴,6,火,2
舌,common,shé,舌,6,金,2
竹,common,zhú,竹,6,木,2
迁,common,qiān,辶,6,金,1
乔,common,qiáo,丿,6,木,2
迄,common,qì,辶,6,水,4
伟,common,wěi,亻,6,土,3
传,common,"chuán,zhuàn",亻,6,火,2
乒,common,pīng,丿,6,水,1
乓,common,pāng,丿,6,火,1
休,common,"xiū,xǔ",亻,6,水,1
伍,common,wǔ,亻,6,土,3
伏,common,fú,亻,6,水,2
优,common,yōu,亻,6,土,1
臼,common,jiù,臼,6,木,4
伐,common,fá,亻,6,水,2
延,common,yán,廴,6,土,2
仲,common,zhòng,亻,6,火,4
件,common,jiàn,亻,6,木,4
任,common,"rèn,rén",亻,6,金,4
伤,common,shāng,亻,6,金,1
价,common,"jià,jie,jiè",亻,6,木,4
伦,common,lún,亻,6,火,2
份,common,"fèn,bīn",亻,6,水,4
华,common,"huá,huā,huà",十,6,水,2
仰,common,"yǎng,áng",亻,6,木,3
仿,common,fǎng,亻,6,水,3
伙,common,huǒ,亻,6,火,3
伪,common,wěi,亻,6,木,3
自,common,zì,自,6,火,4
伊,common,yī,亻,6,土,1
血,common,"xuè,xiě",血,6,水,4
向,common,xiàng,口,6,水,4
似,common,"sì,shì",亻,6,土,4
后,common,hòu,口,6,水,4
行,common,"háng,hàng,héng,xíng",彳,6,水,2
舟,common,zhōu,舟,6,金,1
全,common,quán,人,6,火,2
会,common,"huì,kuài",人,6,水,4
杀,common,shā,朩,6,水,1
合,common,"hé,gě",人,6,水,2
兆,common,zhào,儿,6,火,4
企,common,qǐ,人,6,木,3
众,common,zhòng,人,6,金,4
爷,common,yé,父,6,土,2
伞,common,sǎn,人,6,金,3
创,common,"chuàng,chuāng",刂,6,金,4
肌,common,jī,月,6,木,1
肋,common,"lèi,lē",月,6,火,4
朵,common,duǒ,几,6,木,3
杂,common,zá,朩,6,水,2
危,common,wēi,㔾,6,水,1
旬,common,xún,日,6,金,2
旨,common,zhǐ,匕,6,火,3
旭,common,xù,日,6,木,4
负,common,fù,贝,6,水,4
匈,common,xiōng,勹,6,金,1
名,common,míng,夕,6,水,2
各,common,"gè,gě",夂,6,木,4
多,common,duō,夕,6,火,1
争,common,zhēng,⺈,6,火,1
色,common,"sè,shǎi",色,6,金,4
壮,common,zhuàng,丬,6,金,4
冲,common,"chōng,chòng",冫,6,金,1
妆,common,zhuāng,丬,6,金,1
冰,common,bīng,冫,6,水,1
庄,common,zhuāng,广,6,金,1
庆,common,qìng,广,6,木,4
亦,common,yì,亠,6,土,4
刘,common,liú,文,6,火,2
齐,common,"qí,jì,zī,zhāi",齐,6,金,2
交,common,jiāo,亠,6,木,1
衣,common,"yī,yì",衣,6,土,1
次,common,cì,欠,6,金,4
产,common,chǎn,立,6,金,3
决,common,jué,冫,6,火,2
亥,common,hài,亠,6,水,4
充,common,chōng,亠,6,土,1
妄,common,wàng,女,6,火,4
闭,common,bì,门,6,水,4
问,common,wèn,门,6,金,4
闯,common,chuǎng,门,6,水,3
羊,common,"yáng,xiáng",羊,6,土,2
并,common,"bìng,bīng",丷,6,水,4
关,common,guān,丷,6,木,1
米,common,mǐ,米,6,水,3
灯,common,dēng,火,6,火,1
州,common,zhōu,丶,6,金,1
汗,common,"hàn,hán",氵,6,水,4
污,common,wū,氵,6,水,1
江,common,jiāng,氵,6,水,1
汛,common,xùn,氵,6,水,4
池,common,chí,氵,6,水,2
汝,common,rǔ,氵,6,水,3
汤,common,"tāng,shāng",氵,6,水,1
忙,common,máng,忄,6,水,2
兴,common,"xīng,xìng",八,6,水,1
宇,common,yǔ,宀,6,土,3
守,common,shǒu,宀,6,金,3
宅,common,zhái,宀,6,火,2
字,common,zì,宀,6,金,4
安,common,ān,宀,6,土,1
讲,common,jiǎng,讠,6,木,3
讳,common,huì,讠,6,水,4
军,common,jūn,冖,6,木,1
讶,common,yà,讠,6,土,4
许,common,"xǔ,hǔ",讠,6,木,3
讹,common,é,讠,6,水,2
论,common,"lùn,lún",讠,6,火,4
讼,common,sòng,讠,6,金,4
农,common,nóng,丶,6,火,2
讽,common,fěng,讠,6,水,3
设,common,shè,讠,6,金,4
访,common,fǎng,讠,6,水,3
诀,common,jué,讠,6,火,2
寻,common,xún,彐,6,火,2
那,common,"nà,nèi,nā",阝,6,火,4
迅,common,xùn,辶,6,火,4
尽,common,"jìn,jǐn",尸,6,火,3
导,common,dǎo,巳,6,火,3
异,common,yì,巳,6,土,4
弛,common,chí,弓,6,火,2
孙,common,"sūn,xùn",子,6,金,1
阵,common,zhèn,阝,6,火,4
阳,common,yáng,阝,6,土,2
收,common,shōu,攵,6,水,1
阶,common,jiē,阝,6,木,1
阴,common,yīn,阝,6,土,1
防,common,fáng,阝,6,水,2
奸,common,jiān,女,6,木,1
如,common,rú,女,6,金,2
妇,common,fù,女,6,水,4
妃,common,"fēi,pèi",女,6,水,1
好,common,"hǎo,hào",女,6,水,3
她,common,"tā,jiě",女,6,火,1
妈,common,mā,女,6,水,1
戏,common,"xì,hū",又,6,金,4
羽,common,yǔ,羽,6,土,3
观,common,"guān,guàn",又,6,木,1
欢,common,huān,又,6,水,1
买,common,mǎi,乛,6,水,3
红,common,"hóng,gōng",纟,6,水,2
驮,common,"tuó,duò",马,6,火,2
纤,common,"xiān,qiàn",纟,6,金,1
驯,common,xùn,马,6,金,4
约,common,"yuē,yāo",纟,6,土,1
级,common,jí,纟,6,木,2
纪,common,"jì,jǐ",纟,6,木,4
驰,common,chí,马,6,火,2
纫,common,rèn,纟,6,金,4
巡,common,xún,辶,6,金,2
寿,common,shòu,寸,7,金,4
弄,common,"nòng,lòng",王,7,火,4
麦,common,mài,麦,7,水,4
玖,common,jiǔ,王,7,木,3
玛,common,mǎ,王,7,水,3
形,common,xíng,彡,7,水,2
进,common,jìn,辶,7,火,4
戒,common,jiè,戈,7,水,4
吞,common,tūn,口,7,火,1
远,common,"yuǎn,yuàn",辶,7,土,3
违,common,wéi,辶,7,土,2
韧,common,rèn,韦,7,金,4
运,common,yùn,辶,7,土,4
扶,common,fú,扌,7,水,2
抚,common,fǔ,扌,7,水,3
坛,common,tán,土,7,土,2
技,common,jì,扌,7,木,4
坏,common,"huài,pī,pēi,péi",土,7,土,4
抠,common,kōu,扌,7,木,1
扰,common,rǎo,扌,7,水,3
扼,common,è,扌,7,木,4
拒,common,jù,扌,7,木,4
找,common,zhǎo,扌,7,火,3
批,common,pī,扌,7,水,1
址,common,zhǐ,土,7,土,3
扯,common,chě,扌,7,金,3
走,common,zǒu,走,7,金,3
抄,common,chāo,扌,7,金,1
贡,common,gòng,贝,7,木,4
汞,common,gǒng,水,7,水,3
坝,common,bà,土,7,土,4
攻,common,gōng,攵,7,木,1
赤,common,chì,赤,7,金,4
折,common,"shé,zhé,zhē",扌,7,火,2
抓,common,zhuā,扌,7,金,1
扳,common,"bān,pān",扌,7,水,1
抡,common,"lún,lūn",扌,7,火,2
扮,common,bàn,扌,7,水,4
抢,common,"qiǎng,qiāng,chēng",扌,7,金,3
孝,common,xiào,耂,7,水,4
坎,common,kǎn,土,7,土,3
均,common,jūn,土,7,土,1
抑,common,yì,扌,7,土,4
抛,common,pāo,扌,7,水,1
投,common,tóu,扌,7,火,2
坟,common,fén,土,7,土,2
坑,common,kēng,土,7,土,1
抗,common,kàng,扌,7,木,4
坊,common,"fāng,fáng",土,7,土,1
抖,common,dǒu,扌,7,火,3
护,common,hù,扌,7,水,4
壳,common,"ké,qiào",士,7,木,4
志,common,zhì,士,7,火,4
块,common,kuài,土,7,土,4
扭,common,niǔ,扌,7,水,3
声,common,shēng,士,7,金,1
把,common,"bǎ,bà",扌,7,水,3
报,common,bào,扌,7,水,4
拟,common,nǐ,扌,7,木,3
却,common,què,卩,7,木,4
抒,common,shū,扌,7,金,1
劫,common,jié,力,7,木,2
芙,common,fú,艹,7,木,2
芜,common,wú,艹,7,木,2
苇,common,wěi,艹,7,木,3
芽,common,yá,艹,7,木,2
花,common,huā,艹,7,木,1
芹,common,qín,艹,7,木,2
芥,common,"jiè,gài",艹,7,木,4
芬,common,fēn,艹,7,木,1
苍,common,cāng,艹,7,木,1
芳,common,fāng,艹,7,木,1
严,common,yán,一,7,木,2
芦,common,lú,艹,7,木,2
芯,common,"xīn,xìn",艹,7,木,1
劳,common,láo,艹,7,火,2
克,common,kè,十,7,木,4
芭,common,bā,艹,7,木,1
苏,common,"sū,sù",艹,7,木,1
杆,common,"gǎn,gān",木,7,木,1
杠,common,"gàng,gāng",木,7,木,1
杜,common,dù,木,7,木,4
材,common,cái,木,7,木,2
村,common,cūn,木,7,木,1
杖,common,zhàng,木,7,木,4
杏,common,xìng,木,7,木,4
杉,common,"shān,shā",木,7,木,1
巫,common,wū,工,7,火,1
极,common,jí,木,7,木,2
李,common,lǐ,木,7,火,3
杨,common,yáng,木,7,木,2
求,common,qiú,一,7,火,2
甫,common,fǔ,一,7,水,3
匣,common,xiá,匚,7,木,2
更,common,"gēng,gèng",一,7,木,4
束,common,shù,一,7,金,4
吾,common,"wú,yù",口,7,木,2
豆,common,dòu,豆,7,火,4
两,common,liǎng,一,7,火,3
酉,common,yǒu,酉,7,金,3
丽,common,"lì,lí",一,7,火,4
医,common,yī,匚,7,土,1
辰,common,chén,辰,7,土,2
励,common,lì,力,7,火,4
否,common,"fǒu,pǐ",口,7,水,3
还,common,"hái,huán",辶,7,水,2
尬,common,gà,尢,7,木,4
歼,common,jiān,歹,7,木,1
来,common,lái,一,7,火,2
连,common,lián,辶,7,火,2
轩,common,xuān,车,7,土,1
步,common,bù,止,7,水,4
卤,common,lǔ,卤,7,火,3
坚,common,jiān,土,7,木,1
肖,common,"xiào,xiāo",⺌,7,木,4
旱,common,hàn,日,7,木,4
盯,common,dīng,目,7,火,1
呈,common,chéng,口,7,火,2
时,common,shí,日,7,金,2
吴,common,wú,口,7,木,2
助,common,"zhù,chú",力,7,金,4
县,common,"xiàn,xuán",厶,7,木,4
里,common,"lǐ,li",里,7,火,3
呆,common,dāi,口,7,水,1
吱,common,"zī,zhī",口,7,金,1
吠,common,fèi,口,7,水,4
呕,common,"ǒu,ōu,òu",口,7,土,3
园,common,yuán,囗,7,土,2
旷,common,kuàng,日,7,木,4
围,common,wéi,囗,7,土,2
呀,common,"yā,ya",口,7,土,1
吨,common,dūn,口,7,火,1
足,common,zú,足,7,火,2
邮,common,yóu,阝,7,土,2
男,common,nán,田,7,火,2
困,common,kùn,囗,7,木,4
吵,common,"chǎo,chāo",口,7,金,3
串,common,chuàn,丨,7,金,4
员,common,"yuán,yún,yùn",口,7,土,2
呐,common,"nà,·ne",口,7,火,4
听,common,tīng,口,7,火,1
吟,common,yín,口,7,木,2
吩,common,fēn,口,7,水,1
呛,common,"qiāng,qiàng",口,7,木,1
吻,common,wěn,口,7,金,3
吹,common,chuī,口,7,金,1
呜,common,wū,口,7,土,1
吭,common,"kēng,háng",口,7,火,2
吧,common,"bā,ba",口,7,水,5
邑,common,yì,邑,7,土,4
吼,common,hǒu,口,7,木,3
囤,common,"dùn,tún",囗,7,火,4
别,common,"bié,biè",刂,7,水,2
吮,common,shǔn,口,7,金,3
岖,common,qū,山,7,土,1
岗,common,"gǎng,gāng",山,7,土,3
帐,common,zhàng,巾,7,火,4
财,common,cái,贝,7,金,2
针,common,zhēn,钅,7,金,1
钉,common,"dīng,dìng",钅,7,金,1
牡,common,mǔ,牜,7,土,3
告,common,gào,口,7,木,4
我,common,wǒ,戈,7,木,3
乱,common,luàn,舌,7,火,4
利,common,lì,禾,7,火,4
秃,common,tū,禾,7,土,1
秀,common,xiù,禾,7,金,4
私,common,sī,禾,7,金,1
每,common,měi,母,7,水,3
兵,common,bīng,八,7,水,1
估,common,"gū,gù",亻,7,木,1
体,common,"tǐ,tī",亻,7,火,3
何,common,"hé,hè,hē",亻,7,木,2
佐,common,zuǒ,亻,7,金,3
佑,common,yòu,亻,7,土,4
但,common,dàn,亻,7,火,4
伸,common,shēn,亻,7,金,1
佃,common,"diàn,tián",亻,7,火,4
作,common,"zuò,zuō",亻,7,金,4
伯,common,"bǎi,bó",亻,7,水,2
伶,common,líng,亻,7,火,2
佣,common,"yōng,yòng",亻,7,土,1
低,common,dī,亻,7,火,1
你,common,nǐ,亻,7,木,3
住,common,zhù,亻,7,火,4
位,common,wèi,亻,7,土,4
伴,common,bàn,亻,7,水,4
身,common,shēn,身,7,金,1
皂,common,zào,白,7,金,4
伺,common,"sì,cì",亻,7,金,4
佛,common,"fó,fú,bì,bó",亻,7,水,2
近,common,jìn,辶,7,木,4
彻,common,chè,彳,7,火,4
役,common,yì,彳,7,土,4
返,common,fǎn,辶,7,水,3
余,common,yú,人,7,土,2
希,common,xī,巾,7,水,1
坐,common,zuò,土,7,金,4
谷,common,"gǔ,yù",谷,7,木,3
妥,common,tuǒ,爫,7,火,3
含,common,hán,口,7,水,2
邻,common,lín,阝,7,火,2
岔,common,chà,八,7,金,4
肝,common,gān,月,7,木,1
肛,common,gāng,月,7,木,1
肚,common,"dù,dǔ",月,7,土,4
肘,common,zhǒu,月,7,金,3
肠,common,cháng,月,7,金,2
龟,common,"guī,jūn,qiū",龟,7,木,1
甸,common,"diàn,tián,shèng",勹,7,火,4
免,common,miǎn,⺈,7,火,3
狂,common,kuáng,犭,7,木,2
犹,common,yóu,犭,7,土,2
狈,common,bèi,犭,7,水,4
角,common,"jiǎo,jué",角,7,木,3
删,common,shān,刂,7,金,1
条,common,"tiáo,tiāo",夂,7,火,2
彤,common,tóng,彡,7,火,2
卵,common,luǎn,丿,7,火,3
灸,common,jiǔ,火,7,火,3
岛,common,dǎo,山,7,火,3
刨,common,"páo,bào",刂,7,金,4
迎,common,yíng,辶,7,土,2
饭,common,fàn,饣,7,水,4
饮,common,"yǐn,yìn",饣,7,土,3
系,common,"xì,jì",丿,7,金,4
言,common,yán,言,7,木,2
冻,common,dòng,冫,7,火,4
状,common,zhuàng,丬,7,水,4
亩,common,mǔ,亠,7,水,3
况,common,kuàng,冫,7,水,4
床,common,chuáng,广,7,木,2
库,common,kù,广,7,木,4
庇,common,bì,广,7,水,4
疗,common,liáo,疒,7,火,2
吝,common,lìn,文,7,火,4
应,common,"yìng,yīng",广,7,土,1
这,common,"zhè,zhèi",辶,7,火,4
冷,common,lěng,冫,7,水,3
庐,common,lú,广,7,火,2
序,common,xù,广,7,金,4
辛,common,xīn,辛,7,金,1
弃,common,qì,廾,7,木,4
冶,common,yě,冫,7,土,3
忘,common,wàng,心,7,水,4
闰,common,rùn,门,7,火,4
闲,common,xián,门,7,水,2
间,common,"jiān,jiàn",门,7,木,1
闷,common,"mèn,mēn",门,7,水,4
判,common,pàn,刂,7,金,4
兑,common,"duì,ruì,yuè",丷,7,金,4
灶,common,zào,火,7,火,4
灿,common,càn,火,7,火,4
灼,common,zhuó,火,7,火,2
弟,common,"dì,tì,tuí",丷,7,火,4
汪,common,wāng,氵,7,水,1
沐,common,mù,氵,7,水,4
沛,common,pèi,氵,7,水,4
汰,common,tài,氵,7,水,4
沥,common,lì,氵,7,水,4
沙,common,"shā,shà",氵,7,水,1
汽,common,qì,氵,7,水,4
沃,common,wò,氵,7,水,4
沦,common,lún,氵,7,水,2
汹,common,xiōng,氵,7,水,1
泛,common,fàn,氵,7,水,4
沧,common,cāng,氵,7,水,1
没,common,"méi,mò",氵,7,水,2
沟,common,gōu,氵,7,水,1
沪,common,hù,氵,7,水,4
沈,common,"shěn,chén",氵,7,水,3
沉,common,chén,氵,7,水,2
沁,common,qìn,氵,7,水,4
怀,common,huái,忄,7,水,2
忧,common,yōu,忄,7,土,1
忱,common,chén,忄,7,金,2
快,common,kuài,忄,7,木,4
完,common,wán,宀,7,土,2
宋,common,sòng,宀,7,金,4
宏,common,hóng,宀,7,水,2
牢,common,láo,宀,7,火,2
究,common,jiū,穴,7,木,1
穷,common,qióng,穴,7,木,2
灾,common,zāi,宀,7,火,1
良,common,liáng,丶,7,火,2
证,common,zhèng,讠,7,火,4
启,common,qǐ,户,7,木,3
评,common,píng,讠,7,水,2
补,common,bǔ,衤,7,水,3
初,common,chū,衤,7,金,1
社,common,shè,礻,7,金,4
祀,common,sì,礻,7,金,4
识,common,"shí,zhì",讠,7,金,1
诈,common,zhà,讠,7,金,4
诉,common,sù,讠,7,金,4
罕,common,hǎn,干,7,水,3
诊,common,zhěn,讠,7,火,3
词,common,cí,讠,7,金,2
译,common,yì,讠,7,金,4
君,common,jūn,口,7,木,1
灵,common,líng,彐,7,火,2
即,common,jí,卩,7,水,2
层,common,céng,尸,7,火,2
屁,common,pì,尸,7,水,4
尿,common,"niào,suī",尸,7,水,4
尾,common,"wěi,yǐ",尸,7,水,3
迟,common,chí,辶,7,金,2
局,common,jú,尸,7,木,2
改,common,gǎi,己,7,木,3
张,common,zhāng,弓,7,火,1
忌,common,jì,心,7,木,4
际,common,jì,阝,7,火,4
陆,common,"lù,liù",阝,7,火,4
阿,common,"ā,ē,·a",阝,7,土,1
陈,common,chén,阝,7,火,2
阻,common,zǔ,阝,7,金,3
附,common,fù,阝,7,土,4
坠,common,zhuì,土,7,土,4
妓,common,jì,女,7,木,4
妙,common,miào,女,7,水,4
妖,common,yāo,女,7,火,1
姊,common,zǐ,女,7,火,3
妨,common,fáng,女,7,水,2
妒,common,dù,女,7,火,4
努,common,nǔ,力,7,火,3
忍,common,rěn,心,7,金,3
劲,common,"jìn,jìng",力,7,木,4
矣,common,yǐ,矢,7,土,3
鸡,common,jī,又、鸟,7,木,1
纬,common,wěi,纟,7,土,3
驱,common,qū,马,7,木,1
纯,common,chún,纟,7,金,2
纱,common,shā,纟,7,水,1
纲,common,gāng,纟,7,木,1
纳,common,nà,纟,7,火,4
驳,common,bó,马,7,水,2
纵,common,"zòng,zǒng",纟,7,火,4
纷,common,fēn,纟,7,水,1
纸,common,zhǐ,纟,7,金,3
纹,common,"wén,wèn",纟,7,水,2
纺,common,fǎng,纟,7,水,3
驴,common,lǘ,马,7,火,2
纽,common,niǔ,纟,7,水,3
奉,common,fèng,一,8,水,4
玩,common,wán,王,8,木,2
环,common,huán,王,8,金,2
武,common,wǔ,止,8,水,3
青,common,qīng,青,8,金,1
责,common,"zé,zhài",贝,8,金,2
现,common,xiàn,王,8,水,4
玫,common,méi,王,8,水,2
表,common,biǎo,一,8,水,3
规,common,guī,见,8,木,1
抹,common,"mǒ,mò,mā",扌,8,水,3
卦,common,guà,卜,8,水,4
坷,common,"kē,kě",土,8,土,3
坯,common,pī,土,8,土,1
拓,common,"tuò,tà,zhí",扌,8,火,4
拢,common,lǒng,扌,8,火,3
拔,common,bá,扌,8,水,2
坪,common,píng,土,8,土,2
拣,common,jiǎn,扌,8,木,3
坦,common,tǎn,土,8,土,3
担,common,"dān,dàn,dǎn",扌,8,火,1
坤,common,kūn,土,8,土,1
押,common,yā,扌,8,土,1
抽,common,chōu,扌,8,火,1
拐,common,guǎi,扌,8,火,3
拖,common,tuō,扌,8,火,1
者,common,zhě,耂,8,火,3
拍,common,pāi,扌,8,水,1
顶,common,dǐng,页,8,火,3
拆,common,"chāi,cā",扌,8,金,1
拎,common,līn,扌,8,火,1
拥,common,yōng,扌,8,土,1
抵,common,dǐ,扌,8,火,3
拘,common,"jū,gōu",扌,8,木,1
势,common,shì,力,8,金,4
抱,common,bào,扌,8,水,4
拄,common,zhǔ,扌,8,金,3
垃,common,lā,土,8,土,1
拉,common,"lā,lá,lǎ,là",扌,8,火,1
拦,common,lán,扌,8,木,2
幸,common,xìng,土,8,水,4
拌,common,"bàn,pàn",扌,8,水,4
拧,common,"nǐng,níng,nìng",扌,8,金,3
拂,common,"fú,bì",扌,8,水,2
拙,common,zhuō,扌,8,金,1
招,common,zhāo,扌,8,火,1
坡,common,pō,土,8,土,1
披,common,pī,扌,8,水,1
拨,common,bō,扌,8,水,1
择,common,"zé,zhái",扌,8,火,2
抬,common,tái,扌,8,火,2
拇,common,mǔ,扌,8,水,3
拗,common,"niù,ào,ǎo",扌,8,土,4
其,common,"qí,jī",八,8,木,2
取,common,qǔ,耳,8,金,3
茉,common,mò,艹,8,木,4
苦,common,kǔ,艹,8,木,3
昔,common,xī,日,8,金,1
苛,common,"kē,hē",艹,8,木,1
若,common,"ruò,rě",艹,8,木,4
茂,common,mào,艹,8,木,4
苹,common,"píng,pēng",艹,8,木,2
苗,common,miáo,艹,8,水,2
英,common,yīng,艹,8,木,1
苟,common,gǒu,艹,8,木,3
苑,common,yuàn,艹,8,木,4
苞,common,bāo,艹,8,木,1
范,common,fàn,艹,8,水,4
直,common,zhí,十,8,火,2
茁,common,zhuó,艹,8,木,2
茄,common,"qié,jiā",艹,8,木,2
茎,common,jīng,艹,8,木,1
苔,common,"tái,tāi",艹,8,木,2
茅,common,máo,艹,8,木,2
枉,common,wǎng,木,8,木,3
林,common,lín,木,8,木,2
枝,common,"zhī,qí",木,8,木,1
杯,common,bēi,木,8,木,1
枢,common,shū,木,8,木,1
柜,common,"guì,jǔ",木,8,木,3
枚,common,méi,木,8,木,2
析,common,xī,木,8,木,1
板,common,bǎn,木,8,木,3
松,common,sōng,木,8,木,1
枪,common,qiāng,木,8,木,1
枫,common,fēng,木,8,木,1
构,common,gòu,木,8,木,4
杭,common,háng,木,8,木,2
杰,common,jié,木,8,木,2
述,common,shù,辶,8,金,4
枕,common,zhěn,木,8,木,3
丧,common,"sàng,sāng",十,8,金,1
或,common,huò,戈,8,水,4
画,common,huà,一,8,土,4
卧,common,wò,臣,8,木,4
事,common,shì,一,8,金,4
刺,common,"cì,cī",刂,8,金,4
枣,common,zǎo,木,8,金,3
雨,common,"yǔ,yù",雨,8,水,3
卖,common,mài,十,8,水,4
郁,common,yù,阝,8,水,4
矾,common,fán,石,8,土,2
矿,common,kuàng,石,8,土,4
码,common,mǎ,石,8,水,3
厕,common,cè,厂,8,金,4
奈,common,nài,大,8,火,4
奔,common,"bēn,bèn",大,8,水,1
奇,common,"qí,jī",大,8,木,2
奋,common,fèn,大,8,水,4
态,common,tài,心,8,火,4
欧,common,ōu,欠,8,土,1
殴,common,ōu,殳,8,土,1
垄,common,lǒng,土,8,土,3
妻,common,"qī,qì",女,8,金,1
轰,common,hōng,车,8,水,1
顷,common,qǐng,页,8,木,3
转,common,"zhuǎn,zhuàn,zhuǎi",车,8,火,3
斩,common,zhǎn,斤,8,火,3
轮,common,lún,车,8,火,2
软,common,ruǎn,车,8,火,3
到,common,dào,至,8,火,4
非,common,fēi,非,8,水,1
叔,common,shū,又,8,金,1
歧,common,qí,止,8,木,2
肯,common,kěn,止,8,木,3
齿,common,chǐ,齿,8,火,3
些,common,xiē,止,8,金,1
卓,common,zhuó,十,8,火,2
虎,common,hǔ,虎,8,水,3
虏,common,lǔ,虍,8,火,3
肾,common,shèn,月,8,金,4
贤,common,xián,贝,8,木,2
尚,common,shàng,⺌,8,金,4
旺,common,wàng,日,8,土,4
具,common,jù,八,8,木,4
味,common,wèi,口,8,水,4
果,common,guǒ,丨、木,8,木,3
昆,common,kūn,日,8,火,1
国,common,guó,囗,8,木,2
哎,common,āi,口,8,火,1
咕,common,gū,口,8,木,1
昌,common,chāng,日,8,金,1
呵,common,"hē,ā,á,ǎ,à,a,kē",口,8,水,1
畅,common,chàng,丨,8,火,4
明,common,míng,日,8,水,2
易,common,yì,日,8,火,4
咙,common,lóng,口,8,火,2
昂,common,áng,日,8,木,2
迪,common,dí,辶,8,火,2
典,common,diǎn,八,8,火,3
固,common,gù,囗,8,木,4
忠,common,zhōng,心,8,火,1
呻,common,shēn,口,8,金,1
咒,common,zhòu,几,8,金,4
咋,common,"zǎ,zé,zhā",口,8,金,3
咐,common,fù,口,8,水,4
呼,common,hū,口,8,水,1
鸣,common,míng,口,8,水,2
咏,common,yǒng,口,8,土,3
呢,common,"ne,ní",口,8,木,2
咄,common,duō,口,8,火,1
咖,common,"kā,gā",口,8,木,1
岸,common,àn,山,8,水,4
岩,common,yán,山,8,土,2
帖,common,"tiē,tiě,tiè",巾,8,火,1
罗,common,luó,罒,8,火,2
帜,common,zhì,巾,8,金,4
帕,common,pà,巾,8,土,4
岭,common,lǐng,山,8,土,3
凯,common,kǎi,几,8,木,3
败,common,bài,贝,8,水,4
账,common,zhàng,贝,8,火,4
贩,common,fàn,贝,8,水,4
贬,common,biǎn,贝,8,水,3
购,common,gòu,贝,8,木,4
贮,common,zhù,贝,8,金,4
图,common,tú,囗,8,火,2
钓,common,diào,钅,8,金,4
制,common,zhì,刂,8,火,4
知,common,"zhī,zhì",矢,8,火,1
迭,common,dié,辶,8,木,2
氛,common,fēn,气,8,水,1
垂,common,chuí,丿,8,金,2
牧,common,mù,牜,8,水,4
物,common,wù,牜,8,水,4
乖,common,guāi,丿,8,木,1
刮,common,guā,舌,8,金,1
秆,common,gǎn,禾,8,木,3
和,common,"hé,hè,huò,huó,hú",禾,8,水,2
季,common,jì,禾,8,木,4
委,common,"wěi,wēi",禾,8,土,3
秉,common,bǐng,丿,8,水,3
佳,common,jiā,亻,8,木,1
侍,common,shì,亻,8,火,4
岳,common,yuè,山,8,木,4
供,common,"gòng,gōng",亻,8,木,1
使,common,shǐ,亻,8,金,3
例,common,lì,亻,8,火,4
侠,common,xiá,亻,8,木,2
侥,common,"yáo,jiǎo",亻,8,木,3
版,common,bǎn,片,8,水,3
侄,common,zhí,亻,8,金,2
侦,common,zhēn,亻,8,火,1
侣,common,lǚ,亻,8,火,3
侧,common,"cè,zè,zhāi",亻,8,金,4
凭,common,píng,几,8,金,2
侨,common,qiáo,亻,8,木,2
佩,common,pèi,亻,8,水,4
货,common,huò,贝,8,水,4
侈,common,chǐ,亻,8,火,3
依,common,yī,亻,8,土,1
卑,common,bēi,十,8,水,1
的,common,"de,dí,dì,dī",白,8,火,5
迫,common,"pò,pǎi",辶,8,水,4
质,common,zhì,⺁,8,火,4
欣,common,xīn,斤,8,木,1
征,common,zhēng,彳,8,火,1
往,common,wǎng,彳,8,土,3
爬,common,pá,爪,8,土,2
彼,common,bǐ,彳,8,水,3
径,common,jìng,彳,8,木,4
所,common,suǒ,户,8,金,3
舍,common,"shè,shě",人,8,金,4
金,common,jīn,金,8,金,1
刹,common,"shā,chà",刂,8,金,4
命,common,mìng,人,8,水,4
肴,common,yáo,月,8,土,2
斧,common,fǔ,父,8,木,3
爸,common,bà,父,8,水,4
采,common,"cǎi,cài",爫,8,火,3
觅,common,mì,爫,8,水,4
受,common,shòu,又,8,金,4
乳,common,rǔ,爫、乚,8,火,3
贪,common,tān,贝,8,火,1
念,common,niàn,人,8,火,4
贫,common,pín,贝,8,水,2
忿,common,fèn,心,8,水,4
肤,common,fū,月,8,水,1
肺,common,fèi,月,8,金,4
肢,common,zhī,月,8,火,1
肿,common,zhǒng,月,8,火,3
胀,common,zhàng,月,8,火,4
朋,common,péng,月,8,水,2
股,common,gǔ,月,8,木,3
肮,common,āng,月,8,土,1
肪,common,fáng,月,8,水,2
肥,common,féi,月,8,水,2
服,common,"fú,fù",月,8,水,2
胁,common,xié,月,8,水,2
周,common,zhōu,冂,8,金,1
昏,common,hūn,氏,8,木,1
鱼,common,yú,鱼,8,水,2
兔,common,tù,⺈,8,金,4
狐,common,hú,犭,8,水,2
忽,common,hū,心,8,木,1
狗,common,gǒu,犭,8,木,3
狞,common,níng,犭,8,金,2
备,common,bèi,夂,8,水,4
饰,common,shì,饣,8,火,4
饱,common,bǎo,饣,8,水,3
饲,common,sì,饣,8,水,4
变,common,biàn,又,8,水,4
京,common,jīng,亠,8,木,1
享,common,xiǎng,亠,8,水,3
庞,common,páng,广,8,火,2
店,common,diàn,广,8,火,4
夜,common,yè,亠,8,土,4
庙,common,miào,广,8,水,4
府,common,fǔ,广,8,水,3
底,common,"dǐ,de",广,8,火,3
疟,common,"nüè,yào",疒,8,火,4
疙,common,"gē,yì",疒,8,木,1
疚,common,jiù,疒,8,木,4
剂,common,jì,刂,8,木,4
卒,common,"zú,cù",亠,8,金,2
郊,common,jiāo,阝,8,木,1
庚,common,gēng,广,8,金,1
废,common,fèi,广,8,土,4
净,common,"jìng,chēng",冫,8,金,4
盲,common,máng,目,8,水,2
放,common,fàng,攵,8,水,4
刻,common,kè,刂,8,金,4
育,common,"yù,yō",月,8,土,4
氓,common,"méng,máng",亠,8,水,2
闸,common,zhá,门,8,金,2
闹,common,nào,门,8,火,4
郑,common,zhèng,阝,8,火,4
券,common,"quàn,xuàn",刀,8,木,4
卷,common,"juàn,juǎn",㔾,8,木,3
单,common,"dān,chán,shàn",丷,8,火,1
炬,common,jù,火,8,水,4
炒,common,chǎo,火,8,火,3
炊,common,chuī,火,8,火,1
炕,common,kàng,火,8,火,4
炎,common,yán,火,8,火,2
炉,common,lú,火,8,火,2
沫,common,mò,氵,8,水,4
浅,common,"qiǎn,jiān",氵,8,水,3
法,common,fǎ,氵,8,水,3
泄,common,"xiè,yì",氵,8,水,4
沽,common,gū,氵,8,水,1
河,common,hé,氵,8,水,2
沾,common,zhān,氵,8,水,1
泪,common,lèi,氵,8,水,4
沮,common,"jǔ,jù",氵,8,水,3
油,common,yóu,氵,8,水,2
泊,common,"bó,pō",氵,8,水,2
沿,common,yán,氵,8,水,2
泡,common,"pào,pāo",氵,8,水,4
注,common,zhù,氵,8,水,4
泣,common,qì,氵,8,水,4
泞,common,nìng,氵,8,水,4
泻,common,xiè,氵,8,水,4
泌,common,"mì,bì",氵,8,水,4
泳,common,yǒng,氵,8,水,3
泥,common,"ní,nì",氵,8,水,2
沸,common,fèi,氵,8,水,4
沼,common,zhǎo,氵,8,水,3
波,common,bō,氵,8,水,1
泼,common,pō,氵,8,水,1
泽,common,"zé,shì",氵,8,水,2
治,common,zhì,氵,8,水,4
怔,common,"zhēng,zhèng",忄,8,金,1
怯,common,qiè,忄,8,金,4
怖,common,bù,忄,8,水,4
性,common,xìng,忄,8,金,4
怕,common,pà,忄,8,土,4
怜,common,lián,忄,8,火,2
怪,common,guài,忄,8,金,4
怡,common,yí,忄,8,土,2
学,common,xué,子,8,水,2
宝,common,bǎo,宀,8,火,3
宗,common,zōng,宀,8,金,1
定,common,dìng,宀,8,火,4
宠,common,chǒng,宀,8,金,3
宜,common,yí,宀,8,木,2
审,common,shěn,宀,8,金,3
宙,common,zhòu,宀,8,金,4
官,common,guān,宀,8,木,1
空,common,"kōng,kòng,kǒng",穴,8,木,1
帘,common,lián,穴,8,火,2
宛,common,"wǎn,yuān",宀,8,土,3
实,common,shí,宀,8,金,2
试,common,shì,讠,8,金,4
郎,common,"láng,làng",阝,8,火,2
诗,common,shī,讠,8,金,1
肩,common,jiān,户,8,木,1
房,common,fáng,户,8,水,2
诚,common,chéng,讠,8,金,2
衬,common,chèn,衤,8,金,4
衫,common,shān,衤,8,金,1
视,common,shì,礻,8,金,4
祈,common,qí,礻,8,木,2
话,common,huà,讠,8,土,4
诞,common,dàn,讠,8,土,4
诡,common,guǐ,讠,8,木,3
询,common,xún,讠,8,金,2
该,common,gāi,讠,8,木,1
详,common,"xiáng,yáng",讠,8,金,2
建,common,jiàn,廴,8,木,4
肃,common,sù,肀,8,金,4
录,common,lù,彐,8,火,4
隶,common,lì,隶,8,火,4
帚,common,zhǒu,彐,8,金,3
屉,common,tì,尸,8,火,4
居,common,jū,尸,8,木,1
届,common,jiè,尸,8,木,4
刷,common,"shuā,shuà",刂,8,金,1
屈,common,qū,尸,8,木,1
弧,common,hú,弓,8,水,2
弥,common,"mí,mǐ",弓,8,水,2
弦,common,xián,弓,8,水,2
承,common,chéng,乛,8,金,2
孟,common,mèng,子,8,水,4
陋,common,lòu,阝,8,火,4
陌,common,mò,阝,8,水,4
孤,common,gū,子,8,木,1
陕,common,shǎn,阝,8,金,3
降,common,"jiàng,xiáng",阝,8,木,4
函,common,hán,凵,8,水,2
限,common,xiàn,阝,8,金,4
妹,common,mèi,女,8,水,4
姑,common,gū,女,8,木,1
姐,common,jiě,女,8,火,3
姓,common,xìng,女,8,金,4
妮,common,nī,女,8,火,1
始,common,shǐ,女,8,金,3
姆,common,mǔ,女,8,水,3
迢,common,tiáo,辶,8,火,2
驾,common,jià,马,8,木,4
叁,common,sān,厶,8,金,1
参,common,"cān,shēn,cēn,sān",厶,8,金,1
艰,common,jiān,又,8,木,1
线,common,xiàn,纟,8,金,4
练,common,liàn,纟,8,火,4
组,common,zǔ,纟,8,金,3
绅,common,shēn,纟,8,金,1
细,common,xì,纟,8,金,4
驶,common,shǐ,马,8,金,3
织,common,"zhī,zhì",纟,8,金,1
驹,common,jū,马,8,木,1
终,common,zhōng,纟,8,金,1
驻,common,zhù,马,8,火,4
绊,common,bàn,纟,8,水,4
驼,common,tuó,马,8,火,2
绍,common,shào,纟,8,金,4
绎,common,yì,纟,8,火,4
经,common,"jīng,jìng",纟,8,木,1
贯,common,guàn,贝,8,木,4
契,common,"qì,qiè,xiè",大,9,木,4
贰,common,èr,贝,9,金,4
奏,common,zòu,一、大,9,火,4
春,common,chūn,日,9,金,1
帮,common,bāng,巾,9,水,1
玷,common,diàn,王,9,火,4
珍,common,zhēn,王,9,火,1
玲,common,líng,王,9,火,2
珊,common,shān,王,9,金,1
玻,common,bō,王,9,水,1
毒,common,"dú,dài",母,9,金,2
型,common,xíng,土,9,土,2
挂,common,guà,扌,9,木,4
封,common,fēng,寸,9,水,1
持,common,chí,扌,9,金,2
拷,common,kǎo,扌,9,木,3
拱,common,gǒng,扌,9,木,3
项,common,xiàng,工,9,水,4
垮,common,kuǎ,土,9,土,3
挎,common,"kuà,kū",扌,9,木,4
城,common,chéng,土,9,土,2
挟,common,"jiā,xié",扌,9,水,2
挠,common,náo,扌,9,火,2
政,common,zhèng,攵,9,火,4
赴,common,fù,走,9,火,4
赵,common,zhào,走,9,火,4
挡,common,"dǎng,dàng",扌,9,火,3
拽,common,"zhuài,zhuāi,yè",扌,9,金,4
哉,common,zāi,口,9,金,1
挺,common,tǐng,扌,9,火,3
括,common,"kuò,guā",扌,9,木,4
垢,common,gòu,土,9,土,4
拴,common,shuān,扌,9,金,1
拾,common,"shí,shè",扌,9,金,2
挑,common,"tiāo,tiǎo",扌,9,火,3
垛,common,"duǒ,duò",土,9,土,3
指,common,zhǐ,扌,9,金,3
垫,common,diàn,土,9,土,4
挣,common,"zhèng,zhēng",扌,9,金,1
挤,common,jǐ,扌,9,木,3
拼,common,pīn,扌,9,水,1
挖,common,wā,扌,9,火,1
按,common,àn,扌,9,土,4
挥,common,huī,扌,9,水,1
挪,common,nuó,扌,9,火,2
拯,common,zhěng,扌,9,金,3
某,common,mǒu,甘,9,水,3
甚,common,"shèn,shén",一,9,金,4
荆,common,jīng,刂,9,水,1
茸,common,róng,艹,9,木,2
革,common,"gé,jí",革,9,木,2
茬,common,chá,艹,9,木,2
荐,common,jiàn,艹,9,木,4
巷,common,"xiàng,hàng",巳,9,水,4
带,common,dài,巾,9,火,4
草,common,cǎo,艹,9,木,3
茧,common,jiǎn,艹,9,木,3
茵,common,yīn,艹,9,木,1
茶,common,chá,艹,9,木,2
荒,common,huāng,艹,9,木,1
茫,common,máng,艹,9,水,2
荡,common,dàng,艹,9,水,4
荣,common,róng,艹,9,木,2
荤,common,hūn,艹,9,木,1
荧,common,yíng,艹,9,火,2
故,common,gù,攵,9,木,4
胡,common,hú,月,9,土,2
荫,common,"yìn,yīn",艹,9,木,4
荔,common,lì,艹,9,木,4
南,common,"nán,nā",十,9,火,2
药,common,yào,艹,9,木,4
标,common,biāo,木,9,木,1
栈,common,zhàn,木,9,木,4
柑,common,gān,木,9,木,1
枯,common,kū,木,9,金,1
柄,common,bǐng,木,9,木,3
栋,common,dòng,木,9,木,4
相,common,"xiāng,xiàng",木,9,木,1
查,common,"zhā,chá",木,9,金,2
柏,common,"bǎi,bó,bò",木,9,木,2
栅,common,"shān,zhà,shi,cè",木,9,木,4
柳,common,liǔ,木,9,木,3
柱,common,zhù,木,9,木,4
柿,common,shì,木,9,木,4
栏,common,lán,木,9,木,2
柠,common,níng,木,9,木,2
树,common,shù,木,9,木,4
勃,common,bó,力,9,水,2
要,common,"yào,yāo",覀,9,土,4
柬,common,jiǎn,木,9,火,3
咸,common,xián,戈,9,水,2
威,common,wēi,戈,9,土,1
歪,common,wāi,一,9,火,1
研,common,"yán,yàn",石,9,木,2
砖,common,zhuān,石,9,土,1
厘,common,lí,厂,9,火,2
厚,common,hòu,厂,9,水,4
砌,common,"qì,qiè",石,9,土,4
砂,common,shā,石,9,金,1
泵,common,bèng,石,9,水,4
砚,common,yàn,石,9,土,4
砍,common,kǎn,石,9,土,3
面,common,miàn,面,9,木,4
耐,common,nài,而,9,火,4
耍,common,shuǎ,而,9,金,3
牵,common,qiān,大,9,土,1
鸥,common,ōu,鸟,9,土,1
残,common,cán,歹,9,金,2
殃,common,yāng,歹,9,火,1
轴,common,"zhóu,zhòu",车,9,火,2
轻,common,qīng,车,9,木,1
鸦,common,yā,牙,9,土,1
皆,common,jiē,比,9,木,1
韭,common,jiǔ,韭,9,木,3
背,common,"bèi,bēi",NULL,9,水,4
战,common,zhàn,戈,9,金,4
点,common,diǎn,灬,9,水,3
虐,common,nüè,虍,9,火,4
临,common,lín,丨,9,火,2
览,common,lǎn,见,9,火,3
竖,common,shù,立,9,木,4
省,common,"shěng,xǐng",目,9,金,3
削,common,"xuē,xiāo",刂,9,金,1
尝,common,cháng,⺌,9,木,2
昧,common,mèi,日,9,水,4
盹,common,dǔn,目,9,火,3
是,common,shì,日,9,金,4
盼,common,pàn,目,9,水,4
眨,common,zhǎ,目,9,金,3
哇,common,"wā,wa",口,9,土,1
哄,common,"hǒng,hōng,hòng",口,9,木,1
哑,common,"yǎ,yā",口,9,土,1
显,common,xiǎn,日,9,火,3
冒,common,"mào,mò",曰,9,水,4
映,common,yìng,日,9,火,4
星,common,xīng,日,9,金,1
昨,common,zuó,日,9,金,2
咧,common,"liē,liě,lie,lié",口,9,火,3
昭,common,zhāo,日,9,火,1
畏,common,wèi,田,9,土,4
趴,common,pā,⻊,9,土,1
胃,common,wèi,田,9,土,4
贵,common,guì,贝,9,木,4
界,common,jiè,田,9,木,4
虹,common,"hóng,jiàng",虫,9,木,2
虾,common,"xiā,há",虫,9,水,1
蚁,common,yǐ,虫,9,木,3
思,common,"sī,sāi",田,9,金,1
蚂,common,"mǎ,mà,mā",虫,9,水,3
虽,common,suī,口,9,金,1
品,common,pǐn,口,9,水,3
咽,common,"yān,yàn,yè",口,9,土,1
骂,common,mà,马,9,水,4
勋,common,xūn,力,9,土,1
哗,common,"huá,huā",口,9,水,1
咱,common,"zán,zá,zǎ,zan",口,9,金,2
响,common,xiǎng,口,9,水,3
哈,common,"hā,hǎ,hà",口,9,水,1
哆,common,duō,口,9,火,1
咬,common,yǎo,口,9,火,3
咳,common,"hāi,ké",口,9,木,2
咪,common,mī,口,9,水,1
哪,common,"nǎ,na,nǎi,né,něi",口,9,火,3
哟,common,"yō,yo",口,9,木,5
炭,common,tàn,山,9,火,4
峡,common,xiá,山,9,土,2
罚,common,fá,罒,9,金,2
贱,common,jiàn,贝,9,木,4
贴,common,tiē,贝,9,火,1
贻,common,yí,贝,9,土,2
骨,common,"gǔ,gū",骨,9,木,2
幽,common,yōu,山,9,土,1
钙,common,gài,钅,9,金,4
钝,common,dùn,钅,9,金,4
钞,common,chāo,钅,9,金,1
钟,common,zhōng,钅,9,金,1
钢,common,"gāng,gàng",钅,9,金,1
钠,common,nà,钅,9,金,4
钥,common,"yuè,yào",钅,9,金,4
钦,common,qīn,钅,9,金,1
钧,common,jūn,钅,9,金,1
钩,common,gōu,钅,9,金,1
钮,common,niǔ,钅,9,金,3
卸,common,xiè,卩,9,水,4
缸,common,gāng,缶,9,木,1
拜,common,"bài,bái",手,9,水,4
看,common,"kàn,kān",手、目,9,木,4
矩,common,jǔ,矢,9,木,3
毡,common,zhān,毛,9,金,1
氢,common,qīng,气,9,金,1
怎,common,zěn,心,9,金,3
牲,common,shēng,牜,9,金,1
选,common,xuǎn,辶,9,金,3
适,common,"shì,kuò",辶,9,火,4
秒,common,miǎo,禾,9,水,3
香,common,xiāng,香,9,水,1
种,common,"zhǒng,zhòng,chóng",禾,9,火,3
秋,common,qiū,禾,9,金,1
科,common,kē,禾,9,木,1
重,common,"zhòng,chóng",丿,9,火,4
复,common,fù,夂,9,水,4
竿,common,gān,竹,9,木,1
段,common,duàn,殳,9,火,4
便,common,"biàn,pián",亻,9,水,4
俩,common,"liǎ,liǎng",亻,9,火,3
贷,common,dài,贝,9,火,4
顺,common,shùn,页,9,金,4
修,common,xiū,亻,9,金,1
俏,common,"qiào,xiào",亻,9,木,4
保,common,bǎo,亻,9,水,3
促,common,cù,亻,9,金,4
俄,common,é,亻,9,木,2
俐,common,lì,亻,9,火,4
侮,common,wǔ,亻,9,土,3
俭,common,jiǎn,亻,9,木,3
俗,common,sú,亻,9,金,2
俘,common,fú,亻,9,水,2
信,common,"xìn,shēn",亻,9,金,4
皇,common,huáng,白,9,水,2
泉,common,quán,白,9,水,2
鬼,common,guǐ,鬼,9,木,3
侵,common,qīn,亻,9,金,1
禹,common,yǔ,丿,9,土,3
侯,common,"hòu,hóu",亻,9,水,4
追,common,"zhuī,duī",辶,9,火,1
俊,common,jùn,亻,9,火,4
盾,common,dùn,⺁,9,火,4
待,common,"dài,dāi",彳,9,火,4
徊,common,huái,彳,9,水,2
衍,common,yǎn,彳,9,水,3
律,common,lǜ,彳,9,火,4
很,common,hěn,彳,9,水,3
须,common,xū,彡,9,金,1
叙,common,xù,又,9,金,4
剑,common,jiàn,刂,9,金,4
逃,common,táo,辶,9,火,2
食,common,"shí,sì,yì",食,9,金,2
盆,common,pén,八,9,土,2
胚,common,pēi,月,9,水,1
胧,common,lóng,月,9,火,2
胆,common,dǎn,月,9,火,3
胜,common,"shèng,shēng",月,9,金,4
胞,common,bāo,月,9,水,1
胖,common,"pàng,pán,pàn",月,9,水,4
脉,common,"mài,mò",月,9,水,4
胎,common,tāi,月,9,火,1
勉,common,miǎn,力,9,水,3
狭,common,xiá,犭,9,木,2
狮,common,shī,犭,9,金,1
独,common,dú,犭,9,金,2
狰,common,zhēng,犭,9,金,1
狡,common,jiǎo,犭,9,木,3
狱,common,yù,犭,9,木,4
狠,common,hěn,犭,9,水,3
贸,common,mào,贝,9,水,4
怨,common,yuàn,心,9,火,4
急,common,jí,心,9,木,2
饵,common,ěr,饣,9,火,3
饶,common,ráo,饣,9,木,2
蚀,common,shí,饣,9,金,2
饺,common,jiǎo,饣,9,木,3
饼,common,bǐng,饣,9,水,3
峦,common,luán,山,9,土,2
弯,common,wān,弓,9,火,1
将,common,"jiāng,jiàng,qiāng",丬,9,火,1
奖,common,jiǎng,大,9,火,3
哀,common,āi,亠,9,土,1
亭,common,tíng,亠,9,火,2
亮,common,liàng,亠,9,火,4
度,common,"dù,duó",广,9,金,4
迹,common,jì,辶,9,火,1
庭,common,tíng,广,9,火,2
疮,common,chuāng,疒,9,金,1
疯,common,fēng,疒,9,水,1
疫,common,yì,疒,9,木,4
疤,common,bā,疒,9,水,1
咨,common,zī,口,9,金,1
姿,common,zī,女,9,金,1
亲,common,"qīn,qìng",立,9,木,1
音,common,yīn,音,9,土,1
帝,common,dì,巾,9,火,4
施,common,shī,方,9,金,1
闺,common,guī,门,9,土,1
闻,common,wén,门,9,水,2
闽,common,mǐn,门,9,水,3
阀,common,fá,门,9,金,2
阁,common,gé,门,9,水,2
差,common,"chā,chà,chāi,chài,cī",⺶,9,金,1
养,common,yǎng,丷,9,土,3
美,common,měi,大,9,水,3
姜,common,jiāng,女,9,木,1
叛,common,pàn,又,9,水,4
送,common,sòng,辶,9,金,4
类,common,lèi,米,9,火,4
迷,common,mí,辶,9,水,2
籽,common,zǐ,米,9,火,3
娄,common,lóu,女,9,火,2
前,common,qián,丷,9,金,2
首,common,shǒu,首,9,金,3
逆,common,nì,辶,9,木,4
兹,common,"zī,cí",丷,9,金,1
总,common,zǒng,心,9,金,3
炼,common,liàn,火,9,火,4
炸,common,"zhà,zhá",火,9,火,4
烁,common,shuò,火,9,火,4
炮,common,"pào,páo,bāo",火,9,火,4
炫,common,xuàn,火,9,火,4
烂,common,làn,火,9,火,4
剃,common,tì,刂,9,金,4
洼,common,wā,氵,9,水,1
洁,common,jié,氵,9,水,2
洪,common,hóng,氵,9,水,2
洒,common,"sǎ,xǐ",氵,9,水,3
柒,common,qī,木,9,水,1
浇,common,jiāo,氵,9,水,1
浊,common,zhuó,氵,9,水,2
洞,common,"dòng,tóng",氵,9,水,4
测,common,cè,氵,9,水,4
洗,common,"xǐ,xiǎn",氵,9,水,3
活,common,huó,氵,9,水,2
派,common,pài,氵,9,水,4
洽,common,qià,氵,9,水,4
染,common,rǎn,木,9,水,3
洛,common,luò,氵,9,水,4
浏,common,liú,氵,9,水,2
济,common,"jì,jǐ",氵,9,水,4
洋,common,yáng,氵,9,水,2
洲,common,zhōu,氵,9,水,1
浑,common,hún,氵,9,水,2
浓,common,nóng,氵,9,水,2
津,common,jīn,氵,9,水,1
恃,common,shì,忄,9,火,4
恒,common,héng,忄,9,水,2
恢,common,huī,忄,9,木,1
恍,common,huǎng,忄,9,火,3
恬,common,tián,忄,9,火,2
恤,common,xù,忄,9,水,4
恰,common,qià,忄,9,木,4
恼,common,nǎo,忄,9,火,3
恨,common,hèn,忄,9,水,4
举,common,jǔ,丶,9,木,3
觉,common,"jué,jiào",见,9,木,2
宣,common,xuān,宀,9,金,1
宦,common,huàn,宀,9,水,4
室,common,shì,宀,9,金,4
宫,common,gōng,宀,9,金,1
宪,common,xiàn,宀,9,水,4
突,common,tū,穴,9,火,1
穿,common,chuān,穴,9,金,1
窃,common,qiè,穴,9,土,4
客,common,kè,宀,9,木,4
诫,common,jiè,讠,9,木,4
冠,common,"guān,guàn",冖,9,木,1
诬,common,wū,讠,9,土,1
语,common,"yǔ,yù",讠,9,木,3
扁,common,"biǎn,piān",户,9,水,3
袄,common,ǎo,衤,9,土,3
祖,common,zǔ,礻,9,金,3
神,common,shén,礻,9,金,2
祝,common,zhù,礻,9,火,4
祠,common,cí,礻,9,金,2
误,common,wù,讠,9,土,4
诱,common,yòu,讠,9,土,4
诲,common,huì,讠,9,水,4
说,common,"shuō,yuè,shuì",讠,9,金,1
诵,common,sòng,讠,9,金,4
垦,common,kěn,土,9,土,3
退,common,tuì,辶,9,火,4
既,common,jì,旡,9,木,4
屋,common,wū,尸,9,土,1
昼,common,zhòu,一,9,金,4
屏,common,"bīng,píng,bǐng",尸,9,水,2
费,common,fèi,贝,9,土,4
陡,common,dǒu,阝,9,火,3
逊,common,xùn,辶,9,金,4
眉,common,méi,目,9,水,2
孩,common,hái,子,9,水,2
陨,common,yǔn,阝,9,土,3
除,common,chú,阝,9,火,2
险,common,xiǎn,阝,9,金,3
院,common,yuàn,阝,9,土,4
娃,common,wá,女,9,土,2
姥,common,"lǎo,mǔ",女,9,水,3
姨,common,yí,女,9,土,2
姻,common,yīn,女,9,土,1
娇,common,jiāo,女,9,木,1
姚,common,yáo,女,9,土,2
娜,common,"nà,nuó",女,9,火,4
怒,common,nù,心,9,火,4
架,common,jià,木,9,木,4
贺,common,hè,贝,9,水,4
盈,common,yíng,皿,9,水,2
勇,common,yǒng,力,9,土,3
怠,common,dài,心,9,火,4
癸,common,guǐ,癶,9,水,3
蚤,common,zǎo,虫,9,金,3
柔,common,róu,矛,9,金,2
垒,common,lěi,土,9,土,3
绑,common,bǎng,纟,9,水,3
绒,common,róng,纟,9,金,2
结,common,"jié,jiē",纟,9,木,2
绕,common,rào,纟,9,木,3
骄,common,jiāo,马,9,木,1
绘,common,huì,纟,9,水,4
给,common,"gěi,jǐ",纟,9,木,3
绚,common,xuàn,纟,9,金,4
骆,common,luò,马,9,火,4
络,common,"luò,lào",纟,9,木,4
绝,common,jué,纟,9,金,2
绞,common,jiǎo,纟,9,木,3
骇,common,hài,马,9,水,4
统,common,tǒng,纟,9,木,3
耕,common,gēng,耒,10,木,1
耘,common,yún,耒,10,水,2
耗,common,hào,耒,10,水,4
耙,common,"pá,bà",耒,10,木,2
艳,common,yàn,色,10,土,4
泰,common,tài,氺,10,火,4
秦,common,qín,禾,10,火,2
珠,common,zhū,王,10,金,1
班,common,bān,王,10,水,1
素,common,sù,糸,10,金,4
匿,common,nì,匚,10,木,4
蚕,common,cán,虫,10,金,2
顽,common,wán,页,10,火,2
盏,common,zhǎn,皿,10,火,3
匪,common,fěi,匚,10,水,3
捞,common,lāo,扌,10,火,1
栽,common,zāi,木,10,金,1
捕,common,bǔ,扌,10,水,3
埂,common,gěng,土,10,土,3
捂,common,"wǔ,wú",扌,10,土,3
振,common,zhèn,扌,10,火,4
载,common,"zǎi,zài",车,10,金,3
赶,common,gǎn,走,10,木,3
起,common,qǐ,走,10,木,3
盐,common,yán,皿,10,土,2
捎,common,"shāo,shào",扌,10,金,1
捍,common,hàn,扌,10,木,4
捏,common,niē,扌,10,金,1
埋,common,"mái,mán",土,10,土,2
捉,common,zhuō,扌,10,火,1
捆,common,kǔn,扌,10,木,3
捐,common,juān,扌,10,木,1
损,common,sǔn,扌,10,金,3
袁,common,yuán,土,10,土,2
捌,common,bā,扌,10,水,1
都,common,"dōu,dū",阝,10,火,1
哲,common,zhé,口,10,火,2
逝,common,shì,辶,10,金,4
捡,common,jiǎn,扌,10,木,3
挫,common,cuò,扌,10,金,4
换,common,huàn,扌,10,水,4
挽,common,wǎn,扌,10,火,3
挚,common,zhì,手,10,金,4
热,common,rè,灬,10,火,4
恐,common,kǒng,心,10,木,3
捣,common,dǎo,扌,10,火,3
壶,common,hú,士,10,金,2
捅,common,tǒng,扌,10,金,3
埃,common,āi,土,10,土,1
挨,common,"āi,ái",扌,10,土,1
耻,common,chǐ,耳,10,火,3
耿,common,gěng,耳,10,火,3
耽,common,dān,耳,10,火,1
聂,common,niè,耳,10,金,4
恭,common,gōng,⺗,10,木,1
莽,common,mǎng,艹,10,木,3
莱,common,lái,艹,10,木,2
莲,common,lián,艹,10,木,2
莫,common,"mò,mù",艹,10,水,4
莉,common,lì,艹,10,木,4
荷,common,"hé,hè",艹,10,木,2
获,common,huò,艹,10,木,4
晋,common,jìn,日,10,火,4
恶,common,"è,wù,ě,wū",心,10,土,4
莹,common,yíng,艹,10,木,2
莺,common,yīng,艹,10,木,1
真,common,zhēn,十,10,金,1
框,common,kuàng,木,10,木,4
梆,common,bāng,木,10,木,1
桂,common,guì,木,10,木,4
桔,common,"jú,jié",木,10,木,2
栖,common,"qī,xī",木,10,木,1
档,common,dàng,木,10,木,4
桐,common,tóng,木,10,木,2
株,common,zhū,木,10,木,1
桥,common,qiáo,木,10,木,2
桦,common,huà,木,10,木,4
栓,common,shuān,木,10,木,1
桃,common,táo,木,10,木,2
格,common,"gé,gē",木,10,木,2
桩,common,zhuāng,木,10,木,1
校,common,"xiào,jiào",木,10,木,4
核,common,"hé,hú",木,10,木,2
样,common,yàng,木,10,木,4
根,common,gēn,木,10,木,1
索,common,suǒ,糸,10,金,3
哥,common,gē,一,10,木,1
速,common,sù,辶,10,金,4
逗,common,dòu,辶,10,火,4
栗,common,lì,木,10,木,4
贾,common,"jiǎ,gǔ",覀,10,水,3
酌,common,zhuó,酉,10,金,2
配,common,pèi,酉,10,水,4
翅,common,chì,支,10,金,4
辱,common,rǔ,辰,10,金,3
唇,common,chún,辰,10,水,2
夏,common,xià,夂,10,火,4
砸,common,zá,石,10,土,2
砰,common,pēng,石,10,土,1
砾,common,lì,石,10,土,4
础,common,chǔ,石,10,土,3
破,common,pò,石,10,土,4
原,common,yuán,厂,10,木,2
套,common,tào,大,10,火,4
逐,common,zhú,辶,10,火,2
烈,common,liè,灬,10,火,4
殊,common,shū,歹,10,金,1
殉,common,xùn,歹,10,金,4
顾,common,gù,页,10,木,4
轿,common,jiào,车,10,木,4
较,common,jiào,车,10,水,4
顿,common,"dùn,dú",页,10,火,4
毙,common,bì,比,10,水,4
致,common,zhì,至,10,火,4
柴,common,chái,木,10,木,2
桌,common,zhuō,⺊,10,木,1
虑,common,lǜ,虍,10,火,4
监,common,"jiān,jiàn",皿,10,土,1
紧,common,jǐn,糸,10,木,3
党,common,dǎng,儿,10,火,3
逞,common,chěng,辶,10,火,3
晒,common,shài,日,10,火,4
眠,common,mián,目,10,水,2
晓,common,xiǎo,日,10,火,3
哮,common,xiào,口,10,木,4
唠,common,"lào,láo",口,10,火,2
鸭,common,yā,鸟,10,土,1
晃,common,"huàng,huǎng",日,10,火,3
哺,common,bǔ,口,10,水,3
晌,common,shǎng,日,10,火,3
剔,common,tī,刂,10,火,1
晕,common,"yūn,yùn",日,10,土,1
蚌,common,"bàng,bèng",虫,10,水,4
畔,common,pàn,田,10,水,4
蚣,common,"gōng,zhōng",虫,10,木,1
蚊,common,wén,虫,10,水,2
蚪,common,dǒu,虫,10,火,3
蚓,common,yǐn,虫,10,土,3
哨,common,shào,口,10,金,4
哩,common,"lī,lǐ,li",口,10,火,1
圃,common,pǔ,囗,10,水,3
哭,common,kū,犬,10,木,1
哦,common,"ò,ó,é",口,10,火,2
恩,common,ēn,心,10,土,1
鸯,common,yāng,鸟,10,火,1
唤,common,huàn,口,10,水,4
唁,common,yàn,口,10,木,4
哼,common,"hēng,hng",口,10,水,1
唧,common,jī,口,10,木,1
啊,common,"ā,a,ǎ,á,à",口,10,土,5
唉,common,"āi,ài",口,10,土,1
唆,common,suō,口,10,金,1
罢,common,"bà,pí,ba",罒,10,水,4
峭,common,qiào,山,10,土,4
峨,common,é,山,10,土,2
峰,common,fēng,山,10,土,1
圆,common,yuán,囗,10,土,2
峻,common,jùn,山,10,金,4
贼,common,zéi,贝,10,金,2
贿,common,huì,贝,10,水,4
赂,common,lù,贝,10,火,4
赃,common,zāng,贝,10,金,1
钱,common,qián,钅,10,金,2
钳,common,qián,钅,10,金,2
钻,common,"zuàn,zuān",钅,10,金,4
钾,common,jiǎ,钅,10,金,3
铁,common,tiě,钅,10,金,3
铃,common,líng,钅,10,金,2
铅,common,"qiān,yán",钅,10,金,1
缺,common,quē,缶,10,木,1
氧,common,yǎng,气,10,土,3
氨,common,ān,气,10,水,1
特,common,tè,牜,10,火,4
牺,common,xī,牜,10,木,1
造,common,zào,辶,10,金,4
乘,common,"chéng,shèng",禾,10,金,2
敌,common,dí,舌,10,火,2
秤,common,chèng,禾,10,水,4
租,common,zū,禾,10,金,1
积,common,jī,禾,10,火,1
秧,common,yāng,禾,10,火,1
秩,common,zhì,禾,10,火,4
称,common,"chēng,chèn,chèng",禾,10,金,1
秘,common,"mì,bì",禾,10,水,4
透,common,tòu,辶,10,火,4
笔,common,bǐ,⺮,10,木,3
笑,common,xiào,竹,10,金,4
笋,common,sǔn,竹,10,木,3
债,common,zhài,亻,10,金,4
借,common,jiè,亻,10,金,4
值,common,zhí,亻,10,火,2
倚,common,yǐ,亻,10,木,3
俺,common,ǎn,亻,10,土,3
倾,common,qīng,亻,10,木,1
倒,common,"dǎo,dào",亻,10,火,3
倘,common,"tǎng,cháng",亻,10,火,3
俱,common,"jù,jū",亻,10,木,4
倡,common,"chàng,chāng",亻,10,金,4
候,common,hòu,亻,10,水,4
赁,common,lìn,贝,10,火,4
俯,common,fǔ,亻,10,水,3
倍,common,bèi,亻,10,水,4
倦,common,juàn,亻,10,木,4
健,common,jiàn,亻,10,木,4
臭,common,"chòu,xiù",自,10,水,4
射,common,"shè,yè,yì",身,10,金,4
躬,common,gōng,身,10,木,1
息,common,xī,自,10,金,1
倔,common,"juè,jué",亻,10,火,2
徒,common,tú,彳,10,火,2
徐,common,xú,彳,10,金,2
殷,common,"yīn,yān,yǐn",殳,10,土,1
舰,common,jiàn,舟,10,木,4
舱,common,cāng,舟,10,金,1
般,common,"bān,bō,pán",舟,10,水,1
航,common,háng,舟,10,水,2
途,common,tú,辶,10,金,2
拿,common,ná,人,10,火,2
耸,common,sǒng,耳,10,金,3
爹,common,diē,父,10,火,1
舀,common,yǎo,爫,10,火,3
爱,common,ài,爫,10,土,4
豺,common,chái,豸,10,金,2
豹,common,bào,豸,10,水,4
颁,common,bān,页,10,水,1
颂,common,sòng,页,10,木,4
翁,common,wēng,羽,10,土,1
胰,common,yí,月,10,土,2
脆,common,cuì,月,10,金,4
脂,common,zhī,月,10,金,1
胸,common,xiōng,月,10,金,1
胳,common,"gē,gé,gā",月,10,木,1
脏,common,"zāng,zàng",月,10,金,4
脐,common,qí,月,10,木,2
胶,common,jiāo,月,10,木,1
脑,common,nǎo,月,10,火,3
脓,common,nóng,月,10,火,2
逛,common,guàng,辶,10,木,4
狸,common,lí,犭,10,火,2
狼,common,láng,犭,10,火,2
卿,common,qīng,卩,10,木,1
逢,common,féng,辶,10,水,2
鸵,common,tuó,鸟,10,火,2
留,common,liú,田,10,火,2
鸳,common,yuān,鸟,10,土,1
皱,common,zhòu,皮,10,金,4
饿,common,è,饣,10,木,4
馁,common,něi,饣,10,火,3
凌,common,líng,冫,10,火,2
凄,common,qī,冫,10,水,1
恋,common,liàn,心,10,火,4
桨,common,jiǎng,木,10,木,3
浆,common,"jiāng,jiàng",水,10,水,1
衰,common,"shuāi,cuī",亠,10,金,1
衷,common,zhōng,亠,10,火,1
高,common,gāo,高,10,木,1
郭,common,guō,阝,10,木,1
席,common,xí,广,10,金,2
准,common,zhǔn,冫,10,土,3
座,common,zuò,广,10,金,4
症,common,"zhèng,zhēng",疒,10,金,4
病,common,bìng,疒,10,水,4
疾,common,jí,疒,10,火,2
斋,common,zhāi,文,10,金,1
疹,common,zhěn,疒,10,金,3
疼,common,téng,疒,10,火,2
疲,common,pí,疒,10,水,2
脊,common,jǐ,月,10,木,3
效,common,xiào,攵,10,水,4
离,common,lí,亠,10,火,2
紊,common,wěn,糸,10,金,3
唐,common,táng,广,10,火,2
瓷,common,cí,瓦,10,金,2
资,common,zī,贝,10,金,1
凉,common,"liáng,liàng",冫,10,火,2
站,common,zhàn,立,10,火,4
剖,common,pōu,刂,10,金,1
竞,common,jìng,立,10,木,4
部,common,bù,阝,10,水,4
旁,common,"páng,bàng",方,10,水,2
旅,common,lǚ,方,10,火,3
畜,common,"chù,xù",田,10,火,4
阅,common,yuè,门,10,土,4
羞,common,xiū,⺶,10,金,1
羔,common,gāo,⺷、灬,10,木,1
瓶,common,píng,瓦,10,水,2
拳,common,quán,手,10,木,2
粉,common,fěn,米,10,木,3
料,common,liào,米,10,火,4
益,common,yì,皿,10,土,4
兼,common,jiān,丷,10,木,1
烤,common,kǎo,火,10,火,3
烘,common,hōng,火,10,火,1
烦,common,fán,火,10,火,2
烧,common,shāo,火,10,火,1
烛,common,zhú,火,10,火,2
烟,common,yān,火,10,火,1
烙,common,"lào,luò",火,10,火,4
递,common,dì,辶,10,火,4
涛,common,tāo,氵,10,水,1
浙,common,zhè,氵,10,水,4
涝,common,lào,氵,10,水,4
浦,common,pǔ,氵,10,水,3
酒,common,jiǔ,氵,10,水,3
涉,common,shè,氵,10,水,4
消,common,xiāo,氵,10,水,1
涡,common,"wō,guō",氵,10,水,1
浩,common,hào,氵,10,水,4
海,common,hǎi,氵,10,水,3
涂,common,tú,氵,10,水,2
浴,common,yù,氵,10,水,4
浮,common,fú,氵,10,水,2
涣,common,huàn,氵,10,水,4
涤,common,dí,氵,10,水,2
流,common,liú,氵,10,水,2
润,common,rùn,氵,10,水,4
涧,common,jiàn,氵,10,水,4
涕,common,tì,氵,10,水,4
浪,common,làng,氵,10,水,4
浸,common,jìn,氵,10,水,4
涨,common,"zhǎng,zhàng",氵,10,水,3
烫,common,tàng,火,10,水,4
涩,common,sè,氵,10,水,4
涌,common,"yǒng,chōng",氵,10,水,3
悖,common,bèi,忄,10,水,4
悟,common,wù,忄,10,木,4
悄,common,"qiāo,qiǎo",忄,10,木,3
悍,common,hàn,忄,10,木,4
悔,common,huǐ,忄,10,水,3
悯,common,mǐn,忄,10,水,3
悦,common,yuè,忄,10,金,4
害,common,hài,宀,10,水,4
宽,common,kuān,宀,10,木,1
家,common,"jiā,jia,jie",宀,10,木,1
宵,common,xiāo,宀,10,金,1
宴,common,yàn,宀,10,土,4
宾,common,bīn,宀,10,水,1
窍,common,qiào,穴,10,木,4
窄,common,zhǎi,穴,10,金,3
容,common,róng,宀,10,土,2
宰,common,zǎi,宀,10,金,3
案,common,àn,宀,10,土,4
请,common,qǐng,讠,10,金,3
朗,common,lǎng,月,10,火,3
诸,common,zhū,讠,10,金,1
诺,common,nuò,讠,10,火,4
读,common,"dú,dòu",讠,10,火,2
扇,common,"shàn,shān",户,10,金,4
诽,common,fěi,讠,10,水,3
袜,common,wà,衤,10,火,4
袖,common,xiù,衤,10,金,4
袍,common,páo,衤,10,水,2
被,common,"bèi,pī",衤,10,水,4
祥,common,xiáng,礻,10,金,2
课,common,kè,讠,10,木,4
冥,common,míng,冖,10,水,2
谁,common,"shuí,shéi",讠,10,金,2
调,common,"diào,tiáo,zhōu",讠,10,火,4
冤,common,yuān,冖,10,土,1
谅,common,liàng,讠,10,火,4
谆,common,zhūn,讠,10,金,1
谈,common,tán,讠,10,火,2
谊,common,yì,讠,10,木,4
剥,common,"bāo,bō",刂,10,金,1
恳,common,kěn,心,10,木,3
展,common,zhǎn,尸,10,火,3
剧,common,jù,刂,10,金,4
屑,common,xiè,尸,10,水,4
弱,common,ruò,弓,10,金,4
陵,common,líng,阝,10,火,2
祟,common,suì,示,10,金,4
陶,common,"táo,yáo",阝,10,火,2
陷,common,xiàn,阝,10,金,4
陪,common,péi,阝,10,水,2
娱,common,yú,女,10,木,2
娟,common,juān,女,10,木,1
恕,common,shù,心,10,火,4
娥,common,é,女,10,水,2
娘,common,niáng,女,10,火,2
通,common,"tōng,tòng",辶,10,火,1
能,common,"néng,nài",厶,10,火,2
难,common,"nán,nàn,nuó",又,10,木,2
预,common,yù,页,10,木,4
桑,common,sāng,又、木,10,木,1
绢,common,juàn,纟,10,木,4
绣,common,xiù,纟,10,金,4
验,common,yàn,马,10,木,4
继,common,jì,纟,10,木,4
骏,common,jùn,马,10,金,4
球,common,qiú,王,11,木,2
琐,common,suǒ,王,11,金,3
理,common,lǐ,王,11,火,3
琉,common,liú,王,11,火,2
琅,common,láng,王,11,火,2
捧,common,pěng,扌,11,水,3
堵,common,dǔ,土,11,金,3
措,common,cuò,扌,11,金,4
描,common,miáo,扌,11,水,2
域,common,yù,土,11,土,4
捺,common,nà,扌,11,火,4
掩,common,yǎn,扌,11,木,3
捷,common,jié,扌,11,金,2
排,common,"pái,pǎi",扌,11,水,2
焉,common,yān,一字头,11,土,1
掉,common,diào,扌,11,金,4
捶,common,chuí,扌,11,金,2
赦,common,shè,赤,11,金,4
堆,common,duī,土,11,土,1
推,common,tuī,扌,11,金,1
埠,common,bù,土,11,土,4
掀,common,xiān,扌,11,金,1
授,common,shòu,扌,11,金,4
捻,common,"niǎn,niē",扌,11,火,3
教,common,"jiào,jiāo",攵,11,木,4
掏,common,tāo,扌,11,火,1
掐,common,qiā,扌,11,木,1
掠,common,lüè,扌,11,火,4
掂,common,diān,扌,11,火,1
培,common,péi,土,11,土,2
接,common,jiē,扌,11,火,1
掷,common,zhì,扌,11,火,4
控,common,kòng,扌,11,木,4
探,common,tàn,扌,11,火,4
据,common,"jù,jū",扌,11,木,4
掘,common,jué,扌,11,木,2
掺,common,"chān,càn,shǎn,xiān",扌,11,金,1
职,common,zhí,耳,11,火,2
基,common,jī,土,11,土,1
聆,common,líng,耳,11,火,2
勘,common,kān,力,11,金,1
聊,common,liáo,耳,11,火,2
娶,common,qǔ,女,11,木,3
著,common,"zhù,zhuó,·zhe",艹,11,木,4
菱,common,líng,艹,11,木,2
勒,common,"lè,lēi",革,11,火,4
黄,common,huáng,黄,11,土,2
菲,common,"fēi,fěi",艹,11,木,1
萌,common,méng,艹,11,木,2
萝,common,luó,艹,11,木,2
菌,common,"jūn,jùn",艹,11,木,1
萎,common,wěi,艹,11,木,3
菜,common,cài,艹,11,木,4
萄,common,táo,艹,11,木,2
菊,common,jú,艹,11,木,2
菩,common,pú,艹,11,木,2
萍,common,píng,艹,11,水,2
菠,common,bō,艹,11,水,1
萤,common,yíng,艹,11,木,2
营,common,yíng,艹,11,木,2
乾,common,"qián,gān",龺、乙,11,木,2
萧,common,xiāo,艹,11,木,1
萨,common,sà,艹,11,木,4
菇,common,gū,艹,11,木,1
械,common,xiè,木,11,木,4
彬,common,bīn,彡,11,木,1
梦,common,mèng,夕,11,木,4
婪,common,lán,女,11,木,2
梗,common,gěng,木,11,木,3
梧,common,wú,木,11,木,2
梢,common,"shāo,sào",木,11,木,1
梅,common,méi,木,11,木,2
检,common,jiǎn,木,11,木,3
梳,common,shū,木,11,木,1
梯,common,tī,木,11,木,1
桶,common,tǒng,木,11,木,3
梭,common,suō,木,11,木,1
救,common,jiù,攵,11,木,4
曹,common,cáo,曰,11,金,2
副,common,fù,刂,11,金,4
票,common,"piào,piāo",示,11,水,4
酝,common,yùn,酉,11,土,4
酗,common,xù,酉,11,金,4
厢,common,xiāng,厂,11,木,1
戚,common,qī,戈,11,火,1
硅,common,guī,石,11,土,1
硕,common,"shuò,shí",石,11,土,4
奢,common,shē,大,11,金,1
盔,common,kuī,皿,11,木,1
爽,common,shuǎng,大,11,金,3
聋,common,lóng,龙,11,火,2
袭,common,xí,龙,11,金,2
盛,common,"shèng,chéng",皿,11,金,4
匾,common,biǎn,匚,11,水,3
雪,common,xuě,雨,11,水,3
辅,common,fǔ,车,11,水,3
辆,common,liàng,车,11,火,4
颅,common,lú,页,11,火,2
虚,common,xū,虍,11,水,1
彪,common,biāo,虎,11,水,1
雀,common,"què,qiǎo,qiāo",小,11,金,4
堂,common,táng,土,11,土,2
常,common,cháng,巾,11,金,2
眶,common,kuàng,目,11,木,4
匙,common,"chí,shi",匕,11,金,2
晨,common,chén,日,11,金,2
睁,common,zhēng,目,11,金,1
眯,common,"mī,mí",目,11,水,1
眼,common,yǎn,目,11,木,3
悬,common,xuán,心,11,木,2
野,common,yě,里,11,土,3
啪,common,pā,口,11,土,1
啦,common,"lā,la",口,11,火,5
曼,common,màn,曰,11,水,4
晦,common,huì,日,11,水,4
晚,common,wǎn,日,11,水,3
啄,common,zhuó,口,11,火,2
啡,common,fēi,口,11,水,1
距,common,jù,⻊,11,木,4
趾,common,zhǐ,⻊,11,金,3
啃,common,kěn,口,11,木,3
跃,common,yuè,⻊,11,土,4
略,common,lüè,田,11,火,4
蚯,common,qiū,虫,11,木,1
蛀,common,zhù,虫,11,金,4
蛇,common,"shé,yí",虫,11,金,2
唬,common,"hǔ,xià",口,11,水,3
累,common,"lèi,lěi,léi",糸,11,火,3
鄂,common,è,阝,11,木,4
唱,common,chàng,口,11,金,4
患,common,huàn,心,11,水,4
啰,common,"luō,luó,luo",口,11,金,1
唾,common,tuò,口,11,火,4
唯,common,wéi,口,11,土,2
啤,common,pí,口,11,水,2
啥,common,shá,口,11,金,2
啸,common,xiào,口,11,木,4
崖,common,yá,山,11,土,2
崎,common,qí,山,11,土,2
崭,common,"zhǎn,chán",山,11,土,3
逻,common,luó,辶,11,火,2
崔,common,cuī,山,11,木,1
帷,common,wéi,巾,11,土,2
崩,common,bēng,山,11,土,1
崇,common,chóng,山,11,金,2
崛,common,jué,山,11,土,2
婴,common,yīng,女,11,土,1
圈,common,"quān,juàn,juān",囗,11,木,1
铐,common,kào,钅,11,金,4
铛,common,"chēng,dāng",钅,11,金,1
铝,common,lǚ,钅,11,金,3
铜,common,tóng,钅,11,金,2
铭,common,míng,钅,11,金,2
铲,common,chǎn,钅,11,金,3
银,common,yín,钅,11,金,2
矫,common,"jiǎo,jiáo",矢,11,木,3
甜,common,tián,舌,11,火,2
秸,common,jiē,禾,11,木,1
梨,common,lí,木,11,火,2
犁,common,lí,牛,11,火,2
秽,common,huì,禾,11,金,4
移,common,yí,禾,11,土,2
笨,common,bèn,竹,11,木,4
笼,common,"lóng,lǒng",竹,11,木,3
笛,common,dí,竹,11,木,2
笙,common,shēng,竹,11,木,1
符,common,fú,竹,11,木,2
第,common,dì,竹,11,木,4
敏,common,mǐn,攵,11,水,3
做,common,zuò,亻,11,金,4
袋,common,dài,衣,11,火,4
悠,common,yōu,心,11,土,1
偿,common,cháng,亻,11,金,2
偶,common,ǒu,亻,11,木,3
偎,common,wēi,亻,11,水,1
偷,common,tōu,亻,11,金,1
您,common,nín,心,11,火,2
售,common,shòu,隹,11,金,4
停,common,tíng,亻,11,火,2
偏,common,piān,亻,11,水,1
躯,common,qū,身,11,木,1
兜,common,dōu,儿,11,木,1
假,common,"jiǎ,jià",亻,11,木,3
衅,common,xìn,血,11,金,4
徘,common,pái,彳,11,水,2
徙,common,xǐ,彳,11,金,3
得,common,"dé,de,děi",彳,11,金,2
衔,common,xián,彳,11,金,2
盘,common,pán,皿,11,水,2
舶,common,bó,舟,11,水,2
船,common,chuán,舟,11,金,2
舵,common,duò,舟,11,火,4
斜,common,xié,斗,11,金,2
盒,common,hé,人,11,水,2
鸽,common,gē,鸟,11,木,1
敛,common,liǎn,攵,11,木,3
悉,common,xī,心,11,金,1
欲,common,yù,欠,11,土,4
彩,common,cǎi,彡,11,金,3
领,common,lǐng,页,11,火,3
脚,common,"jiǎo,jué",月,11,木,3
脖,common,bó,月,11,水,2
脯,common,"pú,fǔ",月,11,水,3
豚,common,tún,豕,11,火,2
脸,common,liǎn,月,11,火,3
脱,common,tuō,月,11,火,1
象,common,xiàng,⺈,11,金,4
够,common,gòu,夕,11,水,4
逸,common,yì,辶,11,土,4
猜,common,cāi,犭,11,金,1
猪,common,zhū,犭,11,火,1
猎,common,liè,犭,11,水,4
猫,common,"māo,máo",犭,11,水,1
凰,common,huáng,几,11,水,2
猖,common,chāng,犭,11,金,1
猛,common,měng,犭,11,水,3
祭,common,"jì,zhài",示,11,金,4
馅,common,xiàn,饣,11,金,4
馆,common,guǎn,饣,11,木,3
凑,common,còu,冫,11,火,4
减,common,jiǎn,冫,11,木,3
毫,common,háo,亠,11,水,2
烹,common,pēng,灬,11,水,1
庶,common,shù,广,11,金,4
麻,common,má,麻,11,水,2
庵,common,ān,广,11,土,1
痊,common,quán,疒,11,木,2
痒,common,yǎng,疒,11,土,3
痕,common,hén,疒,11,水,2
廊,common,láng,广,11,火,2
康,common,kāng,广,11,木,1
庸,common,yōng,广,11,土,1
鹿,common,lù,鹿,11,火,4
盗,common,dào,皿,11,火,4
章,common,zhāng,立、音,11,火,1
竟,common,jìng,音,11,木,4
商,common,shāng,亠,11,金,1
族,common,zú,方,11,金,2
旋,common,"xuán,xuàn",方,11,金,2
望,common,wàng,王,11,水,4
率,common,"lǜ,shuài",亠,11,金,4
阎,common,yán,门,11,木,2
阐,common,chǎn,门,11,火,3
着,common,"zhe,zhuó,zháo,zhāo",⺶,11,金,5
羚,common,líng,羊,11,火,2
盖,common,"gài,gě,hé",⺷,11,木,4
眷,common,juàn,目,11,木,4
粘,common,"nián,zhān",米,11,金,1
粗,common,cū,米,11,金,1
粒,common,lì,米,11,火,4
断,common,duàn,斤,11,火,4
剪,common,jiǎn,刀,11,金,3
兽,common,shòu,口,11,金,4
焊,common,hàn,火,11,火,4
焕,common,huàn,火,11,火,4
清,common,qīng,氵,11,水,1
添,common,tiān,氵,11,水,1
鸿,common,hóng,氵,11,水,2
淋,common,"lín,lìn",氵,11,水,2
涯,common,yá,氵,11,水,2
淹,common,yān,氵,11,水,1
渠,common,"qú,jù",木,11,水,2
渐,common,"jiàn,jiān",氵,11,水,4
淑,common,shū,氵,11,水,1
淌,common,"tǎng,chǎng",氵,11,水,3
混,common,"hùn,hún",氵,11,水,4
淮,common,huái,氵,11,水,2
淆,common,xiáo,氵,11,水,2
渊,common,yuān,氵,11,水,1
淫,common,yín,氵,11,水,2
渔,common,yú,氵,11,水,2
淘,common,táo,氵,11,水,2
淳,common,"chún,zhūn",氵,11,水,2
液,common,yè,氵,11,水,4
淤,common,yū,氵,11,水,1
淡,common,dàn,氵,11,水,4
淀,common,diàn,氵,11,水,4
深,common,shēn,氵,11,水,1
涮,common,shuàn,氵,11,水,4
涵,common,hán,氵,11,水,2
婆,common,pó,女,11,水,2
梁,common,liáng,木,11,火,2
渗,common,shèn,氵,11,水,4
情,common,qíng,忄,11,金,2
惜,common,xī,忄,11,金,1
惭,common,cán,忄,11,金,2
悼,common,dào,忄,11,火,4
惧,common,jù,忄,11,木,4
惕,common,tì,忄,11,火,4
惟,common,wéi,忄,11,土,2
惊,common,jīng,忄,11,木,1
惦,common,diàn,忄,11,火,4
悴,common,cuì,忄,11,金,4
惋,common,wǎn,忄,11,火,3
惨,common,cǎn,忄,11,金,3
惯,common,guàn,忄,11,土,4
寇,common,kòu,宀,11,木,4
寅,common,yín,宀,11,木,2
寄,common,jì,宀,11,木,4
寂,common,jì,宀,11,金,4
宿,common,"sù,xiǔ,xiù",宀,11,金,4
窒,common,zhì,穴,11,火,4
窑,common,yáo,穴,11,木,2
密,common,mì,宀,11,水,4
谋,common,móu,讠,11,水,2
谍,common,dié,讠,11,火,2
谎,common,huǎng,讠,11,木,3
谐,common,xié,讠,11,木,2
袱,common,fú,衤,11,水,2
祷,common,dǎo,礻,11,金,3
祸,common,huò,礻,11,水,4
谓,common,wèi,讠,11,土,4
谚,common,yàn,讠,11,木,4
谜,common,"mí,mèi",讠,11,水,2
逮,common,"dǎi,dài",辶,11,火,4
敢,common,gǎn,攵,11,木,3
尉,common,"wèi,yù",寸,11,土,4
屠,common,tú,尸,11,火,2
弹,common,"dàn,tán",弓,11,火,4
隋,common,"suí,duò",阝,11,金,2
堕,common,"duò,huī",土,11,土,4
随,common,suí,阝,11,金,2
蛋,common,dàn,疋,11,火,4
隅,common,yú,阝,11,土,2
隆,common,"lóng,lōng",阝,11,火,2
隐,common,"yǐn,yìn",阝,11,土,3
婚,common,hūn,女,11,水,1
婶,common,shěn,女,11,金,3
婉,common,wǎn,女,11,土,3
颇,common,pō,皮,11,水,1
颈,common,"jǐng,gěng",页,11,木,3
绩,common,jì,纟,11,火,4
绪,common,xù,纟,11,金,4
续,common,xù,纟,11,金,4
骑,common,qí,马,11,木,2
绰,common,"chuò,chāo",纟,11,火,4
绳,common,shéng,纟,11,金,2
维,common,wéi,纟,11,土,2
绵,common,mián,纟,11,水,2
绷,common,"bēng,běng,bèng",纟,11,水,1
绸,common,chóu,纟,11,金,2
综,common,"zōng,zèng",纟,11,金,1
绽,common,zhàn,纟,11,火,4
绿,common,"lǜ,lù",纟,11,火,4
缀,common,zhuì,纟,11,火,4
巢,common,cháo,巛,11,金,2
琴,common,qín,王,12,木,2
琳,common,lín,王,12,木,2
琢,common,"zhuó,zuó",王,12,火,2
琼,common,qióng,王,12,木,2
斑,common,bān,王,12,水,1
替,common,tì,曰,12,金,4
揍,common,zòu,扌,12,金,4
款,common,kuǎn,欠,12,木,3
堪,common,kān,土,12,土,1
塔,common,tǎ,土,12,火,3
搭,common,dā,扌,12,火,1
堰,common,yàn,土,12,土,4
揩,common,kāi,扌,12,木,1
越,common,yuè,走,12,土,4
趁,common,chèn,走,12,木,4
趋,common,"qū,cù",走,12,木,1
超,common,chāo,走,12,金,1
揽,common,lǎn,扌,12,火,3
堤,common,dī,土,12,土,1
提,common,"tí,dī,dǐ",扌,12,火,2
博,common,bó,十,12,水,2
揭,common,"jiē,qì",扌,12,木,1
喜,common,xǐ,士,12,水,3
彭,common,"péng,bāng",彡,12,水,2
揣,common,"chuāi,chuǎi,chuài,tuán,zhuī",扌,12,金,3
插,common,chā,扌,12,金,1
揪,common,jiū,扌,12,木,1
搜,common,sōu,扌,12,金,1
煮,common,zhǔ,灬,12,水,3
援,common,yuán,扌,12,土,2
搀,common,chān,扌,12,金,1
裁,common,cái,衣,12,金,2
搁,common,"gē,gé",扌,12,木,1
搓,common,cuō,扌,12,金,1
搂,common,"lōu,lǒu",扌,12,火,3
搅,common,jiǎo,扌,12,木,3
壹,common,yī,士,12,土,1
握,common,wò,扌,12,土,4
搔,common,sāo,扌,12,金,1
揉,common,róu,扌,12,金,2
斯,common,sī,斤,12,金,1
期,common,"qī,jī",月,12,木,1
欺,common,qī,欠,12,木,1
联,common,lián,耳,12,木,2
葫,common,hú,艹,12,木,2
散,common,"sàn,sǎn",攵,12,金,4
惹,common,rě,心,12,水,3
葬,common,zàng,艹,12,木,4
募,common,mù,力,12,木,4
葛,common,"gě,gé",艹,12,木,3
董,common,dǒng,艹,12,火,3
葡,common,pú,艹,12,木,2
敬,common,jìng,攵,12,木,4
葱,common,cōng,艹,12,木,1
蒋,common,jiǎng,艹,12,木,3
蒂,common,dì,艹,12,木,4
落,common,"là,lào,luō,luò",艹,12,水,4
韩,common,hán,韦,12,水,2
朝,common,"cháo,zhāo",龺,12,金,2
辜,common,gū,辛,12,金,1
葵,common,kuí,艹,12,木,2
棒,common,bàng,木,12,木,4
棱,common,"léng,lēng,líng",木,12,木,2
棋,common,qí,木,12,木,2
椰,common,yē,木,12,木,1
植,common,zhí,木,12,木,2
森,common,sēn,木,12,木,1
焚,common,fén,火,12,火,2
椅,common,"yǐ,yī",木,12,木,3
椒,common,jiāo,木,12,木,1
棵,common,kē,木,12,木,1
棍,common,"gùn,hùn",木,12,木,4
椎,common,"zhuī,chuí",木,12,木,1
棉,common,mián,木,12,木,2
棚,common,péng,木,12,木,2
棕,common,zōng,木,12,木,1
棺,common,guān,木,12,木,1
榔,common,láng,木,12,木,2
椭,common,tuǒ,木,12,木,3
惠,common,huì,心,12,水,4
惑,common,huò,心,12,水,4
逼,common,bī,辶,12,水,1
粟,common,sù,米,12,金,4
棘,common,jí,一,12,木,2
酣,common,hān,酉,12,水,1
酥,common,sū,酉,12,金,1
厨,common,chú,厂,12,金,2
厦,common,"shà,xià",厂,12,木,4
硬,common,yìng,石,12,木,4
硝,common,xiāo,石,12,土,1
确,common,què,石,12,土,4
硫,common,liú,石,12,火,2
雁,common,yàn,厂,12,木,4
殖,common,"zhí,shi",歹,12,金,2
裂,common,"liè,liě",衣,12,火,4
雄,common,xióng,隹,12,水,2
颊,common,jiá,页,12,木,2
雳,common,lì,雨,12,火,4
暂,common,zàn,日,12,火,4
雅,common,"yǎ,yā",隹,12,木,3
翘,common,"qiào,qiáo",羽,12,木,2
辈,common,bèi,车、非,12,水,4
悲,common,bēi,非,12,水,1
紫,common,zǐ,糸,12,金,3
凿,common,záo,业,12,金,2
辉,common,huī,车,12,水,1
敞,common,chǎng,攵,12,金,3
棠,common,táng,木,12,木,2
赏,common,shǎng,贝,12,金,3
掌,common,zhǎng,手,12,金,3
晴,common,qíng,日,12,火,2
睐,common,lài,目,12,火,4
暑,common,shǔ,曰,12,火,3
最,common,zuì,曰,12,木,4
晰,common,xī,日,12,金,1
量,common,"liàng,liáng",日,12,火,4
鼎,common,dǐng,鼎,12,火,3
喷,common,"pēn,pèn",口,12,水,1
喳,common,"zhā,chā",口,12,金,1
晶,common,jīng,日,12,火,1
喇,common,"lā,lá,lǎ",口,12,火,3
遇,common,yù,辶,12,木,4
喊,common,hǎn,口,12,水,3
遏,common,è,辶,12,木,4
晾,common,liàng,日,12,火,4
景,common,"jǐng,yǐng",日,12,木,3
畴,common,chóu,田,12,金,2
践,common,jiàn,⻊,12,火,4
跋,common,bá,⻊,12,水,2
跌,common,diē,⻊,12,火,1
跑,common,"pǎo,páo",⻊,12,水,3
跛,common,bǒ,⻊,12,水,3
遗,common,"yí,wèi",辶,12,木,2
蛙,common,wā,虫,12,土,1
蛛,common,zhū,虫,12,金,1
蜓,common,tíng,虫,12,火,2
蜒,common,yán,虫,12,土,2
蛤,common,"gé,há",虫,12,水,2
喝,common,"hē,hè,yè",口,12,水,1
鹃,common,juān,鸟,12,木,1
喂,common,wèi,口,12,土,4
喘,common,chuǎn,口,12,金,3
喉,common,hóu,口,12,木,2
喻,common,yù,口,12,金,4
啼,common,tí,口,12,火,2
喧,common,xuān,口,12,金,1
嵌,common,"qiàn,kàn",山,12,木,4
幅,common,fú,巾,12,水,2
帽,common,mào,巾,12,水,4
赋,common,fù,贝,12,水,4
赌,common,dǔ,贝,12,火,3
赎,common,shú,贝,12,火,2
赐,common,cì,贝,12,金,4
赔,common,péi,贝,12,水,2
黑,common,hēi,黑,12,土,1
铸,common,zhù,钅,12,金,4
铺,common,"pù,pū",钅,12,金,1
链,common,liàn,钅,12,金,4
销,common,xiāo,钅,12,金,1
锁,common,suǒ,钅,12,金,3
锄,common,chú,钅,12,金,2
锅,common,guō,钅,12,金,1
锈,common,xiù,钅,12,金,4
锋,common,fēng,钅,12,金,1
锌,common,xīn,钅,12,金,1
锐,common,ruì,钅,12,金,4
甥,common,shēng,生,12,金,1
掰,common,bāi,龵,12,火,1
短,common,duǎn,矢,12,火,3
智,common,zhì,日,12,火,4
氮,common,dàn,气,12,火,4
毯,common,tǎn,毛,12,火,3
氯,common,lǜ,气,12,水,4
鹅,common,é,鸟,12,木,2
剩,common,shèng,刂,12,金,4
稍,common,"shāo,shào",禾,12,金,1
程,common,chéng,禾,12,火,2
稀,common,xī,禾,12,木,1
税,common,shuì,禾,12,金,4
筐,common,kuāng,竹,12,木,1
等,common,děng,竹,12,木,3
筑,common,"zhù,zhú",竹,12,木,4
策,common,cè,竹,12,木,4
筛,common,shāi,竹,12,木,1
筒,common,tǒng,竹,12,木,3
筏,common,fá,竹,12,木,2
答,common,"dá,dā",竹,12,木,2
筋,common,jīn,竹,12,木,1
筝,common,zhēng,竹,12,木,1
傲,common,ào,亻,12,土,4
傅,common,fù,亻,12,水,4
牌,common,pái,片,12,水,2
堡,common,"pù,bǎo,bǔ",土,12,土,3
集,common,jí,隹,12,木,2
焦,common,jiāo,隹,12,火,1
傍,common,bàng,亻,12,水,4
储,common,chǔ,亻,12,金,3
皓,common,hào,白,12,木,4
皖,common,wǎn,白,12,木,3
粤,common,yuè,米,12,土,4
奥,common,"ào,yù",大,12,土,4
街,common,jiē,彳,12,木,1
惩,common,chéng,心,12,金,2
御,common,yù,彳,12,木,4
循,common,xún,彳,12,火,2
艇,common,tǐng,舟,12,火,3
舒,common,shū,人,12,金,1
逾,common,yú,辶,12,金,2
番,common,"fān,pān",釆,12,水,1
释,common,shì,釆,12,金,4
禽,common,qín,人,12,金,2
腊,common,"là,xī",月,12,火,4
脾,common,pí,月,12,水,2
腋,common,yè,月,12,土,4
腔,common,qiāng,月,12,金,1
腕,common,wàn,月,12,火,4
鲁,common,lǔ,鱼,12,火,3
猩,common,xīng,犭,12,金,1
猬,common,wèi,犭,12,土,4
猾,common,huá,犭,12,水,2
猴,common,hóu,犭,12,木,2
惫,common,bèi,心,12,水,4
然,common,rán,灬,12,金,2
馈,common,kuì,饣,12,木,4
馋,common,chán,饣,12,金,2
装,common,zhuāng,衣,12,金,1
蛮,common,mán,虫,12,水,2
就,common,jiù,亠,12,火,4
敦,common,"dūn,duì",攵,12,火,1
斌,common,bīn,文,12,水,1
痘,common,dòu,疒,12,火,4
痢,common,lì,疒,12,火,4
痪,common,huàn,疒,12,水,4
痛,common,tòng,疒,12,火,4
童,common,tóng,立,12,金,2
竣,common,jùn,立,12,金,4
阔,common,kuò,门,12,水,4
善,common,shàn,口,12,金,4
翔,common,xiáng,⺶,12,土,2
羡,common,xiàn,羊,12,金,4
普,common,pǔ,日,12,水,3
粪,common,fèn,米,12,水,4
尊,common,zūn,寸,12,金,1
奠,common,diàn,大,12,土,4
道,common,dào,辶,12,火,4
遂,common,"suì,suí",辶,12,火,4
曾,common,"zēng,céng",曰,12,金,2
焰,common,yàn,火,12,火,4
港,common,"gǎng,jiǎng",氵,12,水,3
滞,common,zhì,氵,12,水,4
湖,common,hú,氵,12,水,2
湘,common,xiāng,氵,12,水,1
渣,common,zhā,氵,12,水,1
渤,common,bó,氵,12,水,2
渺,common,miǎo,氵,12,水,3
湿,common,shī,氵,12,水,1
温,common,wēn,氵,12,土,1
渴,common,kě,氵,12,水,3
溃,common,"kuì,huì",氵,12,水,4
溅,common,"jiàn,jiān",氵,12,水,4
滑,common,huá,氵,12,水,2
湃,common,pài,氵,12,水,4
渝,common,yú,氵,12,水,2
湾,common,wān,氵,12,水,1
渡,common,dù,氵,12,水,4
游,common,yóu,氵,12,水,2
滋,common,zī,氵,12,水,1
渲,common,xuàn,氵,12,水,4
溉,common,gài,氵,12,水,4
愤,common,fèn,忄,12,水,4
慌,common,"huāng,·huang",忄,12,木,1
惰,common,duò,忄,12,火,4
愕,common,è,忄,12,木,4
愣,common,lèng,忄,12,火,4
惶,common,huáng,忄,12,水,2
愧,common,kuì,忄,12,木,4
愉,common,"yú,tōu",忄,12,金,2
慨,common,kǎi,忄,12,木,3
割,common,gē,刂,12,金,1
寒,common,hán,宀,12,水,2
富,common,fù,宀,12,水,4
寓,common,yù,宀,12,木,4
窜,common,cuàn,穴,12,金,4
窝,common,wō,穴,12,火,1
窖,common,jiào,穴,12,木,4
窗,common,chuāng,穴,12,金,1
窘,common,jiǒng,穴,12,木,3
遍,common,biàn,辶,12,水,4
雇,common,gù,户,12,木,4
裕,common,yù,衤,12,金,4
裤,common,kù,衤,12,木,4
裙,common,qún,衤,12,木,2
禅,common,"chán,shàn",礻,12,金,4
禄,common,lù,礻,12,火,4
谢,common,xiè,讠,12,金,4
谣,common,yáo,讠,12,火,2
谤,common,bàng,讠,12,水,4
谦,common,qiān,讠,12,木,1
犀,common,xī,尸,12,金,1
属,common,"shǔ,zhǔ",尸,12,金,3
强,common,"qiáng,qiǎng,jiàng",弓,12,木,2
粥,common,"zhōu,yù",米,12,水,1
疏,common,shū,⺪,12,金,1
隔,common,gé,阝,12,木,2
隙,common,xì,阝,12,水,4
隘,common,ài,阝,12,土,4
媒,common,méi,女,12,水,2
絮,common,xù,糸,12,金,4
嫂,common,sǎo,女,12,金,3
媚,common,mèi,女,12,水,4
婿,common,xù,女,12,金,4
登,common,dēng,癶,12,火,1
缅,common,miǎn,纟,12,水,3
缆,common,lǎn,纟,12,火,3
缉,common,"jī,qī",纟,12,木,1
缎,common,duàn,纟,12,火,4
缓,common,huǎn,纟,12,火,3
缔,common,dì,纟,12,火,4
缕,common,lǚ,纟,12,火,3
骗,common,piàn,马,12,水,4
编,common,biān,纟,12,水,1
骚,common,"sāo,sǎo",马,12,金,1
缘,common,yuán,纟,12,土,2
瑟,common,sè,王,13,木,4
鹉,common,wǔ,鸟,13,土,3
瑞,common,ruì,王,13,金,4
瑰,common,guī,王,13,木,1
瑙,common,nǎo,王,13,火,3
魂,common,hún,鬼,13,水,2
肆,common,sì,镸,13,金,4
摄,common,"shè,niè",扌,13,火,4
摸,common,mō,扌,13,水,1
填,common,"tián,zhèn",土,13,土,2
搏,common,bó,扌,13,水,2
塌,common,tā,土,13,土,1
鼓,common,gǔ,鼓,13,木,3
摆,common,bǎi,扌,13,火,3
携,common,xié,扌,13,水,2
搬,common,bān,扌,13,水,1
摇,common,yáo,扌,13,火,2
搞,common,gǎo,扌,13,木,3
塘,common,táng,土,13,土,2
摊,common,tān,扌,13,火,1
聘,common,pìn,耳,13,水,4
斟,common,zhēn,斗,13,金,1
蒜,common,suàn,艹,13,木,4
勤,common,qín,力,13,木,2
靴,common,xuē,革,13,木,1
靶,common,bǎ,革,13,水,3
鹊,common,què,鸟,13,金,4
蓝,common,lán,艹,13,木,2
墓,common,mù,土,13,木,4
幕,common,mù,艹,13,木,4
蓬,common,péng,艹,13,木,2
蓄,common,xù,艹,13,木,4
蒲,common,pú,艹,13,木,2
蓉,common,róng,艹,13,木,2
蒙,common,"méng,mēng,měng",艹,13,水,3
蒸,common,zhēng,艹,13,木,1
献,common,xiàn,犬,13,木,4
椿,common,chūn,木,13,木,1
禁,common,"jìn,jīn",示,13,木,4
楚,common,chǔ,疋,13,金,3
楷,common,"kǎi,jiē",木,13,木,3
榄,common,lǎn,木,13,木,3
想,common,xiǎng,心,13,金,3
槐,common,huái,木,13,木,2
榆,common,yú,木,13,木,2
楼,common,lóu,木,13,木,2
概,common,gài,木,13,木,4
赖,common,lài,⺈,13,火,4
酪,common,lào,酉,13,火,4
酬,common,chóu,酉,13,金,2
感,common,gǎn,心,13,木,3
碍,common,ài,石,13,土,4
碘,common,diǎn,石,13,土,3
碑,common,bēi,石,13,土,1
碎,common,suì,石,13,土,4
碰,common,pèng,石,13,土,4
碗,common,wǎn,石,13,土,3
碌,common,"lù,liù",石,13,土,4
尴,common,gān,尢,13,木,1
雷,common,léi,雨,13,水,2
零,common,líng,雨,13,火,2
雾,common,wù,雨,13,水,4
雹,common,báo,雨,13,水,2
辐,common,fú,车,13,金,2
辑,common,jí,车,13,金,2
输,common,shū,车,13,金,1
督,common,dū,目,13,火,1
频,common,"pín,bīn",页,13,水,2
龄,common,líng,齿,13,火,2
鉴,common,jiàn,金,13,金,4
睛,common,jīng,目,13,木,1
睹,common,dǔ,目,13,金,3
睦,common,mù,目,13,火,4
瞄,common,miáo,目,13,水,2
睫,common,jié,目,13,木,2
睡,common,shuì,目,13,金,4
睬,common,cǎi,目,13,金,3
嗜,common,shì,口,13,金,4
鄙,common,bǐ,阝,13,水,3
嗦,common,suō,口,13,金,1
愚,common,yú,心,13,木,2
暖,common,nuǎn,日,13,火,3
盟,common,méng,皿,13,水,2
歇,common,xiē,欠,13,木,1
暗,common,àn,日,13,土,4
暇,common,xiá,日,13,木,2
照,common,zhào,灬,13,火,4
畸,common,jī,田,13,木,1
跨,common,kuà,⻊,13,木,4
跷,common,qiāo,⻊,13,木,1
跳,common,"tiào,táo",⻊,13,火,4
跺,common,duò,⻊,13,火,4
跪,common,guì,⻊,13,木,4
路,common,lù,⻊,13,火,4
跤,common,jiāo,⻊,13,木,1
跟,common,gēn,⻊,13,木,1
遣,common,qiǎn,辶,13,金,3
蜈,common,wú,虫,13,土,2
蜗,common,wō,虫,13,火,1
蛾,common,"é,yǐ",虫,13,木,2
蜂,common,fēng,虫,13,水,1
蜕,common,tuì,虫,13,火,4
嗅,common,xiù,口,13,金,4
嗡,common,wēng,口,13,土,1
嗓,common,sǎng,口,13,木,3
署,common,shǔ,罒,13,金,3
置,common,zhì,罒,13,火,4
罪,common,zuì,罒,13,木,4
罩,common,zhào,罒,13,火,4
蜀,common,shǔ,虫,13,金,3
幌,common,huǎng,巾,13,火,3
错,common,cuò,钅,13,金,4
锚,common,máo,钅,13,金,2
锡,common,xī,钅,13,金,1
锣,common,luó,钅,13,金,2
锤,common,chuí,钅,13,金,2
锥,common,zhuī,钅,13,金,1
锦,common,jǐn,钅,13,金,3
键,common,jiàn,钅,13,金,4
锯,common,"jù,jū",钅,13,金,4
锰,common,měng,钅,13,金,3
矮,common,ǎi,矢,13,土,3
辞,common,cí,舌,13,金,2
稚,common,zhì,禾,13,土,4
稠,common,chóu,禾,13,金,2
颓,common,tuí,页,13,金,2
愁,common,chóu,心,13,金,2
筹,common,chóu,竹,13,木,2
签,common,qiān,竹,13,木,1
简,common,jiǎn,竹,13,木,3
筷,common,kuài,竹,13,木,4
毁,common,huǐ,殳,13,水,3
舅,common,jiù,臼,13,木,4
鼠,common,shǔ,鼠,13,金,3
催,common,cuī,亻,13,金,1
傻,common,shǎ,亻,13,金,3
像,common,xiàng,亻,13,金,4
躲,common,duǒ,身,13,火,3
魁,common,kuí,鬼,13,木,2
衙,common,yá,彳,13,土,2
微,common,wēi,彳,13,水,1
愈,common,yù,人,13,金,4
遥,common,yáo,辶,13,火,2
腻,common,nì,月,13,木,4
腰,common,yāo,月,13,火,1
腥,common,xīng,月,13,金,1
腮,common,sāi,月,13,金,1
腹,common,fù,月,13,水,4
腺,common,xiàn,月,13,金,4
鹏,common,péng,鸟,13,水,2
腾,common,téng,月,13,火,2
腿,common,tuǐ,月,13,金,3
鲍,common,bào,鱼,13,水,4
猿,common,yuán,犭,13,土,2
颖,common,yǐng,页,13,木,3
触,common,chù,角,13,金,4
解,common,"jiě,jiè,xiè",角,13,木,3
煞,common,"shà,shā",灬,13,金,4
雏,common,chú,隹,13,金,2
馍,common,mó,饣,13,水,2
馏,common,"liú,liù",饣,13,火,4
酱,common,jiàng,酉,13,木,4
禀,common,bǐng,示,13,水,3
痹,common,bì,疒,13,水,4
廓,common,kuò,广,13,木,4
痴,common,chī,疒,13,火,1
痰,common,tán,疒,13,火,2
廉,common,lián,广,13,木,2
靖,common,jìng,立,13,金,4
新,common,xīn,斤,13,金,1
韵,common,yùn,音,13,土,4
意,common,yì,音,13,土,4
誊,common,téng,言,13,火,2
粮,common,liáng,米,13,火,2
数,common,"shù,shǔ,shuò",攵,13,金,4
煎,common,jiān,灬,13,火,1
塑,common,sù,土,13,土,4
慈,common,cí,心,13,金,2
煤,common,méi,火,13,火,2
煌,common,huáng,火,13,火,2
满,common,mǎn,氵,13,水,3
漠,common,mò,氵,13,水,4
滇,common,diān,氵,13,水,1
源,common,yuán,氵,13,水,2
滤,common,lǜ,氵,13,水,4
滥,common,làn,氵,13,水,4
滔,common,tāo,氵,13,水,1
溪,common,xī,氵,13,水,1
溜,common,"liū,liù",氵,13,水,1
漓,common,lí,氵,13,水,2
滚,common,gǔn,氵,13,水,3
溢,common,yì,氵,13,水,4
溯,common,sù,氵,13,水,4
滨,common,bīn,氵,13,水,1
溶,common,róng,氵,13,水,2
溺,common,"nì,niào",氵,13,水,4
粱,common,liáng,米,13,水,2
滩,common,tān,氵,13,水,1
慎,common,shèn,忄,13,金,4
誉,common,yù,言,13,土,4
塞,common,"sāi,sè,sài",宀,13,金,4
寞,common,mò,宀,13,水,4
窥,common,kuī,穴,13,木,1
窟,common,kū,穴,13,木,1
寝,common,qǐn,宀,13,金,3
谨,common,jǐn,讠,13,木,3
褂,common,guà,衤,13,木,4
裸,common,luǒ,衤,13,火,3
福,common,fú,礻,13,水,2
谬,common,miù,讠,13,火,4
群,common,qún,羊,13,木,2
殿,common,diàn,殳,13,火,4
辟,common,"bì,pī,pì",辛,13,水,4
障,common,zhàng,阝,13,火,4
媳,common,xí,女,13,金,2
嫉,common,jí,女,13,木,2
嫌,common,xián,女,13,金,2
嫁,common,jià,女,13,木,4
叠,common,dié,又,13,火,2
缚,common,fù,纟,13,水,4
缝,common,"fèng,féng",纟,13,水,2
缠,common,chán,纟,13,火,2
缤,common,bīn,纟,13,水,1
剿,common,"jiǎo,chāo",刂,13,金,3
静,common,jìng,青,14,金,4
碧,common,bì,石,14,水,4
璃,common,lí,王,14,火,2
赘,common,zhuì,贝,14,火,4
熬,common,"áo,āo",灬,14,火,2
墙,common,qiáng,土,14,土,2
墟,common,xū,土,14,土,1
嘉,common,jiā,士,14,木,1
摧,common,cuī,扌,14,金,1
赫,common,hè,赤,14,木,4
截,common,jié,隹,14,木,2
誓,common,shì,言,14,金,4
境,common,jìng,土,14,土,4
摘,common,zhāi,扌,14,火,1
摔,common,shuāi,扌,14,金,1
撇,common,"piě,piē",扌,14,水,3
聚,common,jù,耳,14,金,4
慕,common,mù,艹,14,水,4
暮,common,mù,日,14,水,4
摹,common,mó,手,14,水,2
蔓,common,"màn,wàn,mán",艹,14,木,4
蔑,common,miè,艹,14,木,4
蔡,common,cài,艹,14,木,4
蔗,common,zhè,艹,14,木,4
蔽,common,bì,艹,14,木,4
蔼,common,ǎi,艹,14,木,3
熙,common,xī,灬,14,水,1
蔚,common,"wèi,yù",艹,14,木,4
兢,common,jīng,十,14,木,1
模,common,"mó,mú",木,14,木,2
槛,common,"kǎn,jiàn",木,14,木,4
榴,common,liú,木,14,木,2
榜,common,"bǎng,bàng",木,14,木,3
榨,common,zhà,木,14,木,4
榕,common,róng,木,14,木,2
歌,common,gē,欠,14,木,1
遭,common,zāo,辶,14,金,1
酵,common,jiào,酉,14,木,4
酷,common,kù,酉,14,木,4
酿,common,niàng,酉,14,木,4
酸,common,suān,酉,14,金,1
碟,common,dié,石,14,土,2
碱,common,jiǎn,石,14,土,3
碳,common,tàn,石,14,土,4
磁,common,cí,石,14,土,2
愿,common,yuàn,厂,14,木,4
需,common,xū,雨,14,金,1
辖,common,xiá,车,14,木,2
辗,common,"niǎn,zhǎn",车,14,火,3
雌,common,cí,隹,14,金,2
裳,common,"cháng,shang",衣,14,火,5
颗,common,kē,页,14,木,1
瞅,common,chǒu,目,14,火,3
墅,common,shù,土,14,土,4
嗽,common,sòu,口,14,金,4
踊,common,yǒng,⻊,14,土,3
蜻,common,qīng,虫,14,金,1
蜡,common,"là,zhà",虫,14,火,4
蝇,common,yíng,虫,14,木,2
蜘,common,zhī,虫,14,金,1
蝉,common,chán,虫,14,金,2
嘛,common,"ma,má",口,14,水,5
嘀,common,dí,口,14,火,2
赚,common,"zhuàn,zuàn",贝,14,木,4
锹,common,qiāo,钅,14,金,1
锻,common,duàn,钅,14,金,4
镀,common,dù,钅,14,金,4
舞,common,wǔ,夕,14,水,3
舔,common,tiǎn,舌,14,火,3
稳,common,wěn,禾,14,土,3
熏,common,"xūn,xùn",灬,14,水,1
箕,common,jī,竹,14,木,1
算,common,suàn,竹,14,木,4
箩,common,luó,竹,14,木,2
管,common,guǎn,竹,14,木,3
箫,common,xiāo,⺮,14,木,1
舆,common,yú,八,14,金,2
僚,common,liáo,亻,14,火,2
僧,common,sēng,亻,14,金,1
鼻,common,bí,鼻,14,水,2
魄,common,pò,白,14,水,4
魅,common,mèi,鬼,14,水,4
貌,common,mào,豸,14,水,4
膜,common,mó,月,14,水,2
膊,common,bó,月,14,水,2
膀,common,"bǎng,páng,pāng",月,14,水,3
鲜,common,"xiān,xiǎn",鱼,14,金,1
疑,common,yí,匕,14,木,2
孵,common,fū,爫,14,水,1
馒,common,mán,饣,14,水,2
裹,common,guǒ,亠,14,火,3
敲,common,qiāo,高,14,木,1
豪,common,háo,亠,14,水,2
膏,common,"gāo,gào",月,14,木,1
遮,common,zhē,辶,14,火,1
腐,common,fǔ,广,14,水,3
瘩,common,"da,dá",疒,14,火,2
瘟,common,wēn,疒,14,水,1
瘦,common,shòu,疒,14,金,4
辣,common,là,辛,14,火,4
彰,common,zhāng,彡,14,火,1
竭,common,jié,立,14,木,2
端,common,duān,立,14,火,1
旗,common,qí,方,14,木,2
精,common,jīng,米,14,金,1
粹,common,cuì,米,14,金,4
歉,common,qiàn,欠,14,木,4
弊,common,bì,廾,14,水,4
熄,common,xī,火,14,火,1
熔,common,róng,火,14,火,2
煽,common,shān,火,14,火,1
潇,common,xiāo,氵,14,水,1
漆,common,qī,氵,14,水,1
漱,common,shù,氵,14,水,4
漂,common,"piāo,piǎo,piào",氵,14,水,1
漫,common,màn,氵,14,水,4
滴,common,dī,氵,14,水,1
漾,common,yàng,氵,14,水,4
演,common,yǎn,氵,14,水,3
漏,common,lòu,氵,14,水,4
慢,common,màn,忄,14,水,4
慷,common,kāng,忄,14,木,1
寨,common,zhài,宀,14,木,4
赛,common,sài,宀,14,金,4
寡,common,guǎ,宀,14,水,3
察,common,chá,宀,14,金,2
蜜,common,mì,宀,14,水,4
寥,common,liáo,宀,14,火,2
谭,common,tán,讠,14,火,2
肇,common,zhào,聿,14,木,4
褐,common,hè,衤,14,水,4
褪,common,"tùn,tuì",衤,14,火,4
谱,common,pǔ,讠,14,水,3
隧,common,suì,阝,14,金,4
嫩,common,nèn,女,14,火,4
翠,common,cuì,羽,14,金,4
熊,common,xióng,灬,14,水,2
凳,common,dèng,癶,14,木,4
骡,common,luó,马,14,火,2
缩,common,"suō,sù",纟,14,金,1
慧,common,huì,心,15,水,4
撵,common,niǎn,扌,15,火,3
撕,common,sī,扌,15,金,1
撒,common,"sā,sǎ",扌,15,水,1
撩,common,"liáo,liāo",扌,15,火,2
趣,common,"qù,cù",走,15,金,4
趟,common,"tàng,tāng",走,15,火,4
撑,common,chēng,扌,15,火,1
撮,common,"cuō,zuǒ",扌,15,金,1
撬,common,qiào,扌,15,木,4
播,common,bō,扌,15,水,1
擒,common,qín,扌,15,木,2
墩,common,dūn,土,15,土,1
撞,common,zhuàng,扌,15,金,4
撤,common,chè,扌,15,火,4
增,common,zēng,土,15,土,1
撰,common,zhuàn,扌,15,火,4
聪,common,cōng,耳,15,金,1
鞋,common,xié,革,15,土,2
鞍,common,ān,革,15,土,1
蕉,common,jiāo,艹,15,木,1
蕊,common,ruǐ,艹,15,木,3
蔬,common,shū,艹,15,木,1
蕴,common,yùn,艹,15,木,4
横,common,"héng,hèng",木,15,木,2
槽,common,cáo,木,15,木,2
樱,common,yīng,木,15,木,1
橡,common,xiàng,木,15,木,4
樟,common,zhāng,木,15,木,1
橄,common,gǎn,木,15,木,3
敷,common,fū,攵,15,金,1
豌,common,wān,豆,15,土,1
飘,common,piāo,风,15,火,1
醋,common,cù,酉,15,金,4
醇,common,chún,酉,15,水,2
醉,common,zuì,酉,15,木,4
磕,common,kē,石,15,土,1
磊,common,lěi,石,15,土,3
磅,common,"bàng,páng",石,15,土,4
碾,common,niǎn,石,15,土,3
震,common,zhèn,雨,15,水,4
霄,common,xiāo,雨,15,水,1
霉,common,méi,雨,15,水,2
瞒,common,"mán,mén",目,15,水,2
题,common,tí,页,15,火,2
暴,common,"bào,pù",日,15,水,4
瞎,common,xiā,目,15,木,1
嘻,common,xī,口,15,金,1
嘶,common,sī,口,15,金,1
嘲,common,"cháo,zhāo",口,15,火,2
嘹,common,liáo,口,15,火,2
影,common,yǐng,彡,15,土,3
踢,common,tī,⻊,15,火,1
踏,common,"tà,tā",⻊,15,火,4
踩,common,cǎi,⻊,15,金,3
踪,common,zōng,⻊,15,金,1
蝶,common,dié,虫,15,火,2
蝴,common,hú,虫,15,土,2
蝠,common,fú,虫,15,水,2
蝎,common,xiē,虫,15,木,1
蝌,common,kē,虫,15,木,1
蝗,common,huáng,虫,15,木,2
蝙,common,biān,虫,15,水,1
嘿,common,"hēi,mò",口,15,土,1
嘱,common,zhǔ,口,15,金,3
幢,common,"zhuàng,chuáng",巾,15,金,2
墨,common,mò,土,15,水,4
镇,common,zhèn,钅,15,金,4
镐,common,"hào,gǎo",钅,15,金,4
镑,common,bàng,钅,15,金,4
靠,common,kào,非,15,木,4
稽,common,"jī,qǐ",禾,15,木,1
稻,common,dào,禾,15,木,4
黎,common,lí,氺,15,火,2
稿,common,gǎo,禾,15,木,3
稼,common,jià,禾,15,木,4
箱,common,xiāng,竹,15,木,1
篓,common,lǒu,竹,15,木,3
箭,common,jiàn,竹,15,木,4
篇,common,piān,竹,15,木,1
僵,common,jiāng,亻,15,木,1
躺,common,tǎng,身,15,火,3
僻,common,pì,亻,15,火,4
德,common,dé,彳,15,火,2
艘,common,sōu,舟,15,金,1
膝,common,xī,月,15,金,1
膛,common,táng,月,15,火,2
鲤,common,lǐ,鱼,15,火,3
鲫,common,jì,鱼,15,木,4
熟,common,"shú,shóu",灬,15,金,2
摩,common,"mó,mā",麻,15,水,2
褒,common,bāo,亠,15,水,1
瘪,common,"biě,biē",疒,15,水,1
瘤,common,liú,疒,15,火,2
瘫,common,tān,疒,15,火,1
凛,common,lǐn,冫,15,水,3
颜,common,yán,页,15,木,2
毅,common,yì,殳,15,木,4
糊,common,"hú,hū,hù",米,15,土,2
遵,common,zūn,辶,15,金,1
憋,common,biē,心,15,水,1
潜,common,qián,氵,15,水,2
澎,common,"péng,pēng",氵,15,水,2
潮,common,cháo,氵,15,水,2
潭,common,tán,氵,15,水,2
鲨,common,shā,鱼,15,水,1
澳,common,ào,氵,15,水,4
潘,common,pān,氵,15,水,1
澈,common,chè,氵,15,水,4
澜,common,lán,氵,15,水,2
澄,common,"chéng,dèng",氵,15,水,2
懂,common,dǒng,忄,15,木,3
憔,common,qiáo,忄,15,木,2
懊,common,ào,忄,15,土,4
憎,common,zēng,忄,15,金,1
额,common,é,页,15,木,2
翩,common,piān,羽,15,水,1
褥,common,rù,衤,15,金,4
谴,common,qiǎn,讠,15,金,3
鹤,common,hè,鸟,15,水,4
憨,common,hān,心,15,水,1
慰,common,wèi,心,15,土,4
劈,common,"pī,pǐ",刀,15,金,1
履,common,lǚ,尸,15,水,3
豫,common,yù,⺈,15,土,4
缭,common,liáo,纟,15,火,2
撼,common,hàn,扌,16,水,4
擂,common,"lèi,léi",扌,16,火,2
操,common,cāo,扌,16,金,1
擅,common,shàn,扌,16,金,4
燕,common,"yàn,yān",灬,16,土,4
蕾,common,lěi,艹,16,木,3
薯,common,shǔ,艹,16,木,3
薛,common,xuē,艹,16,木,1
薇,common,wēi,艹,16,木,1
擎,common,qíng,手,16,木,2
薪,common,xīn,艹,16,木,1
薄,common,"báo,bó,bò",艹,16,水,2
颠,common,diān,页,16,金,1
翰,common,hàn,龺、羽,16,水,4
噩,common,è,王,16,木,4
橱,common,chú,木,16,木,2
橙,common,chéng,木,16,木,2
橘,common,jú,木,16,木,2
整,common,zhěng,攵,16,金,3
融,common,róng,鬲,16,土,2
瓢,common,piáo,瓜,16,水,2
醒,common,xǐng,酉,16,金,3
霍,common,huò,雨,16,水,4
霎,common,shà,雨,16,水,4
辙,common,zhé,车,16,火,2
冀,common,jì,匕、八,16,木,4
餐,common,cān,食,16,金,1
嘴,common,zuǐ,口,16,木,3
踱,common,duó,⻊,16,火,2
蹄,common,tí,⻊,16,火,2
蹂,common,róu,⻊,16,金,2
蟆,common,"má,mò",虫,16,火,2
螃,common,páng,虫,16,水,2
器,common,qì,口,16,木,4
噪,common,zào,口,16,金,4
鹦,common,yīng,鸟,16,土,1
赠,common,zèng,贝,16,火,4
默,common,mò,黑,16,水,4
黔,common,qián,黑,16,木,2
镜,common,jìng,钅,16,金,4
赞,common,zàn,贝,16,金,4
穆,common,mù,禾,16,金,4
篮,common,lán,竹,16,木,2
篡,common,cuàn,竹,16,木,4
篷,common,péng,竹,16,木,2
篱,common,lí,竹,16,木,2
儒,common,rú,亻,16,金,2
邀,common,yāo,辶,16,木,1
衡,common,héng,彳,16,土,2
膨,common,péng,月,16,水,2
雕,common,diāo,隹,16,金,1
鲸,common,jīng,鱼,16,木,1
磨,common,"mó,mò",麻,16,土,2
瘾,common,yǐn,疒,16,土,3
瘸,common,qué,疒,16,金,2
凝,common,níng,冫,16,水,2
辨,common,biàn,辛,16,水,4
辩,common,biàn,辛,16,水,4
糙,common,cāo,米,16,金,1
糖,common,táng,米,16,火,2
糕,common,gāo,米,16,木,1
燃,common,rán,火,16,火,2
濒,common,bīn,氵,16,水,1
澡,common,zǎo,氵,16,水,3
激,common,jī,氵,16,木,1
懒,common,lǎn,忄,16,火,3
憾,common,hàn,忄,16,水,4
懈,common,xiè,忄,16,水,4
窿,common,lóng,穴,16,火,2
壁,common,bì,土,16,土,4
避,common,bì,辶,16,水,4
缰,common,jiāng,纟,16,木,1
缴,common,"jiǎo,zhuó",纟,16,木,3
戴,common,dài,十,17,火,4
擦,common,cā,扌,17,金,1
藉,common,"jiè,jí",艹,17,木,4
鞠,common,jū,革,17,木,1
藏,common,"cáng,zàng",艹,17,木,4
藐,common,miǎo,艹,17,木,3
檬,common,méng,木,17,木,2
檐,common,yán,木,17,木,2
檀,common,tán,木,17,木,2
礁,common,jiāo,石,17,土,1
磷,common,lín,石,17,火,2
霜,common,shuāng,雨,17,水,1
霞,common,xiá,雨,17,水,2
瞭,common,"liǎo,liào",目,17,火,4
瞧,common,qiáo,目,17,木,2
瞬,common,shùn,目,17,金,4
瞳,common,tóng,目,17,火,2
瞩,common,zhǔ,目,17,金,3
瞪,common,dèng,目,17,木,4
曙,common,shǔ,日,17,火,3
蹋,common,tà,⻊,17,火,4
蹈,common,dǎo,⻊,17,火,3
螺,common,luó,虫,17,火,2
蟋,common,xī,虫,17,金,1
蟀,common,shuài,虫,17,金,4
嚎,common,háo,口,17,水,2
赡,common,shàn,贝,17,火,4
穗,common,suì,禾,17,水,4
魏,common,wèi,鬼,17,木,4
簧,common,huáng,竹,17,木,2
簇,common,cù,竹,17,木,4
繁,common,"fán,pó",糸,17,水,2
徽,common,huī,彳,17,金,1
爵,common,jué,爫,17,火,2
朦,common,méng,月,17,水,2
臊,common,"sào,sāo",月,17,金,1
鳄,common,è,鱼,17,木,4
癌,common,ái,疒,17,土,2
辫,common,biàn,辛,17,水,4
赢,common,yíng,月,17,火,2
糟,common,zāo,米,17,金,1
糠,common,kāng,米,17,木,1
燥,common,zào,火,17,火,4
懦,common,nuò,忄,17,火,4
豁,common,"huō,huò,huá",谷,17,木,4
臀,common,tún,月,17,火,2
臂,common,"bì,bei",月,17,水,5
翼,common,yì,羽,17,金,4
骤,common,zhòu,马,17,金,4
藕,common,ǒu,艹,18,木,3
鞭,common,biān,革,18,水,1
藤,common,téng,艹,18,木,2
覆,common,fù,覀,18,水,4
瞻,common,zhān,目,18,火,1
蹦,common,bèng,⻊,18,土,4
嚣,common,"áo,xiāo",口,18,木,1
镰,common,lián,钅,18,金,2
翻,common,fān,羽,18,水,1
鳍,common,qí,鱼,18,水,2
鹰,common,yīng,广,18,木,1
瀑,common,"bào,pù",氵,18,水,4
襟,common,jīn,衤,18,木,1
璧,common,bì,玉,18,土,4
戳,common,chuō,戈,18,火,1
孽,common,niè,子,19,木,4
警,common,jǐng,言,19,木,3
蘑,common,mó,艹,19,木,2
藻,common,zǎo,艹,19,水,3
攀,common,pān,手,19,木,1
曝,common,"pù,bào",日,19,火,4
蹲,common,"dūn,cún",⻊,19,火,1
蹭,common,cèng,⻊,19,火,4
蹬,common,"dēng,dèng",⻊,19,木,4
巅,common,diān,山,19,土,1
簸,common,"bò,bǒ",竹,19,木,4
簿,common,"bù,bó",竹,19,水,4
蟹,common,xiè,虫,19,木,4
颤,common,"chàn,zhàn",页,19,火,4
靡,common,"mí,mǐ",麻,19,水,3
癣,common,xuǎn,疒,19,金,3
瓣,common,bàn,辛,19,水,4
羹,common,gēng,羊,19,水,1
鳖,common,biē,鱼,19,水,1
爆,common,bào,火,19,火,4
疆,common,"jiāng,qiáng",弓,19,土,1
鬓,common,bìn,髟,20,水,4
壤,common,rǎng,土,20,土,3
馨,common,xīn,香,20,金,1
耀,common,yào,光,20,火,4
躁,common,zào,⻊,20,金,4
蠕,common,rú,虫,20,金,2
嚼,common,"jiáo,jué,jiào",口,20,火,2
嚷,common,"rǎng,rāng",口,20,水,3
巍,common,wēi,山,20,土,1
籍,common,jí,竹,20,木,2
鳞,common,lín,鱼,20,火,2
魔,common,mó,麻,20,水,2
糯,common,nuò,米,20,火,4
灌,common,guàn,氵,20,水,4
譬,common,pì,言,20,水,4
蠢,common,chǔn,虫,21,金,3
霸,common,bà,雨,21,水,4
露,common,"lù,lòu",雨,21,水,4
霹,common,pī,雨,21,水,1
躏,common,lìn,⻊,21,火,4
黯,common,àn,黑,21,水,4
髓,common,suǐ,骨,21,金,3
赣,common,gàn,音、贝,21,木,4
囊,common,"náng,nāng",一,22,火,2
镶,common,xiāng,钅,22,金,1
瓤,common,ráng,瓜,22,水,2
罐,common,guàn,缶,23,土,4
矗,common,chù,十,24,金,4
乜,standard,"niè,miē",乙,2,水,1
兀,standard,"wù,wū",儿,3,土,4
弋,standard,yì,弋,3,火,4
孑,standard,jié,子,3,木,2
孓,standard,jué,子,3,火,2
幺,standard,yāo,幺,3,火,1
亓,standard,qí,一,4,木,2
韦,standard,wéi,韦,4,土,2
廿,standard,niàn,一,4,木,4
卅,standard,sà,一,4,水,4
仄,standard,zè,厂,4,金,4
厄,standard,è,厂,4,土,4
仃,standard,dīng,亻,4,火,1
仉,standard,zhǎng,亻,4,火,3
仂,standard,lè,亻,4,火,4
兮,standard,xī,八,4,金,1
刈,standard,yì,刂,4,金,4
爻,standard,yáo,爻,4,火,2
卞,standard,biàn,卜,4,木,4
闩,standard,shuān,门,4,金,1
讣,standard,fù,讠,4,水,4
尹,standard,yǐn,乛,4,土,3
爿,standard,pán,爿,4,水,2
毋,standard,wú,毋,4,水,2
邗,standard,hán,阝,5,水,2
邛,standard,qióng,阝,5,金,2
艽,standard,"jiāo,qiú",艹,5,木,1
艿,standard,nǎi,艹,5,木,3
札,standard,zhá,木,5,木,2
叵,standard,pǒ,口,5,水,3
匝,standard,zā,匚,5,水,1
丕,standard,pī,一,5,水,1
劢,standard,mài,力,5,水,4
卟,standard,bǔ,卜,5,水,3
叱,standard,chì,口,5,金,4
叻,standard,lè,口,5,火,4
仨,standard,sā,亻,5,水,1
仕,standard,shì,亻,5,金,4
仟,standard,qiān,亻,5,金,1
仡,standard,"yì,gē",亻,5,木,1
仫,standard,mù,亻,5,水,4
仞,standard,rèn,亻,5,金,4
卮,standard,zhī,⺁,5,金,1
氐,standard,"dī,dǐ",氏,5,火,3
犰,standard,qiú,犭,5,木,2
刍,standard,chú,刀,5,金,2
邝,standard,kuàng,阝,5,木,4
邙,standard,máng,阝,5,水,2
汀,standard,tīng,氵,5,水,1
讦,standard,jié,讠,5,木,2
讧,standard,hòng,讠,5,木,4
讪,standard,shàn,讠,5,金,4
讫,standard,qì,讠,5,水,4
尻,standard,kāo,尸,5,金,1
阡,standard,qiān,阝,5,金,1
尕,standard,gǎ,小,5,木,3
弁,standard,biàn,廾,5,水,4
驭,standard,yù,马,5,木,4
匡,standard,kuāng,匚,6,木,1
耒,standard,lěi,耒,6,火,3
玎,standard,dīng,王,6,火,1
玑,standard,jī,王,6,木,1
邢,standard,xíng,阝,6,金,2
圩,standard,"xū,wéi",土,6,土,2
圬,standard,wū,土,6,土,1
圭,standard,guī,土,6,土,1
扦,standard,qiān,扌,6,木,1
圪,standard,gē,土,6,土,1
圳,standard,zhèn,土,6,土,4
圹,standard,kuàng,土,6,土,4
扪,standard,mén,扌,6,水,2
圮,standard,pǐ,土,6,土,3
圯,standard,yí,土,6,土,2
芊,standard,qiān,艹,6,木,1
芍,standard,"sháo,què",艹,6,木,2
芄,standard,wán,艹,6,木,2
芨,standard,jī,艹,6,木,1
芑,standard,qǐ,艹,6,木,3
芎,standard,xiōng,艹,6,木,1
芗,standard,xiāng,艹,6,木,1
亘,standard,gèn,一,6,火,4
厍,standard,shè,厂,6,金,4
夼,standard,kuǎng,大,6,木,3
戍,standard,shù,戈,6,土,4
尥,standard,liào,尢,6,火,4
乩,standard,jī,乙,6,木,1
旯,standard,lá,日,6,火,2
曳,standard,yè,丨,6,金,4
岌,standard,jí,山,6,土,2
屺,standard,qǐ,山,6,土,3
凼,standard,dàng,凵,6,水,4
囡,standard,nān,囗,6,火,1
钇,standard,yǐ,钅,6,金,3
缶,standard,fǒu,缶,6,水,3
氘,standard,dāo,气,6,火,1
氖,standard,nǎi,气,6,火,3
牝,standard,pìn,牜,6,水,4
伎,standard,"jì,qí",亻,6,木,4
伛,standard,yǔ,亻,6,金,3
伢,standard,yá,亻,6,土,2
佤,standard,wǎ,亻,6,火,3
仵,standard,wǔ,亻,6,土,3
伥,standard,chāng,亻,6,金,1
伧,standard,"chen,cāng",亻,6,金,1
伉,standard,kàng,亻,6,木,4
伫,standard,zhù,亻,6,金,4
囟,standard,xìn,囗,6,金,4
汆,standard,cuān,水,6,金,1
刖,standard,yuè,刂,6,金,4
夙,standard,sù,夕,6,金,4
旮,standard,gā,日,6,火,1
刎,standard,wěn,刂,6,金,3
犷,standard,guǎng,犭,6,木,3
犸,standard,mǎ,犭,6,水,3
舛,standard,chuǎn,夕,6,金,3
凫,standard,fú,几,6,水,2
邬,standard,wū,阝,6,土,1
饧,standard,"táng,xíng",饣,6,火,2
汕,standard,shàn,氵,6,水,4
汔,standard,qì,氵,6,水,4
汐,standard,xī,氵,6,水,1
汲,standard,jí,氵,6,水,2
汜,standard,sì,氵,6,水,4
汊,standard,chà,氵,6,水,4
忖,standard,cǔn,忄,6,金,3
忏,standard,chàn,忄,6,金,4
讴,standard,ōu,讠,6,土,1
讵,standard,jù,讠,6,木,4
祁,standard,qí,礻,6,木,2
讷,standard,nè,讠,6,火,4
聿,standard,yù,聿,6,木,4
艮,standard,"gèn,gěn",艮,6,土,4
阱,standard,jǐng,阝,6,木,3
阮,standard,ruǎn,阝,6,木,3
阪,standard,bǎn,阝,6,水,3
丞,standard,chéng,一,6,金,2
妁,standard,shuò,女,6,金,4
牟,standard,"mù,móu",牛,6,水,2
纡,standard,yū,纟,6,土,1
纣,standard,zhòu,纟,6,火,4
纥,standard,"hé,gē",纟,6,木,2
纨,standard,wán,纟,6,火,2
玕,standard,gān,王,7,土,1
玙,standard,yú,王,7,土,2
抟,standard,tuán,扌,7,火,2
圻,standard,"qí,yín",土,7,土,2
坂,standard,bǎn,土,7,土,3
坍,standard,tān,土,7,土,1
坞,standard,wù,土,7,土,4
抃,standard,biàn,扌,7,水,4
抉,standard,jué,扌,7,火,2
芫,standard,"yuán,yán",艹,7,木,2
邯,standard,hán,阝,7,水,2
芸,standard,yún,艹,7,木,2
芾,standard,"fèi,fú",艹,7,木,4
苈,standard,lì,艹,7,木,4
苣,standard,"jù,qǔ",艹,7,木,4
芷,standard,zhǐ,艹,7,木,3
芮,standard,ruì,艹,7,火,4
苋,standard,xiàn,艹,7,木,4
芼,standard,"mào,máo",艹,7,木,4
苌,standard,cháng,艹,7,木,2
苁,standard,cōng,艹,7,木,1
芩,standard,qín,艹,7,木,2
芪,standard,qí,艹,7,木,2
芡,standard,qiàn,艹,7,木,4
芟,standard,shān,艹,7,木,1
苄,standard,biàn,艹,7,木,4
苎,standard,zhù,艹,7,木,4
苡,standard,yǐ,艹,7,木,3
杌,standard,wù,木,7,木,4
杓,standard,"sháo,biāo",木,7,木,2
杞,standard,qǐ,木,7,木,3
杈,standard,"chā,chà",木,7,木,1
忑,standard,tè,心,7,火,4
孛,standard,"bèi,bó",子,7,水,4
邴,standard,bǐng,阝,7,水,3
邳,standard,pī,阝,7,水,1
矶,standard,jī,石,7,土,1
奁,standard,lián,大,7,火,2
豕,standard,shǐ,豕,7,水,3
忒,standard,"tè,tēi,tuī",心,7,金,4
欤,standard,yú,欠,7,土,2
轫,standard,rèn,车,7,金,4
迓,standard,yà,辶,7,土,4
邶,standard,bèi,阝,7,水,4
忐,standard,tǎn,心,7,火,3
卣,standard,yǒu,卜,7,土,3
邺,standard,yè,阝,7,土,4
旰,standard,"gàn,hàn",日,7,火,4
呋,standard,fū,口,7,水,1
呒,standard,ḿ,口,7,金,2
呓,standard,yì,口,7,土,4
呔,standard,"dāi,tǎi",口,7,火,1
呖,standard,lì,口,7,火,4
呃,standard,"è,e",口,7,木,4
旸,standard,yáng,日,7,火,2
吡,standard,"bǐ,pǐ",口,7,水,3
町,standard,"tǐng,dīng",田,7,火,1
虬,standard,qiú,虫,7,木,2
呗,standard,"bài,bei",口,7,水,5
吽,standard,"ōu,hōng,hǒu",口,7,金,2
吣,standard,qìn,口,7,金,4
吲,standard,"yǐn,shěn",口,7,土,3
帏,standard,wéi,巾,7,土,2
岐,standard,qí,山,7,土,2
岈,standard,yá,山,7,土,2
岘,standard,xiàn,山,7,土,4
岑,standard,cén,山,7,木,2
岚,standard,lán,山,7,土,2
兕,standard,sì,儿,7,金,4
囵,standard,lún,囗,7,火,2
囫,standard,hú,囗,7,水,2
钊,standard,zhāo,钅,7,金,1
钋,standard,pō,钅,7,金,1
钌,standard,"liào,liǎo",钅,7,金,3
迕,standard,wǔ,辶,7,土,3
氙,standard,xiān,气,7,土,1
氚,standard,chuān,气,7,金,1
佞,standard,nìng,亻,7,火,4
邱,standard,qiū,阝,7,木,1
攸,standard,yōu,攵,7,土,1
佚,standard,"yì,dié",亻,7,土,4
佝,standard,gōu,亻,7,水,1
佟,standard,tóng,亻,7,火,2
佗,standard,tuó,亻,7,火,2
伽,standard,"jiā,qié,gā",亻,7,木,1
彷,standard,"páng,fǎng",彳,7,水,2
佘,standard,shé,人,7,金,2
佥,standard,qiān,人,7,木,1
孚,standard,fú,子,7,水,2
豸,standard,"zhì,zhài",豸,7,火,4
坌,standard,bèn,土,7,土,4
肟,standard,wò,月,7,火,4
邸,standard,dǐ,阝,7,火,3
奂,standard,huàn,大,7,水,4
劬,standard,qú,力,7,木,2
狄,standard,dí,犭,7,火,2
狁,standard,yǔn,犭,7,土,3
鸠,standard,jiū,鸟,7,水,1
邹,standard,zōu,阝,7,金,1
饨,standard,tún,饣,7,火,5
饩,standard,xì,饣,7,金,4
饪,standard,rèn,饣,7,金,4
饫,standard,yù,饣,7,木,4
饬,standard,chì,饣,7,金,4
亨,standard,"hēng,pēng",亠,7,水,1
庑,standard,wǔ,广,7,土,3
庋,standard,guǐ,广,7,木,3
疔,standard,dīng,疒,7,火,1
疖,standard,jiē,疒,7,木,1
肓,standard,huāng,月,7,木,1
闱,standard,wéi,门,7,土,2
闳,standard,hóng,门,7,木,2
闵,standard,mǐn,门,7,水,3
羌,standard,qiāng,⺶,7,木,1
炀,standard,yáng,火,7,火,2
沣,standard,fēng,氵,7,水,1
沅,standard,yuán,氵,7,水,2
沔,standard,miǎn,氵,7,水,3
沤,standard,"ōu,òu",氵,7,水,4
沌,standard,"dùn,zhuàn",氵,7,水,4
沏,standard,qī,氵,7,水,1
沚,standard,zhǐ,氵,7,水,3
汩,standard,gǔ,氵,7,水,3
汨,standard,mì,氵,7,水,4
沂,standard,yí,氵,7,水,2
汾,standard,fén,氵,7,水,2
沨,standard,fēng,氵,7,水,1
汴,standard,biàn,氵,7,水,4
汶,standard,"wèn,mén",氵,7,水,4
沆,standard,hàng,氵,7,水,4
沩,standard,wéi,氵,7,水,2
泐,standard,lè,氵,7,水,4
怃,standard,wǔ,忄,7,土,3
怄,standard,òu,忄,7,土,4
忡,standard,chōng,忄,7,金,1
忤,standard,wǔ,忄,7,土,3
忾,standard,"kài,xì",忄,7,木,4
怅,standard,chàng,忄,7,金,4
忻,standard,xīn,忄,7,水,1
忪,standard,"sōng,zhōng",忄,7,金,1
怆,standard,chuàng,忄,7,金,4
忭,standard,biàn,忄,7,水,4
忸,standard,niǔ,忄,7,水,3
诂,standard,gǔ,讠,7,木,3
诃,standard,hē,讠,7,水,1
诅,standard,zǔ,讠,7,金,3
诋,standard,dǐ,讠,7,火,3
诌,standard,zhōu,讠,7,金,1
诏,standard,zhào,讠,7,金,4
诒,standard,"yí,dài",讠,7,土,2
孜,standard,zī,子,7,金,1
陇,standard,lǒng,阝,7,火,3
陀,standard,tuó,阝,7,火,2
陂,standard,"bēi,pō,pí",阝,7,水,1
陉,standard,xíng,阝,7,金,2
妍,standard,yán,女,7,水,2
妩,standard,wǔ,女,7,木,3
妪,standard,yù,女,7,木,4
妣,standard,bǐ,女,7,水,3
妊,standard,rèn,女,7,金,4
妗,standard,jìn,女,7,木,4
妫,standard,guī,女,7,木,1
妞,standard,niū,女,7,水,1
姒,standard,sì,女,7,金,4
妤,standard,yú,女,7,水,2
邵,standard,shào,阝,7,金,4
劭,standard,shào,力,7,金,4
刭,standard,jǐng,刂,7,金,3
甬,standard,yǒng,用,7,土,3
邰,standard,tái,阝,7,火,2
纭,standard,yún,纟,7,木,2
纰,standard,"pī,pí,bǐ",纟,7,金,1
纴,standard,rèn,纟,7,金,4
纶,standard,"lún,guān",纟,7,火,2
纾,standard,shū,纟,7,金,1
玮,standard,wěi,王,8,土,3
玡,standard,yá,王,8,土,2
玭,standard,pín,王,8,土,2
玠,standard,jiè,王,8,土,4
玢,standard,"bīn,fēn",王,8,水,1
玥,standard,yuè,王,8,土,4
玦,standard,jué,王,8,火,2
盂,standard,yú,皿,8,土,2
忝,standard,tiǎn,一,8,火,3
匦,standard,guǐ,匚,8,木,3
坩,standard,gān,土,8,土,1
抨,standard,pēng,扌,8,水,1
坫,standard,diàn,土,8,土,4
拈,standard,niān,扌,8,木,1
垆,standard,lú,土,8,土,2
抻,standard,chēn,扌,8,金,1
拊,standard,fǔ,扌,8,水,3
坼,standard,chè,土,8,火,4
坻,standard,"dǐ,chí",土,8,土,2
坨,standard,tuó,土,8,土,2
坭,standard,ní,土,8,土,2
抿,standard,mǐn,扌,8,水,3
坳,standard,ào,土,8,土,4
耶,standard,"yē,yé",耳,8,土,1
苷,standard,gān,艹,8,木,1
苯,standard,běn,艹,8,木,3
苤,standard,piě,艹,8,木,3
茏,standard,lóng,艹,8,木,2
苫,standard,"shān,shàn",艹,8,木,1
苜,standard,mù,艹,8,木,4
苴,standard,"jū,chá",艹,8,木,1
苒,standard,rǎn,艹,8,木,3
苘,standard,qǐng,艹,8,木,3
茌,standard,chí,艹,8,木,2
苻,standard,fú,艹,8,木,2
苓,standard,líng,艹,8,木,2
茚,standard,yìn,艹,8,木,4
茆,standard,máo,艹,8,木,2
茑,standard,niǎo,艹,8,木,3
茓,standard,xué,艹,8,木,2
茔,standard,yíng,艹,8,土,2
茕,standard,qióng,艹,8,木,2
茀,standard,fú,艹,8,木,2
苕,standard,"tiáo,sháo",艹,8,木,2
枥,standard,lì,木,8,木,4
枇,standard,pí,木,8,木,2
杪,standard,miǎo,木,8,木,3
杳,standard,yǎo,木,8,木,3
枧,standard,jiǎn,木,8,木,3
杵,standard,chǔ,木,8,木,3
枨,standard,chéng,木,8,木,2
枞,standard,"cōng,zōng",木,8,木,1
枋,standard,"fāng,bìng",木,8,木,1
杻,standard,"niǔ,chǒu",木,8,木,3
杷,standard,pá,木,8,木,2
杼,standard,zhù,木,8,木,4
矸,standard,gān,石,8,土,1
砀,standard,dàng,石,8,火,4
刳,standard,kū,刂,8,金,1
奄,standard,"yǎn,yān",大,8,土,3
瓯,standard,ōu,瓦,8,土,1
殁,standard,mò,歹,8,水,4
郏,standard,jiá,阝,8,木,2
轭,standard,è,车,8,木,4
郅,standard,zhì,阝,8,火,4
鸢,standard,yuān,鸟,8,土,1
盱,standard,xū,目,8,土,1
昊,standard,hào,日,8,火,4
昙,standard,tán,日,8,火,2
杲,standard,gǎo,木,8,木,3
昃,standard,zè,日,8,金,4
咂,standard,zā,口,8,水,1
呸,standard,pēi,口,8,水,1
昕,standard,xīn,日,8,火,1
昀,standard,yún,日,8,土,2
旻,standard,mín,日,8,火,2
昉,standard,fǎng,日,8,火,3
炅,standard,"jiǒng,guì",火,8,火,4
咔,standard,"kǎ,kā",口,8,木,3
畀,standard,bì,田,8,水,4
虮,standard,jǐ,虫,8,木,3
咀,standard,"zuǐ,jǔ",口,8,木,3
呷,standard,"xiā,gā",口,8,木,1
黾,standard,"miǎn,mǐn,měng",黾,8,水,3
呱,standard,"guā,gū,guǎ",口,8,木,1
呤,standard,lìng,口,8,火,4
咚,standard,dōng,口,8,火,1
咆,standard,páo,口,8,水,2
咛,standard,níng,口,8,火,2
呶,standard,náo,口,8,火,2
呣,standard,"ḿ,m̀",口,8,金,2
呦,standard,yōu,口,8,土,1
咝,standard,sī,口,8,金,1
岢,standard,kě,山,8,土,3
岿,standard,kuī,山,8,土,1
岬,standard,jiǎ,山,8,土,3
岫,standard,xiù,山,8,土,4
帙,standard,zhì,巾,8,火,4
岣,standard,gǒu,山,8,土,3
峁,standard,mǎo,山,8,土,3
刿,standard,guì,刂,8,金,4
迥,standard,jiǒng,辶,8,木,3
岷,standard,mín,山,8,土,2
剀,standard,kǎi,刂,8,金,3
帔,standard,pèi,巾,8,水,4
峄,standard,yì,山,8,土,4
沓,standard,"tà,dá",水,8,火,4
囹,standard,líng,囗,8,火,2
罔,standard,wǎng,冂,8,火,3
钍,standard,tǔ,钅,8,金,3
钎,standard,qiān,钅,8,金,1
钏,standard,chuàn,钅,8,金,4
钒,standard,fán,钅,8,金,2
钕,standard,nǚ,钅,8,金,3
钗,standard,chāi,钅,8,金,1
邾,standard,zhū,阝,8,金,1
迮,standard,zé,辶,8,金,2
牦,standard,máo,牜,8,水,2
竺,standard,"zhú,dǔ",竹,8,木,2
迤,standard,"yǐ,yí",辶,8,土,3
佶,standard,jí,亻,8,木,2
佬,standard,lǎo,亻,8,火,3
佰,standard,bǎi,亻,8,火,3
侑,standard,yòu,亻,8,土,4
侉,standard,kuǎ,亻,8,木,3
臾,standard,yú,丿,8,土,2
岱,standard,dài,山,8,火,4
侗,standard,"dòng,tǒng,tóng",亻,8,火,4
侃,standard,kǎn,亻,8,金,3
侏,standard,zhū,亻,8,金,1
侩,standard,kuài,亻,8,木,4
佻,standard,tiāo,亻,8,火,1
佾,standard,yì,亻,8,土,4
侪,standard,chái,亻,8,金,2
佼,standard,jiǎo,亻,8,木,3
佯,standard,yáng,亻,8,火,2
侬,standard,nóng,亻,8,火,2
帛,standard,bó,巾,8,水,2
阜,standard,fù,阜,8,水,4
侔,standard,móu,亻,8,水,2
徂,standard,cú,彳,8,火,2
刽,standard,guì,刂,8,金,4
郄,standard,"xì,qiè",阝,8,金,4
怂,standard,sǒng,心,8,金,3
籴,standard,dí,米,8,火,2
瓮,standard,wèng,瓦,8,土,4
戗,standard,"qiāng,qiàng",戈,8,金,1
肼,standard,jǐng,月,8,木,3
䏝,standard,"zhuān,chuán,chún,zhuǎn",月,8,水,1
肽,standard,tài,月,8,火,4
肱,standard,gōng,月,8,木,1
肫,standard,"zhūn,chún",月,8,土,1
剁,standard,duò,刂,8,火,4
迩,standard,ěr,辶,8,火,3
郇,standard,"huán,xún",阝,8,水,2
狙,standard,jū,犭,8,木,1
狎,standard,xiá,犭,8,木,2
狍,standard,páo,犭,8,水,2
狒,standard,fèi,犭,8,水,4
咎,standard,jiù,口,8,火,4
炙,standard,zhì,火,8,火,4
枭,standard,xiāo,木,8,木,1
饯,standard,jiàn,饣,8,金,4
饴,standard,yí,饣,8,土,2
冽,standard,liè,冫,8,火,4
冼,standard,xiǎn,冫,8,水,3
庖,standard,páo,广,8,水,2
疠,standard,"lì,lài",疒,8,火,4
疝,standard,shàn,疒,8,金,4
疡,standard,yáng,疒,8,火,2
兖,standard,yǎn,亠,8,木,3
妾,standard,qiè,女,8,火,4
劾,standard,hé,力,8,水,2
炜,standard,wěi,火,8,火,3
炖,standard,dùn,火,8,火,4
炘,standard,xīn,火,8,火,1
炝,standard,qiàng,火,8,火,4
炔,standard,quē,火,8,火,4
泔,standard,gān,氵,8,水,1
沭,standard,shù,氵,8,水,4
泷,standard,"lóng,shuāng",氵,8,水,2
泸,standard,lú,氵,8,水,2
泱,standard,yāng,氵,8,水,1
泅,standard,qiú,氵,8,水,2
泗,standard,sì,氵,8,水,4
泠,standard,líng,氵,8,水,2
泺,standard,"luò,pō",氵,8,水,4
泖,standard,mǎo,氵,8,水,3
泫,standard,xuàn,氵,8,水,4
泮,standard,pàn,氵,8,水,4
沱,standard,tuó,氵,8,水,2
泯,standard,mǐn,氵,8,水,3
泓,standard,hóng,氵,8,水,2
泾,standard,jīng,氵,8,水,1
怙,standard,hù,忄,8,水,4
怵,standard,chù,忄,8,金,4
怦,standard,pēng,忄,8,水,1
怛,standard,dá,忄,8,火,2
怏,standard,yàng,忄,8,土,4
怍,standard,"zuò,zhà",忄,8,金,4
㤘,standard,"chù,cù,zhòu",忄,8,火,4
怩,standard,ní,忄,8,木,2
怫,standard,fú,忄,8,水,2
怿,standard,yì,忄,8,土,4
宕,standard,"dàng,tàn",宀,8,火,4
穹,standard,qióng,穴,8,木,2
宓,standard,"mì,fú",宀,8,水,4
诓,standard,kuāng,讠,8,木,1
诔,standard,lěi,讠,8,火,3
诖,standard,guà,讠,8,木,4
诘,standard,"jié,jí",讠,8,木,2
戾,standard,lì,户,8,火,4
诙,standard,huī,讠,8,火,1
戽,standard,hù,户,8,火,4
郓,standard,yùn,阝,8,土,4
衩,standard,"chà,chǎ",衤,8,土,4
祆,standard,xiān,礻,8,金,1
祎,standard,yī,礻,8,土,1
祉,standard,zhǐ,礻,8,火,3
祇,standard,"qí,zhǐ",礻,8,火,3
诛,standard,zhū,讠,8,金,1
诜,standard,shēn,讠,8,金,1
诟,standard,gòu,讠,8,木,4
诠,standard,quán,讠,8,木,2
诣,standard,yì,讠,8,土,4
诤,standard,zhèng,讠,8,火,4
诧,standard,chà,讠,8,金,4
诨,standard,hùn,讠,8,水,4
诩,standard,xǔ,讠,8,土,3
戕,standard,qiāng,戈,8,金,1
孢,standard,bāo,子,8,水,1
亟,standard,"jí,qì",一,8,木,2
陔,standard,gāi,阝,8,木,1
妲,standard,dá,女,8,火,2
妯,standard,zhóu,女,8,金,2
姗,standard,"shān,shàn",女,8,金,1
帑,standard,"tǎng,nú",巾,8,火,3
弩,standard,nǔ,弓,8,火,3
孥,standard,nú,子,8,金,2
驽,standard,nú,马,8,火,2
虱,standard,shī,虫,8,土,1
迦,standard,jiā,辶,8,木,1
迨,standard,dài,辶,8,火,4
绀,standard,gàn,纟,8,木,4
绁,standard,xiè,纟,8,水,4
绂,standard,fú,纟,8,水,2
驷,standard,sì,马,8,金,4
驸,standard,fù,马,8,水,4
绉,standard,zhòu,纟,8,金,4
绌,standard,chù,纟,8,金,4
驿,standard,yì,马,8,木,4
骀,standard,"dài,tái",马,8,火,2
甾,standard,"zāi,zī",田,8,金,1
珏,standard,jué,王,9,火,2
珐,standard,fà,王,9,金,3
珂,standard,kē,王,9,木,1
珑,standard,lóng,王,9,火,2
玳,standard,dài,王,9,火,4
珀,standard,pò,王,9,水,4
顸,standard,hān,页,9,水,1
珉,standard,mín,王,9,水,2
珈,standard,jiā,王,9,木,1
拮,standard,"jié,jiá",扌,9,木,2
垭,standard,"yā,yà",土,9,土,1
挝,standard,"wō,zhuā",扌,9,火,1
垣,standard,yuán,土,9,土,2
挞,standard,tà,扌,9,火,4
垤,standard,dié,土,9,土,2
赳,standard,jiū,走,9,木,1
贲,standard,"bēn,bì",贝,9,水,4
垱,standard,dàng,土,9,土,4
垌,standard,"dòng,tóng",土,9,土,2
郝,standard,hǎo,阝,9,金,3
垧,standard,shǎng,土,9,土,3
垓,standard,gāi,土,9,土,1
垠,standard,yín,土,9,土,2
茜,standard,"qiàn,xī",艹,9,木,4
荚,standard,jiá,艹,9,木,2
荑,standard,"yí,tí",艹,9,木,2
贳,standard,shì,贝,9,水,4
荜,standard,bì,艹,9,木,4
莒,standard,jǔ,艹,9,木,3
茼,standard,tóng,艹,9,木,2
茴,standard,huí,艹,9,木,2
茱,standard,zhū,艹,9,木,1
莛,standard,tíng,艹,9,木,2
荞,standard,qiáo,艹,9,木,2
茯,standard,fú,艹,9,木,2
荏,standard,rěn,艹,9,木,3
荇,standard,xìng,艹,9,木,4
荃,standard,quán,艹,9,木,2
荟,standard,huì,艹,9,木,4
荀,standard,xún,艹,9,木,2
茗,standard,míng,艹,9,木,2
荠,standard,"qí,jì",艹,9,木,4
茭,standard,jiāo,艹,9,木,1
茨,standard,cí,艹,9,木,2
垩,standard,è,土,9,土,4
荥,standard,"yíng,xíng",艹,9,水,2
荦,standard,luò,艹,9,木,4
荨,standard,"qián,xún",艹,9,木,2
荩,standard,jìn,艹,9,木,4
剋,standard,"kēi,kè",刂,9,金,4
荪,standard,sūn,艹,9,木,1
茹,standard,rú,艹,9,木,2
荬,standard,mǎi,艹,9,木,3
荮,standard,zhòu,艹,9,木,4
柰,standard,nài,木,9,火,4
栉,standard,zhì,木,9,木,4
柯,standard,kē,木,9,木,1
柘,standard,zhè,木,9,木,4
栊,standard,lóng,木,9,木,2
柩,standard,jiù,木,9,木,4
枰,standard,píng,木,9,木,2
栌,standard,lú,木,9,木,2
柙,standard,xiá,木,9,木,2
枵,standard,xiāo,木,9,木,1
柚,standard,"yòu,yóu",木,9,木,4
枳,standard,zhǐ,木,9,木,3
柞,standard,"zhà,zuò",木,9,木,4
柝,standard,tuò,木,9,木,4
栀,standard,zhī,木,9,金,1
柢,standard,"dǐ,chí",木,9,木,3
栎,standard,"lì,yuè",木,9,木,4
枸,standard,"gǒu,jǔ,gōu",木,9,木,3
柈,standard,"pán,bàn",木,9,木,4
柁,standard,"tuó,duò",木,9,木,2
枷,standard,jiā,木,9,木,1
柽,standard,chēng,木,9,木,1
剌,standard,"là,lá",刂,9,火,4
酊,standard,"dīng,dǐng",酉,9,火,3
郦,standard,"lì,zhí",阝,9,火,4
甭,standard,béng,一,9,水,2
砗,standard,chē,石,9,土,1
砘,standard,dùn,石,9,土,4
砒,standard,pī,石,9,土,1
斫,standard,zhuó,石,9,木,2
砭,standard,biān,石,9,土,1
砜,standard,fēng,石,9,土,1
奎,standard,kuí,大,9,土,2
耷,standard,dā,耳,9,火,1
虺,standard,"huī,huǐ",虫,9,水,3
殂,standard,cú,歹,9,金,2
殇,standard,shāng,歹,9,金,1
殄,standard,tiǎn,歹,9,火,3
殆,standard,dài,歹,9,火,4
轱,standard,gū,车,9,木,1
轲,standard,kē,车,9,木,1
轳,standard,lú,车,9,火,2
轶,standard,yì,车,9,火,4
轸,standard,zhěn,车,9,火,3
虿,standard,chài,虫,9,金,4
毖,standard,bì,比,9,水,4
觇,standard,chān,见,9,金,1
尜,standard,gá,小,9,木,2
哐,standard,kuāng,口,9,木,1
眄,standard,"miǎn,miàn",目,9,水,3
眍,standard,kōu,目,9,木,1
郢,standard,yǐng,阝,9,木,3
眇,standard,miǎo,目,9,水,3
眊,standard,mào,目,9,火,4
眈,standard,dān,目,9,火,1
禺,standard,"yú,yù,ǒu",丨,9,木,2
哂,standard,shěn,口,9,金,3
咴,standard,huī,口,9,火,1
曷,standard,hé,曰,9,火,2
昴,standard,mǎo,日,9,水,3
昱,standard,yù,日,9,火,4
昵,standard,nì,日,9,木,4
咦,standard,yí,口,9,土,2
哓,standard,xiāo,口,9,金,1
哔,standard,bì,口,9,水,4
畎,standard,quǎn,田,9,木,3
毗,standard,pí,比,9,水,2
呲,standard,"cī,zī",口,9,金,1
胄,standard,zhòu,月,9,火,4
畋,standard,tián,田,9,火,2
畈,standard,fàn,田,9,水,4
虼,standard,gè,虫,9,木,4
虻,standard,méng,虫,9,水,2
盅,standard,zhōng,皿,9,火,1
咣,standard,guāng,口,9,木,1
哕,standard,"yuě,huì",口,9,水,4
剐,standard,guǎ,刂,9,金,3
郧,standard,yún,阝,9,土,2
咻,standard,xiū,口,9,金,1
囿,standard,yòu,囗,9,土,4
咿,standard,yī,口,9,土,1
哌,standard,pài,口,9,水,4
哙,standard,kuài,口,9,木,4
哚,standard,duǒ,口,9,火,3
咯,standard,"gē,luò,kǎ,lo",口,9,木,1
咩,standard,miē,口,9,水,1
咤,standard,zhà,口,9,金,4
哝,standard,nóng,口,9,火,2
哏,standard,"gén,hěn",口,9,木,2
哞,standard,mōu,口,9,水,1
峙,standard,"zhì,shì",山,9,金,4
峣,standard,yáo,山,9,土,2
罘,standard,fú,罒,9,水,2
帧,standard,zhēn,巾,9,金,1
峒,standard,"dòng,tóng",山,9,土,2
峤,standard,"qiáo,jiào",山,9,土,4
峋,standard,xún,山,9,土,2
峥,standard,zhēng,山,9,土,1
贶,standard,kuàng,贝,9,木,4
钚,standard,bù,钅,9,水,4
钛,standard,tài,钅,9,金,4
钡,standard,bèi,钅,9,金,4
钣,standard,bǎn,钅,9,金,3
钤,standard,qián,钅,9,金,2
钨,standard,wū,钅,9,金,1
钫,standard,fāng,钅,9,金,1
钯,standard,"bǎ,pá",钅,9,金,3
氡,standard,dōng,气,9,水,1
氟,standard,fú,气,9,水,2
牯,standard,gǔ,牜,9,木,3
郜,standard,gào,阝,9,木,4
秕,standard,bǐ,禾,9,水,3
秭,standard,zǐ,禾,9,火,3
竽,standard,yú,竹,9,木,2
笈,standard,jí,竹,9,木,2
笃,standard,dǔ,竹,9,木,3
俦,standard,chóu,亻,9,火,2
俨,standard,yǎn,亻,9,木,3
俅,standard,qiú,亻,9,木,2
俪,standard,lì,亻,9,火,4
叟,standard,sǒu,又,9,金,3
垡,standard,fá,土,9,土,2
牮,standard,jiàn,牛,9,木,4
俣,standard,yǔ,亻,9,金,3
俚,standard,lǐ,亻,9,火,3
皈,standard,guī,白,9,木,1
俑,standard,yǒng,亻,9,土,3
俟,standard,"sì,qí",亻,9,金,4
逅,standard,hòu,辶,9,木,4
徇,standard,xùn,彳,9,水,4
徉,standard,yáng,彳,9,火,2
舢,standard,shān,舟,9,金,1
俞,standard,"yú,shù,yù",人,9,金,2
郗,standard,"chī,xī",阝,9,水,1
俎,standard,zǔ,人,9,金,3
郤,standard,xì,阝,9,金,4
爰,standard,yuán,爫,9,土,2
郛,standard,fú,阝,9,水,2
瓴,standard,líng,瓦,9,火,2
胨,standard,dòng,月,9,火,4
胪,standard,lú,月,9,火,2
胛,standard,jiǎ,月,9,木,3
胂,standard,shèn,月,9,金,4
胙,standard,zuò,月,9,金,4
胍,standard,guā,月,9,木,1
胗,standard,zhēn,月,9,金,1
胝,standard,zhī,月,9,金,1
朐,standard,"qú,xù,chǔn",月,9,木,2
胫,standard,jìng,月,9,木,4
鸨,standard,bǎo,鸟,9,水,3
匍,standard,pú,勹,9,水,2
狨,standard,róng,犭,9,金,2
狯,standard,kuài,犭,9,木,4
飑,standard,biāo,风,9,水,1
狩,standard,shòu,犭,9,金,4
狲,standard,sūn,犭,9,金,1
訇,standard,hōng,勹,9,木,1
逄,standard,páng,辶,9,火,2
昝,standard,zǎn,日,9,金,3
饷,standard,xiǎng,饣,9,水,3
饸,standard,hé,饣,9,火,2
饹,standard,"gē,le",饣,9,火,5
胤,standard,yìn,月,9,木,4
孪,standard,luán,子,9,火,2
娈,standard,luán,女,9,土,2
弈,standard,yì,廾,9,木,4
奕,standard,yì,大,9,木,4
庥,standard,xiū,广,9,金,1
疬,standard,lì,疒,9,火,4
疣,standard,yóu,疒,9,土,2
疥,standard,jiè,疒,9,木,4
庠,standard,xiáng,广,9,金,2
竑,standard,hóng,立,9,金,2
彦,standard,yàn,彡,9,木,4
飒,standard,sà,立,9,水,4
闼,standard,tà,门,9,火,4
闾,standard,lǘ,门,9,金,2
闿,standard,kǎi,门,9,木,3
阂,standard,hé,门,9,水,2
羑,standard,yǒu,⺷,9,土,3
迸,standard,bèng,辶,9,水,4
籼,standard,xiān,米,9,金,1
酋,standard,qiú,酉,9,木,2
炳,standard,bǐng,火,9,火,3
炻,standard,shí,火,9,火,2
炽,standard,chì,火,9,火,4
炯,standard,jiǒng,火,9,火,3
烀,standard,hū,火,9,火,1
炷,standard,zhù,火,9,火,4
烃,standard,tīng,火,9,火,1
洱,standard,ěr,氵,9,水,3
洹,standard,huán,氵,9,水,2
洧,standard,wěi,氵,9,水,3
洌,standard,liè,氵,9,水,4
浃,standard,jiā,氵,9,水,1
洇,standard,yīn,氵,9,水,1
洄,standard,huí,氵,9,水,2
洙,standard,zhū,氵,9,水,1
涎,standard,xián,氵,9,水,2
洎,standard,jì,氵,9,水,4
洫,standard,xù,氵,9,水,4
浍,standard,"huì,kuài",氵,9,水,4
洮,standard,táo,氵,9,水,2
洵,standard,xún,氵,9,水,2
浒,standard,"hǔ,xǔ",氵,9,水,3
浔,standard,xún,氵,9,水,2
浕,standard,jìn,氵,9,水,4
洳,standard,rù,氵,9,水,4
恸,standard,tòng,忄,9,金,4
恓,standard,"xī,qī,xù",忄,9,火,1
恹,standard,yān,忄,9,土,1
恫,standard,"dòng,tōng",忄,9,火,4
恺,standard,kǎi,忄,9,火,3
恻,standard,cè,忄,9,金,4
恂,standard,xún,忄,9,水,2
恪,standard,kè,忄,9,木,4
恽,standard,yùn,忄,9,土,4
宥,standard,yòu,宀,9,土,4
扃,standard,jiōng,户,9,木,1
衲,standard,nà,衤,9,火,4
衽,standard,rèn,衤,9,金,4
衿,standard,jīn,衤,9,木,1
袂,standard,mèi,衤,9,木,4
祛,standard,qū,礻,9,木,1
祜,standard,hù,礻,9,水,4
祓,standard,fú,礻,9,水,2
祚,standard,zuò,礻,9,金,4
诮,standard,qiào,讠,9,木,4
祗,standard,zhī,礻,9,木,1
祢,standard,mí,礻,9,水,2
诰,standard,gào,讠,9,木,4
诳,standard,kuáng,讠,9,木,2
鸩,standard,zhèn,鸟,9,火,4
昶,standard,chǎng,日,9,土,3
郡,standard,jùn,阝,9,木,4
咫,standard,zhǐ,尸,9,金,3
弭,standard,mǐ,弓,9,水,3
胥,standard,xū,月,9,金,1
陛,standard,bì,阝,9,水,4
陟,standard,zhì,阝,9,金,4
娅,standard,yà,女,9,土,4
姮,standard,héng,女,9,水,2
娆,standard,"ráo,rǎo",女,9,水,3
姝,standard,shū,女,9,金,1
姣,standard,"jiāo,xiáo",女,9,木,1
姘,standard,pīn,女,9,水,1
姹,standard,chà,女,9,金,4
怼,standard,duì,心,9,火,4
羿,standard,yì,羽,9,木,4
炱,standard,tái,火,9,火,2
矜,standard,"jīn,guān,qín",矛,9,木,1
绔,standard,kù,纟,9,木,4
骁,standard,xiāo,马,9,金,1
骅,standard,huá,马,9,水,2
绗,standard,háng,纟,9,水,2
绛,standard,jiàng,纟,9,木,4
骈,standard,pián,马,9,水,2
耖,standard,chào,耒,10,金,4
挈,standard,qiè,手,10,金,4
珥,standard,ěr,王,10,火,3
珙,standard,gǒng,王,10,木,3
顼,standard,xū,页,10,土,1
珰,standard,dāng,王,10,土,1
珩,standard,héng,王,10,水,2
珧,standard,yáo,王,10,火,2
珣,standard,xún,王,10,火,2
珞,standard,luò,王,10,火,4
琤,standard,chēng,王,10,金,1
珲,standard,"huī,hún",王,10,水,2
敖,standard,áo,攵,10,土,2
恚,standard,huì,心,10,水,4
埔,standard,"pǔ,bù",土,10,土,3
埕,standard,chéng,土,10,土,2
埘,standard,shí,土,10,土,2
埙,standard,xūn,土,10,土,1
埚,standard,guō,土,10,土,1
挹,standard,yì,扌,10,木,4
耆,standard,"qí,shì",耂,10,木,2
耄,standard,mào,老,10,火,4
埒,standard,liè,土,10,土,4
捋,standard,"lǚ,luō",扌,10,火,3
贽,standard,zhì,贝,10,火,4
垸,standard,"yuàn,huán",土,10,土,4
捃,standard,jùn,扌,10,木,4
盍,standard,hé,皿,10,水,2
荸,standard,bí,艹,10,木,2
莆,standard,pú,艹,10,木,2
莳,standard,"shì,shí",艹,10,木,4
莴,standard,wō,艹,10,木,1
莪,standard,é,艹,10,木,2
莠,standard,yǒu,艹,10,木,3
莓,standard,méi,艹,10,木,2
莜,standard,yóu,艹,10,木,2
莅,standard,lì,艹,10,木,4
荼,standard,tú,艹,10,木,2
莩,standard,"piǎo,fú",艹,10,木,2
荽,standard,suī,艹,10,木,1
莸,standard,yóu,艹,10,木,2
荻,standard,dí,艹,10,木,2
莘,standard,"shēn,xīn",艹,10,木,1
莎,standard,"shā,suō",艹,10,木,1
莞,standard,"wǎn,guān,guǎn",艹,10,木,1
莨,standard,"làng,liáng",艹,10,木,4
鸪,standard,gū,鸟,10,木,1
莼,standard,chún,艹,10,木,2
栲,standard,kǎo,木,10,木,3
栳,standard,lǎo,木,10,木,3
郴,standard,chēn,木,10,木,1
桓,standard,huán,木,10,木,2
桡,standard,"ráo,náo",木,10,木,2
桎,standard,zhì,木,10,木,4
桢,standard,zhēn,木,10,木,1
桤,standard,qī,木,10,木,1
梃,standard,"tǐng,tìng",木,10,木,3
栝,standard,"guā,kuò",木,10,木,1
桕,standard,jiù,木,10,木,4
桁,standard,"héng,háng",木,10,木,2
桧,standard,"guì,huì",木,10,木,4
桅,standard,wéi,木,10,木,2
栟,standard,"bīng,bēn",木,10,木,1
桉,standard,ān,木,10,木,1
栩,standard,xǔ,木,10,木,3
逑,standard,qiú,辶,10,木,2
逋,standard,bū,辶,10,水,1
彧,standard,yù,彡,10,土,4
鬲,standard,"gé,lì",鬲,10,木,4
豇,standard,jiāng,豆,10,木,1
酐,standard,gān,酉,10,木,1
逦,standard,lǐ,辶,10,火,3
厝,standard,cuò,厂,10,金,4
孬,standard,nāo,子,10,火,1
砝,standard,fǎ,石,10,土,3
砹,standard,ài,石,10,土,4
砺,standard,lì,石,10,土,4
砧,standard,zhēn,石,10,土,1
砷,standard,shēn,石,10,土,1
砟,standard,zhǎ,石,10,土,3
砼,standard,tóng,石,10,木,2
砥,standard,dǐ,石,10,土,3
砣,standard,tuó,石,10,土,2
剞,standard,jī,刂,10,金,1
砻,standard,lóng,石,10,土,2
轼,standard,shì,车,10,金,4
轾,standard,zhì,车,10,土,4
辂,standard,lù,车,10,火,4
鸫,standard,dōng,鸟,10,火,1
趸,standard,dǔn,足,10,火,3
龀,standard,chèn,齿,10,火,4
鸬,standard,lú,鸟,10,火,2
虔,standard,qián,虍,10,木,2
逍,standard,xiāo,辶,10,金,1
眬,standard,lóng,目,10,火,2
唛,standard,mài,口,10,水,4
晟,standard,"shèng,chéng",日,10,火,4
眩,standard,xuàn,目,10,金,4
眙,standard,"yí,chì",目,10,土,2
哧,standard,chī,口,10,火,1
哽,standard,gěng,口,10,木,3
唔,standard,"wú,ńg,ń",口,10,土,2
晁,standard,cháo,日,10,金,2
晏,standard,yàn,日,10,土,4
鸮,standard,xiāo,鸟,10,火,1
趵,standard,"bō,bào",⻊,10,水,4
趿,standard,tā,⻊,10,火,1
畛,standard,zhěn,田,10,金,3
蚨,standard,fú,虫,10,水,2
蚜,standard,yá,虫,10,土,2
蚍,standard,pí,虫,10,水,2
蚋,standard,ruì,虫,10,火,4
蚬,standard,xiǎn,虫,10,金,3
蚝,standard,háo,虫,10,水,2
蚧,standard,jiè,虫,10,木,4
唢,standard,suǒ,口,10,金,3
圄,standard,yǔ,囗,10,木,3
唣,standard,zào,口,10,金,4
唏,standard,xī,口,10,金,1
盎,standard,àng,皿,10,土,4
唑,standard,zuò,口,10,金,4
崂,standard,láo,山,10,土,2
崃,standard,lái,山,10,土,2
罡,standard,gāng,罒,10,金,1
罟,standard,gǔ,罒,10,木,3
峪,standard,yù,山,10,木,4
觊,standard,jì,见,10,木,4
赅,standard,gāi,贝,10,木,1
钰,standard,yù,钅,10,金,4
钲,standard,"zhēng,zhèng",钅,10,金,1
钴,standard,gǔ,钅,10,金,3
钵,standard,bō,钅,10,金,1
钹,standard,bó,钅,10,金,2
钺,standard,yuè,钅,10,金,4
钽,standard,tǎn,钅,10,金,3
钼,standard,mù,钅,10,金,4
钿,standard,"diàn,tián",钅,10,金,4
铀,standard,yóu,钅,10,金,2
铂,standard,bó,钅,10,金,2
铄,standard,shuò,钅,10,金,4
铆,standard,mǎo,钅,10,金,3
铈,standard,shì,钅,10,金,4
铉,standard,xuàn,钅,10,金,4
铊,standard,"tā,tuó",钅,10,金,2
铋,standard,bì,钅,10,金,4
铌,standard,ní,钅,10,金,2
铍,standard,"pí,pī",钅,10,金,2
䥽,standard,pō,钅,10,金,1
铎,standard,duó,钅,10,金,2
氩,standard,yà,气,10,土,4
氤,standard,yīn,气,10,土,1
氦,standard,hài,气,10,水,4
毪,standard,mú,毛,10,水,2
舐,standard,shì,舌,10,火,4
秣,standard,mò,禾,10,水,4
秫,standard,shú,禾,10,木,2
盉,standard,hé,皿,10,土,2
笄,standard,jī,竹,10,木,1
笕,standard,jiǎn,⺮,10,木,3
笊,standard,zhào,竹,10,木,4
笏,standard,hù,竹,10,木,4
笆,standard,bā,竹,10,木,1
俸,standard,fèng,亻,10,水,4
倩,standard,"qiàn,qìng",亻,10,金,4
俵,standard,biào,亻,10,水,4
偌,standard,ruò,亻,10,火,4
俳,standard,pái,亻,10,水,2
俶,standard,"chù,tì",亻,10,金,4
倬,standard,zhuō,亻,10,火,1
倏,standard,shū,亻,10,木,1
恁,standard,"nèn,nín",心,10,火,4
倭,standard,"wō,wēi",亻,10,火,1
倪,standard,ní,亻,10,金,2
俾,standard,bǐ,亻,10,水,3
倜,standard,tì,亻,10,火,4
隼,standard,sǔn,隹,10,金,3
隽,standard,"jùn,juàn",隹,10,木,4
倌,standard,guān,亻,10,木,1
倥,standard,"kǒng,kōng",亻,10,木,1
臬,standard,niè,自,10,木,4
皋,standard,"gāo,háo",白,10,木,1
郫,standard,pí,阝,10,水,2
倨,standard,jù,亻,10,木,4
衄,standard,nǜ,血,10,火,4
颀,standard,qí,页,10,木,2
徕,standard,"lái,lài",彳,10,火,2
舫,standard,fǎng,舟,10,水,3
釜,standard,fǔ,父,10,水,3
奚,standard,xī,大,10,木,1
衾,standard,qīn,衣,10,木,1
胯,standard,kuà,月,10,木,4
胱,standard,guāng,月,10,木,1
胴,standard,dòng,月,10,火,4
胭,standard,yān,月,10,土,1
脍,standard,kuài,月,10,木,4
胼,standard,pián,月,10,水,2
朕,standard,zhèn,月,10,火,4
脒,standard,mǐ,月,10,水,3
胺,standard,àn,月,10,土,4
鸱,standard,chī,鸟,10,火,1
玺,standard,xǐ,玉,10,火,3
鸲,standard,qú,鸟,10,木,2
狷,standard,juàn,犭,10,火,4
猁,standard,lì,犭,10,火,4
狳,standard,yú,犭,10,土,2
猃,standard,xiǎn,犭,10,金,3
狺,standard,yín,犭,10,土,2
逖,standard,tì,辶,10,火,4
桀,standard,jié,木,10,木,2
袅,standard,niǎo,衣,10,土,3
饽,standard,bō,饣,10,水,1
凇,standard,sōng,冫,10,木,1
栾,standard,luán,木,10,火,2
挛,standard,luán,手,10,火,2
亳,standard,bó,亠,10,水,2
疳,standard,gān,疒,10,木,1
疴,standard,kē,疒,10,木,1
疸,standard,"dǎn,da",疒,10,火,3
疽,standard,jū,疒,10,木,1
痈,standard,yōng,疒,10,木,1
疱,standard,pào,疒,10,水,4
痂,standard,jiā,疒,10,木,1
痉,standard,jìng,疒,10,木,4
衮,standard,gǔn,衣,10,木,3
凋,standard,diāo,冫,10,金,1
颃,standard,háng,页,10,水,2
恣,standard,zì,心,10,火,4
旆,standard,pèi,方,10,水,4
旄,standard,"máo,mào",方,10,水,2
旃,standard,zhān,方,10,火,1
阃,standard,kǔn,门,10,木,3
阄,standard,jiū,门,10,木,1
訚,standard,yín,言,10,金,2
阆,standard,"láng,làng",门,10,火,2
恙,standard,yàng,心,10,土,4
粑,standard,bā,米,10,水,1
朔,standard,shuò,月,10,火,4
郸,standard,dān,阝,10,火,1
烜,standard,"xuān,xuǎn",火,10,火,3
烨,standard,yè,火,10,火,4
烩,standard,huì,火,10,火,4
烊,standard,"yàng,yáng",火,10,火,2
剡,standard,"yǎn,shàn",刂,10,金,3
郯,standard,tán,阝,10,火,2
烬,standard,jìn,火,10,火,4
涑,standard,sù,氵,10,水,4
浯,standard,wú,氵,10,水,2
涞,standard,lái,氵,10,水,2
涟,standard,lián,氵,10,水,2
娑,standard,suō,女,10,水,1
涅,standard,niè,氵,10,水,4
涠,standard,wéi,氵,10,水,2
浞,standard,zhuó,氵,10,水,2
涓,standard,juān,氵,10,水,1
浥,standard,yì,氵,10,水,4
涔,standard,cén,氵,10,水,2
浜,standard,bāng,氵,10,水,1
浠,standard,xī,氵,10,水,1
浣,standard,huàn,氵,10,水,4
浚,standard,"jùn,xùn",氵,10,水,4
悚,standard,sǒng,忄,10,金,3
悭,standard,qiān,忄,10,木,1
悝,standard,"kuī,lǐ",忄,10,木,1
悒,standard,yì,忄,10,木,4
悌,standard,tì,忄,10,火,4
悛,standard,quān,忄,10,木,1
宸,standard,chén,宀,10,金,2
窈,standard,yǎo,穴,10,火,3
剜,standard,wān,刂,10,金,1
诹,standard,zōu,讠,10,金,1
冢,standard,zhǒng,冖,10,火,3
诼,standard,zhuó,讠,10,金,2
袒,standard,tǎn,衤,10,火,3
袢,standard,pàn,衤,10,水,4
祯,standard,zhēn,礻,10,火,1
诿,standard,wěi,讠,10,土,3
谀,standard,yú,讠,10,土,2
谂,standard,shěn,讠,10,金,3
谄,standard,chǎn,讠,10,金,3
谇,standard,suì,讠,10,金,4
屐,standard,jī,尸,10,木,1
屙,standard,ē,尸,10,木,1
陬,standard,zōu,阝,10,金,1
勐,standard,měng,力,10,水,3
奘,standard,"zàng,zhuǎng",大,10,金,3
蚩,standard,chī,虫,10,金,1
陲,standard,chuí,阝,10,金,2
姬,standard,jī,女,10,木,1
娠,standard,shēn,女,10,金,1
娌,standard,lǐ,女,10,火,3
娉,standard,pīng,女,10,水,1
娲,standard,wā,女,10,火,1
娩,standard,miǎn,女,10,木,3
娴,standard,xián,女,10,土,2
娣,standard,dì,女,10,火,4
娓,standard,wěi,女,10,土,3
婀,standard,ē,女,10,木,1
畚,standard,běn,田,10,水,3
逡,standard,qūn,辶,10,金,1
绠,standard,gěng,纟,10,木,3
骊,standard,lí,马,10,火,2
绡,standard,xiāo,纟,10,金,1
骋,standard,chěng,马,10,火,3
绥,standard,suí,纟,10,水,2
绦,standard,tāo,纟,10,火,1
绨,standard,"tí,tì",纟,10,火,2
骎,standard,qīn,马,10,火,1
邕,standard,yōng,邑,10,木,1
鸶,standard,sī,鸟,10,金,1
彗,standard,huì,彐,11,水,4
耜,standard,sì,耒,11,木,4
焘,standard,"tāo,dào",灬,11,火,4
舂,standard,chōng,臼,11,金,1
琏,standard,liǎn,王,11,火,3
琇,standard,xiù,王,11,金,4
麸,standard,fū,麦,11,水,1
揶,standard,yé,扌,11,土,2
埴,standard,zhí,土,11,土,2
埯,standard,ǎn,土,11,土,3
掳,standard,lǔ,扌,11,火,3
掴,standard,"guó,guāi",扌,11,木,1
埸,standard,yì,土,11,土,4
埵,standard,duǒ,土,11,土,3
赧,standard,nǎn,赤,11,火,3
埤,standard,"pí,pì",土,11,土,2
捭,standard,bǎi,扌,11,火,3
逵,standard,kuí,辶,11,土,2
埝,standard,niàn,土,11,土,4
堋,standard,"péng,bèng",土,11,土,2
堍,standard,tù,土,11,土,4
掬,standard,jū,扌,11,木,1
鸷,standard,zhì,鸟,11,火,4
掖,standard,"yè,yē",扌,11,土,4
掊,standard,"póu,pǒu",扌,11,金,2
堉,standard,yù,土,11,土,4
掸,standard,"dǎn,shàn",扌,11,火,3
捩,standard,liè,扌,11,火,4
掮,standard,qián,扌,11,木,2
悫,standard,què,心,11,金,4
埭,standard,dài,土,11,土,4
埽,standard,"sào,sǎo",土,11,土,4
掇,standard,duō,扌,11,火,1
掼,standard,guàn,扌,11,木,4
聃,standard,dān,耳,11,火,1
菁,standard,jīng,艹,11,木,1
萁,standard,qí,艹,11,木,1
菘,standard,sōng,艹,11,木,1
堇,standard,"jǐn,qīn,jìn",一、艹,11,木,3
萘,standard,nài,艹,11,木,4
萋,standard,qī,艹,11,木,1
菽,standard,shū,艹,11,木,1
菖,standard,chāng,艹,11,木,1
萜,standard,tiē,艹,11,木,1
萸,standard,yú,艹,11,木,2
萑,standard,huán,艹,11,木,2
棻,standard,fēn,木,11,木,1
菔,standard,fú,艹,11,木,2
菟,standard,"tú,tù",艹,11,木,4
萏,standard,dàn,艹,11,木,4
萃,standard,cuì,艹,11,木,4
菏,standard,hé,艹,11,水,2
菹,standard,"zū,jù",艹,11,木,1
菪,standard,dàng,艹,11,木,4
菅,standard,jiān,艹,11,木,1
菀,standard,"wǎn,yù",艹,11,木,4
萦,standard,yíng,艹,11,木,2
菰,standard,gū,艹,11,木,1
菡,standard,hàn,艹,11,木,4
梵,standard,fàn,木,11,木,4
梿,standard,"lián,liǎn",木,11,木,2
梏,standard,gù,木,11,木,4
觋,standard,xí,见,11,金,2
桴,standard,fú,木,11,木,2
桷,standard,jué,木,11,木,2
梓,standard,zǐ,木,11,木,3
棁,standard,zhuō,木,11,木,1
桫,standard,suō,木,11,木,1
棂,standard,líng,木,11,木,2
啬,standard,sè,口,11,木,4
郾,standard,yǎn,阝,11,土,3
匮,standard,"kuì,guì",匚,11,木,4
敕,standard,chì,攵,11,火,4
豉,standard,chǐ,豆,11,金,3
鄄,standard,juàn,阝,11,木,4
酞,standard,tài,酉,11,火,4
酚,standard,fēn,酉,11,水,1
戛,standard,"jiá,gā",戈,11,木,2
硎,standard,xíng,石,11,土,2
硭,standard,máng,石,11,土,2
硒,standard,xī,石,11,土,1
硖,standard,xiá,石,11,土,2
硗,standard,qiāo,石,11,土,1
硐,standard,dòng,石,11,土,4
硇,standard,náo,石,11,土,2
硌,standard,"gè,luò",石,11,土,4
鸸,standard,ér,鸟,11,火,2
瓠,standard,hù,瓜,11,水,4
匏,standard,páo,大,11,水,2
厩,standard,jiù,厂,11,木,4
龚,standard,gōng,龙,11,木,1
殒,standard,yǔn,歹,11,土,3
殓,standard,liàn,歹,11,火,4
殍,standard,piǎo,歹,11,水,3
赉,standard,lài,贝,11,火,4
雩,standard,yú,雨,11,水,2
辄,standard,zhé,车,11,火,2
堑,standard,"qiàn,zàn,jiàn",土,11,土,4
眭,standard,suī,目,11,土,1
眦,standard,zì,目,11,火,4
啧,standard,zé,口,11,金,2
晡,standard,bū,日,11,火,1
晤,standard,wù,日,11,木,4
眺,standard,tiào,目,11,土,4
眵,standard,chī,目,11,火,1
眸,standard,móu,目,11,水,2
圊,standard,qīng,囗,11,金,1
喏,standard,"nuò,rě",口,11,火,3
喵,standard,miāo,口,11,水,1
啉,standard,"lín,lán",口,11,木,2
勖,standard,xù,力,11,土,4
晞,standard,xī,日,11,火,1
唵,standard,ǎn,口,11,土,3
晗,standard,hán,日,11,火,2
冕,standard,miǎn,冃,11,水,3
啭,standard,zhuàn,口,11,火,4
畦,standard,qí,田,11,土,2
趺,standard,fū,⻊,11,水,1
啮,standard,niè,口,11,金,4
跄,standard,"qiàng,qiāng",⻊,11,金,1
蚶,standard,hān,虫,11,水,1
蛄,standard,"gū,gǔ",虫,11,木,1
蛎,standard,lì,虫,11,火,4
蛆,standard,qū,虫,11,木,1
蚰,standard,yóu,虫,11,土,2
蛊,standard,gǔ,虫,11,木,3
圉,standard,yǔ,囗,11,木,3
蚱,standard,zhà,虫,11,金,4
蛉,standard,líng,虫,11,火,2
蛏,standard,chēng,虫,11,火,1
蚴,standard,yòu,虫,11,土,4
啁,standard,"zhōu,zhāo,tiào",口,11,火,1
啕,standard,táo,口,11,火,2
唿,standard,hū,口,11,水,1
啐,standard,"cuì,qi",口,11,金,4
唼,standard,shà,口,11,金,4
唷,standard,yō,口,11,木,1
啖,standard,dàn,口,11,火,4
啵,standard,bo,口,11,水,5
啶,standard,dìng,口,11,火,4
啷,standard,lāng,口,11,火,1
唳,standard,lì,口,11,火,4
唰,standard,shuā,口,11,金,1
啜,standard,"chuò,chuài",口,11,金,4
帻,standard,zé,巾,11,金,2
崚,standard,"líng,léng",山,11,土,2
崦,standard,yān,山,11,土,1
帼,standard,guó,巾,11,木,2
崮,standard,gù,山,11,土,4
崤,standard,xiáo,山,11,土,2
崆,standard,kōng,山,11,土,1
赇,standard,qiú,贝,11,木,2
赈,standard,zhèn,贝,11,金,4
赊,standard,shē,贝,11,金,1
铑,standard,lǎo,钅,11,金,3
铒,standard,ěr,钅,11,金,3
铗,standard,jiá,钅,11,金,2
铙,standard,náo,钅,11,金,2
铟,standard,yīn,钅,11,金,1
铠,standard,kǎi,钅,11,金,3
铡,standard,zhá,钅,11,金,2
铢,standard,zhū,钅,11,金,1
铣,standard,"xǐ,xiǎn",钅,11,金,3
铤,standard,"tǐng,dìng",钅,11,金,3
铧,standard,huá,钅,11,金,2
铨,standard,quán,钅,11,金,2
铩,standard,shā,钅,11,金,1
铪,standard,"hā,kē",钅,11,金,1
铫,standard,"yáo,diào,tiáo",钅,11,金,2
铬,standard,gè,钅,11,金,4
铮,standard,"zhēng,zhèng",钅,11,金,1
铯,standard,sè,钅,11,金,4
铰,standard,jiǎo,钅,11,金,3
铱,standard,yī,钅,11,金,1
铳,standard,chòng,钅,11,金,4
铵,standard,ǎn,钅,11,金,3
铷,standard,rú,钅,11,金,2
氪,standard,kè,气,11,木,4
牾,standard,wǔ,牜,11,土,3
鸹,standard,guā,鸟,11,木,1
秾,standard,nóng,禾,11,木,2
逶,standard,wēi,辶,11,水,1
笺,standard,jiān,竹,11,木,1
筇,standard,qióng,竹,11,木,2
笸,standard,pǒ,竹,11,木,3
笪,standard,dá,竹,11,木,2
笮,standard,"zé,zuó",竹,11,木,2
笠,standard,lì,竹,11,木,4
笥,standard,sì,竹,11,木,4
笤,standard,tiáo,竹,11,木,2
笳,standard,jiā,竹,11,木,1
笾,standard,biān,竹,11,木,1
笞,standard,chī,竹,11,木,1
偾,standard,fèn,亻,11,水,4
偃,standard,yǎn,亻,11,土,3
偕,standard,xié,亻,11,木,2
偈,standard,"jì,jié",亻,11,木,2
傀,standard,"guī,kuǐ",亻,11,木,3
偬,standard,zǒng,亻,11,火,3
偻,standard,"lǚ,lóu",亻,11,火,2
皑,standard,ái,白,11,火,2
皎,standard,jiǎo,白,11,木,3
鸻,standard,héng,鸟,11,火,2
徜,standard,cháng,彳,11,金,2
舸,standard,gě,舟,11,木,3
舻,standard,lú,舟,11,火,2
舴,standard,zé,舟,11,金,2
舷,standard,xián,舟,11,金,2
龛,standard,kān,龙,11,火,1
翎,standard,líng,羽,11,火,2
脬,standard,pāo,月,11,水,1
脘,standard,wǎn,月,11,火,3
脲,standard,niào,月,11,水,4
匐,standard,fú,勹,11,水,2
猗,standard,"yī,yǐ",犭,11,土,1
猡,standard,luó,犭,11,火,2
猞,standard,shē,犭,11,金,1
猝,standard,cù,犭,11,金,4
斛,standard,hú,斗,11,火,2
猕,standard,mí,犭,11,水,2
馗,standard,kuí,首,11,金,2
馃,standard,guǒ,饣,11,火,3
馄,standard,hún,饣,11,水,2
鸾,standard,luán,鸟,11,火,2
孰,standard,shú,子,11,金,2
庹,standard,tuǒ,广,11,火,3
庾,standard,yǔ,广,11,木,3
痔,standard,zhì,疒,11,火,4
痍,standard,yí,疒,11,土,2
疵,standard,cī,疒,11,金,1
翊,standard,yì,立,11,木,4
旌,standard,jīng,方,11,金,1
旎,standard,nǐ,方,11,木,3
袤,standard,mào,衣,11,水,4
阇,standard,"dū,shé",门,11,木,1
阈,standard,yù,门,11,木,4
阉,standard,yān,门,11,土,1
阊,standard,chāng,门,11,金,1
阋,standard,xì,门,11,金,4
阍,standard,hūn,门,11,水,1
阏,standard,"è,yān",门,11,木,1
羟,standard,"qiǎng,qiān",羊,11,木,3
粝,standard,lì,米,11,火,4
粕,standard,pò,米,11,水,4
敝,standard,bì,攵,11,水,4
焐,standard,wù,火,11,火,4
烯,standard,xī,火,11,火,1
焓,standard,hán,火,11,火,2
烽,standard,fēng,火,11,火,1
焖,standard,mèn,火,11,火,4
烷,standard,wán,火,11,火,2
焗,standard,jú,火,11,火,2
渍,standard,zì,氵,11,水,4
渚,standard,zhǔ,氵,11,水,3
淇,standard,qí,氵,11,水,2
淅,standard,xī,氵,11,水,1
淞,standard,sōng,氵,11,水,1
渎,standard,"dú,dòu",氵,11,水,2
涿,standard,zhuō,氵,11,水,1
淖,standard,"nào,chuò,zhuō",氵,11,水,4
挲,standard,"sā,shā,suō",手,11,水,1
淠,standard,"pì,pèi",氵,11,水,4
涸,standard,hé,氵,11,水,2
渑,standard,"miǎn,shéng",氵,11,水,3
淦,standard,gàn,氵,11,水,4
淝,standard,féi,氵,11,水,2
淬,standard,cuì,氵,11,水,4
涪,standard,fú,氵,11,水,2
淙,standard,cóng,氵,11,水,2
涫,standard,guàn,氵,11,水,4
渌,standard,lù,氵,11,水,4
淄,standard,zī,氵,11,水,1
惬,standard,qiè,忄,11,金,4
悻,standard,xìng,忄,11,木,4
悱,standard,fěi,忄,11,水,3
惝,standard,"chǎng,tǎng",忄,11,金,3
惘,standard,wǎng,忄,11,火,3
悸,standard,jì,忄,11,木,4
惆,standard,chóu,忄,11,金,2
惚,standard,hū,忄,11,水,1
惇,standard,dūn,忄,11,火,1
惮,standard,"dàn,dá",忄,11,火,4
窕,standard,"tiǎo,yáo",穴,11,土,3
谌,standard,"chén,shèn",讠,11,金,2
谏,standard,jiàn,讠,11,木,4
扈,standard,hù,户,11,水,4
皲,standard,jūn,皮,11,木,1
谑,standard,xuè,讠,11,火,4
裆,standard,dāng,衤,11,火,1
袷,standard,"jiá,qiā,jié",衤,11,木,2
裉,standard,kèn,衤,11,木,4
谒,standard,yè,讠,11,金,4
谔,standard,è,讠,11,木,4
谕,standard,yù,讠,11,金,4
谖,standard,xuān,讠,11,金,1
谗,standard,chán,讠,11,金,2
谙,standard,ān,讠,11,土,1
谛,standard,dì,讠,11,火,4
谝,standard,piǎn,讠,11,水,3
逯,standard,lù,辶,11,火,4
郿,standard,méi,阝,11,土,2
隈,standard,wēi,阝,11,水,1
粜,standard,tiào,米,11,火,4
隍,standard,huáng,阝,11,木,2
隗,standard,"wěi,kuí",阝,11,木,3
婧,standard,jìng,女,11,木,4
婊,standard,biǎo,女,11,水,3
婕,standard,jié,女,11,木,2
娼,standard,chāng,女,11,金,1
婢,standard,bì,女,11,水,4
婵,standard,chán,女,11,金,2
胬,standard,nǔ,肉,11,火,3
袈,standard,jiā,衣,11,木,1
翌,standard,yì,羽,11,土,4
恿,standard,yǒng,心,11,土,3
欸,standard,"ǎi,ēi,éi,ěi,èi",欠,11,火,1
绫,standard,líng,纟,11,火,2
骐,standard,qí,马,11,木,2
绮,standard,qǐ,纟,11,木,3
绯,standard,fēi,纟,11,水,1
绱,standard,shàng,纟,11,金,4
骒,standard,kè,马,11,木,4
绲,standard,gǔn,纟,11,木,3
骓,standard,zhuī,马,11,火,1
绶,standard,shòu,纟,11,金,4
绺,standard,liǔ,纟,11,火,3
绻,standard,quǎn,纟,11,木,3
绾,standard,wǎn,纟,11,火,3
骖,standard,cān,马,11,金,1
缁,standard,zī,纟,11,火,1
耠,standard,huō,耒,12,水,1
琫,standard,běng,王,12,水,3
琵,standard,pí,比,12,水,2
琶,standard,pá,王,12,水,2
琪,standard,qí,王,12,木,2
瑛,standard,yīng,王,12,土,1
琦,standard,qí,王,12,木,2
琥,standard,hǔ,王,12,水,3
琨,standard,kūn,王,12,木,1
靓,standard,"liàng,jìng",青,12,金,4
琰,standard,yǎn,王,12,火,3
琮,standard,cóng,王,12,金,2
琯,standard,guǎn,王,12,木,3
琬,standard,wǎn,王,12,土,3
琛,standard,chēn,王,12,金,1
琚,standard,jū,王,12,木,1
辇,standard,niǎn,车,12,火,3
鼋,standard,yuán,黽,12,土,2
堞,standard,dié,土,12,土,2
搽,standard,chá,扌,12,木,2
揸,standard,zhā,扌,12,金,1
揠,standard,yà,扌,12,土,4
堙,standard,yīn,土,12,土,1
趄,standard,"jū,qiè",走,12,木,1
揖,standard,yī,扌,12,土,1
颉,standard,"jié,xié,jiá",页,12,木,2
塄,standard,léng,土,12,土,2
揿,standard,qìn,扌,12,金,4
耋,standard,dié,耂,12,火,2
揄,standard,yú,扌,12,金,2
蛩,standard,qióng,虫,12,金,2
蛰,standard,zhé,虫,12,火,2
塆,standard,wān,土,12,土,1
摒,standard,bìng,扌,12,水,4
揆,standard,kuí,扌,12,木,2
聒,standard,guō,耳,12,木,1
葑,standard,"fēng,fèng",艹,12,木,1
葚,standard,"shèn,rèn",艹,12,木,4
靰,standard,wù,革,12,金,4
靸,standard,sǎ,革,12,金,3
葳,standard,wēi,艹,12,木,1
葺,standard,qì,艹,12,木,4
葸,standard,xǐ,艹,12,木,3
萼,standard,è,艹,12,木,4
葆,standard,bǎo,艹,12,木,3
葩,standard,pā,艹,12,木,1
葶,standard,tíng,艹,12,木,2
蒌,standard,lóu,艹,12,木,2
萱,standard,xuān,艹,12,木,1
戟,standard,jǐ,戈,12,金,3
葭,standard,jiā,艹,12,木,1
楮,standard,chǔ,木,12,木,3
棼,standard,fén,木,12,木,2
椟,standard,dú,木,12,木,2
棹,standard,"zhào,zhuō",木,12,木,4
椤,standard,luó,木,12,木,2
棰,standard,chuí,木,12,木,2
赍,standard,jī,贝,12,木,1
椋,standard,liáng,木,12,木,2
椁,standard,guǒ,木,12,木,3
椪,standard,pèng,木,12,木,4
棣,standard,"dì,dài,tì",木,12,木,4
椐,standard,jū,木,12,木,1
鹁,standard,bó,鸟,12,水,2
覃,standard,"qín,tán",覀,12,木,2
酤,standard,gū,酉,12,木,1
酢,standard,"cù,zuò",酉,12,金,4
酡,standard,tuó,酉,12,火,2
鹂,standard,lí,鸟,12,火,2
厥,standard,jué,厂,12,火,2
殚,standard,dān,歹,12,火,1
殛,standard,jí,歹,12,木,2
雯,standard,wén,雨,12,水,2
雱,standard,pāng,雨,12,水,2
辊,standard,gǔn,车,12,木,3
辋,standard,wǎng,车,12,火,3
椠,standard,qiàn,木,12,木,4
辍,standard,chuò,车,12,火,4
辎,standard,zī,车,12,火,1
斐,standard,"fěi,fēi",文,12,水,3
睄,standard,"qiáo,shào,xiāo",目,12,火,4
睑,standard,jiǎn,目,12,木,3
睇,standard,dì,目,12,火,4
睃,standard,suō,目,12,金,1
戢,standard,jí,戈,12,木,2
喋,standard,"dié,zhá",口,12,火,2
嗒,standard,"dā,tà",口,12,火,1
喃,standard,nán,口,12,火,2
喱,standard,lí,口,12,火,2
喹,standard,kuí,口,12,土,2
晷,standard,guǐ,日,12,木,3
喈,standard,jiē,口,12,木,1
跖,standard,zhí,⻊,12,土,2
跗,standard,fū,⻊,12,水,1
跞,standard,"luò,lì",⻊,12,火,4
跚,standard,shān,⻊,12,金,1
跎,standard,tuó,⻊,12,火,2
跏,standard,jiā,⻊,12,木,1
蛱,standard,jiá,虫,12,木,2
蛲,standard,náo,虫,12,火,2
蛭,standard,zhì,虫,12,土,4
蛳,standard,sī,虫,12,金,1
蛐,standard,qū,虫,12,木,1
蛔,standard,huí,虫,12,水,2
蛞,standard,kuò,虫,12,木,4
蛴,standard,qí,虫,12,木,2
蛟,standard,jiāo,虫,12,木,1
蛘,standard,yáng,虫,12,火,2
喁,standard,"yóng,yú",口,12,土,2
喟,standard,kuì,口,12,木,4
啾,standard,jiū,口,12,木,1
嗖,standard,sōu,口,12,金,1
喑,standard,yīn,口,12,土,1
嗟,standard,jiē,口,12,火,1
喽,standard,"lou,lóu",口,12,火,5
嗞,standard,zī,口,12,金,1
喀,standard,kā,口,12,木,1
喔,standard,"wō,ō",口,12,火,1
喙,standard,huì,口,12,水,4
嵘,standard,róng,山,12,土,2
嵖,standard,chá,山,12,土,2
崴,standard,"wǎi,wēi",山,12,土,1
遄,standard,chuán,辶,12,金,2
詈,standard,lì,言,12,火,4
嵎,standard,yú,山,12,土,2
崽,standard,zǎi,山,12,土,3
嵬,standard,wéi,山,12,土,2
嵛,standard,yú,山,12,土,2
嵯,standard,cuó,山,12,金,2
嵝,standard,lǒu,山,12,土,3
嵫,standard,zī,山,12,土,1
幄,standard,wò,巾,12,火,4
嵋,standard,méi,山,12,土,2
赕,standard,dǎn,贝,12,火,3
铻,standard,wú,钅,12,金,2
铼,standard,lái,钅,12,金,2
铿,standard,kēng,钅,12,金,1
锃,standard,zèng,钅,12,金,4
锂,standard,lǐ,钅,12,金,3
锆,standard,gào,钅,12,金,4
锇,standard,é,钅,12,金,2
锉,standard,cuò,钅,12,金,4
锏,standard,"jiǎn,jiàn",钅,12,金,3
锑,standard,tī,钅,12,金,1
锒,standard,láng,钅,12,金,2
锔,standard,"jū,jú",钅,12,金,1
锕,standard,ā,钅,12,金,1
掣,standard,chè,手,12,火,4
矬,standard,cuó,矢,12,金,2
氰,standard,qíng,气,12,金,2
毳,standard,cuì,毛,12,金,4
毽,standard,jiàn,毛,12,木,4
犊,standard,dú,牜,12,金,2
犄,standard,jī,牜,12,木,1
犋,standard,jù,牜,12,木,4
鹄,standard,"hú,gǔ",鸟,12,木,2
犍,standard,"jiān,qián",牜,12,木,1
嵇,standard,jī,禾,12,木,1
黍,standard,shǔ,黍,12,金,3
稃,standard,fū,禾,12,水,1
稂,standard,láng,禾,12,火,2
筚,standard,bì,竹,12,木,4
筵,standard,yán,竹,12,木,2
筌,standard,quán,竹,12,木,2
傣,standard,dǎi,亻,12,火,3
傈,standard,lì,亻,12,火,4
舄,standard,xì,臼,12,金,4
牍,standard,dú,片,12,金,2
傥,standard,tǎng,亻,12,火,3
傧,standard,bīn,亻,12,水,1
遑,standard,huáng,辶,12,水,2
傩,standard,nuó,亻,12,火,2
遁,standard,dùn,辶,12,火,4
徨,standard,huáng,彳,12,水,2
媭,standard,xū,女,12,水,1
畲,standard,shē,田,12,金,1
弑,standard,shì,弋,12,木,4
颌,standard,"hé,gé",页,12,水,2
翕,standard,xī,羽,12,土,1
釉,standard,yòu,釆,12,土,4
鹆,standard,yù,鸟,12,木,4
舜,standard,shùn,夕,12,金,4
貂,standard,diāo,豸,12,金,1
腈,standard,jīng,月,12,木,1
腌,standard,"yān,ā",月,12,土,1
腓,standard,féi,月,12,水,2
腆,standard,tiǎn,月,12,火,3
腴,standard,yú,月,12,金,2
腑,standard,fǔ,月,12,水,3
腚,standard,dìng,月,12,火,4
腱,standard,jiàn,月,12,木,4
鱿,standard,yóu,鱼,12,土,2
鲀,standard,tún,鱼,12,水,2
鲂,standard,fáng,鱼,12,水,2
颍,standard,yǐng,页,12,水,3
猢,standard,hú,犭,12,水,2
猹,standard,chá,犭,12,木,2
猥,standard,wěi,犭,12,土,3
飓,standard,jù,风,12,木,4
觞,standard,shāng,角,12,金,1
觚,standard,gū,角,12,木,1
猱,standard,náo,犭,12,火,2
飧,standard,sūn,夕,12,金,1
馇,standard,"chā,zha",饣,12,金,1
馊,standard,sōu,饣,12,金,1
亵,standard,xiè,亠,12,水,4
脔,standard,luán,肉,12,火,2
裒,standard,póu,衣,12,金,2
痣,standard,zhì,疒,12,火,4
痨,standard,láo,疒,12,火,2
痦,standard,wù,疒,12,土,4
痞,standard,pǐ,疒,12,水,3
痤,standard,cuó,疒,12,金,2
痫,standard,xián,疒,12,金,2
痧,standard,shā,疒,12,金,1
赓,standard,gēng,广,12,木,1
竦,standard,sǒng,立,12,金,3
瓿,standard,bù,瓦,12,水,4
啻,standard,chì,口,12,金,4
颏,standard,"kē,ké",页,12,木,1
鹇,standard,xián,鸟,12,金,2
阑,standard,lán,门,12,火,2
阒,standard,qù,门,12,木,4
阕,standard,què,门,12,金,4
粞,standard,xī,米,12,金,1
遒,standard,qiú,辶,12,木,2
孳,standard,zī,子,12,木,1
焯,standard,"chāo,zhuō",火,12,火,2
焜,standard,kūn,火,12,火,1
焙,standard,bèi,火,12,火,4
焱,standard,yàn,火,12,火,4
鹈,standard,tí,鸟,12,火,2
湛,standard,zhàn,氵,12,水,4
渫,standard,xiè,氵,12,水,4
湮,standard,"yān,yīn",氵,12,水,1
湎,standard,miǎn,氵,12,水,3
湜,standard,shí,氵,12,水,2
渭,standard,wèi,氵,12,水,4
湍,standard,tuān,氵,12,水,1
湫,standard,"qiū,jiǎo",氵,12,水,1
溲,standard,sōu,氵,12,水,1
湟,standard,huáng,氵,12,水,2
溆,standard,xù,氵,12,水,4
湲,standard,yuán,氵,12,水,2
湔,standard,jiān,氵,12,水,1
湉,standard,tián,氵,12,水,2
渥,standard,wò,氵,12,水,4
湄,standard,méi,氵,12,水,2
滁,standard,chú,氵,12,水,2
愠,standard,yùn,忄,12,土,4
惺,standard,xīng,忄,12,金,1
愦,standard,kuì,忄,12,木,4
惴,standard,zhuì,忄,12,火,4
愀,standard,qiǎo,忄,12,木,3
愎,standard,bì,忄,12,水,4
愔,standard,yīn,忄,12,火,1
喾,standard,kù,口,12,木,4
寐,standard,mèi,宀,12,水,4
谟,standard,mó,讠,12,水,2
扉,standard,fēi,户,12,水,1
裢,standard,lián,衤,12,火,2
裎,standard,"chéng,chěng",衤,12,火,2
裥,standard,jiǎn,衤,12,木,3
祾,standard,líng,礻,12,火,2
祺,standard,qí,礻,12,木,2
谠,standard,dǎng,讠,12,火,3
幂,standard,mì,巾,12,水,4
谡,standard,sù,讠,12,金,4
谥,standard,shì,讠,12,金,4
谧,standard,mì,讠,12,水,4
遐,standard,xiá,辶,12,土,2
孱,standard,"chán,càn",子,12,金,2
弼,standard,bì,弓,12,水,4
巽,standard,xùn,巳,12,木,4
骘,standard,zhì,马,12,火,4
媪,standard,ǎo,女,12,土,3
媛,standard,"yuàn,yuán",女,12,火,2
婷,standard,tíng,女,12,火,2
巯,standard,qiú,工,12,木,2
翚,standard,huī,羽,12,木,1
皴,standard,cūn,皮,12,金,1
婺,standard,wù,女,12,土,4
骛,standard,wù,马,12,土,4
缂,standard,kè,纟,12,木,4
缃,standard,xiāng,纟,12,木,1
缄,standard,jiān,纟,12,金,1
彘,standard,zhì,彑,12,火,4
缇,standard,tí,纟,12,火,2
缈,standard,miǎo,纟,12,水,3
缌,standard,sī,纟,12,金,1
缑,standard,gōu,纟,12,水,1
缒,standard,zhuì,纟,12,火,4
缗,standard,mín,纟,12,水,2
飨,standard,xiǎng,飠,12,水,3
耢,standard,lào,耒,13,火,4
瑚,standard,hú,王,13,水,2
瑁,standard,mào,王,13,水,4
瑜,standard,yú,王,13,金,2
瑗,standard,yuàn,王,13,木,4
瑄,standard,xuān,王,13,土,1
瑕,standard,xiá,王,13,土,2
遨,standard,áo,辶,13,土,2
骜,standard,ào,马,13,土,4
韫,standard,"yùn,wēn",韦,13,土,4
髡,standard,kūn,髟,13,木,1
塬,standard,yuán,土,13,土,2
鄢,standard,yān,阝,13,土,1
趔,standard,liè,走,13,火,4
趑,standard,zī,走,13,火,1
摅,standard,shū,扌,13,金,1
摁,standard,èn,扌,13,木,4
蜇,standard,"zhē,zhé",虫,13,火,2
搋,standard,chuāi,扌,13,金,1
搪,standard,táng,扌,13,火,2
搐,standard,chù,扌,13,金,4
搛,standard,jiān,扌,13,木,1
搠,standard,shuò,扌,13,金,4
摈,standard,bìn,扌,13,水,4
彀,standard,gòu,弓,13,木,4
毂,standard,"gū,gǔ",殳,13,木,3
搦,standard,nuò,扌,13,火,4
搡,standard,sǎng,扌,13,金,3
蓁,standard,zhēn,艹,13,木,1
戡,standard,kān,戈,13,木,1
蓍,standard,shī,艹,13,木,1
鄞,standard,yín,阝,13,土,2
靳,standard,jìn,革,13,木,4
蓐,standard,rù,艹,13,木,4
蓦,standard,mò,艹,13,木,4
鹋,standard,miáo,鸟,13,水,2
蒽,standard,ēn,艹,13,木,1
蓓,standard,bèi,艹,13,木,4
蓖,standard,bì,艹,13,木,4
蓊,standard,wěng,艹,13,木,3
蒯,standard,kuǎi,艹,13,木,3
蓟,standard,jì,艹,13,木,4
蓑,standard,suō,艹,13,木,1
蒿,standard,hāo,艹,13,木,1
蒺,standard,jí,艹,13,木,2
蓠,standard,lí,艹,13,木,2
蒟,standard,jǔ,艹,13,木,3
蒡,standard,bàng,艹,13,木,4
蒹,standard,jiān,艹,13,木,1
蒴,standard,shuò,艹,13,木,4
蒗,standard,làng,艹,13,水,4
蓥,standard,yíng,艹,13,木,2
颐,standard,yí,页,13,土,2
楔,standard,xiē,木,13,木,1
楠,standard,nán,木,13,木,2
楂,standard,"zhā,chá",木,13,木,1
楝,standard,liàn,木,13,木,4
楫,standard,jí,木,13,木,2
楸,standard,qiū,木,13,木,1
椴,standard,duàn,木,13,木,4
槌,standard,chuí,木,13,木,2
楯,standard,"dùn,shǔn",木,13,木,3
皙,standard,xī,白,13,木,1
榈,standard,lǘ,木,13,木,2
槎,standard,chá,木,13,木,2
榉,standard,jǔ,木,13,木,3
楦,standard,xuàn,木,13,木,4
楣,standard,méi,木,13,木,2
楹,standard,yíng,木,13,木,2
椽,standard,chuán,木,13,木,2
裘,standard,qiú,衣,13,水,2
剽,standard,piāo,刂,13,水,1
甄,standard,zhēn,瓦,13,金,1
酮,standard,tóng,酉,13,金,2
酰,standard,xiān,酉,13,金,1
酯,standard,zhǐ,酉,13,金,3
酩,standard,mǐng,酉,13,水,3
蜃,standard,shèn,虫,13,金,4
碛,standard,qì,石,13,土,4
碓,standard,duì,石,13,土,4
硼,standard,péng,石,13,土,2
碉,standard,diāo,石,13,土,1
碚,standard,bèi,石,13,土,4
碇,standard,dìng,石,13,土,4
碜,standard,chěn,石,13,土,3
鹌,standard,ān,鸟,13,土,1
辏,standard,còu,车,13,火,4
龃,standard,jǔ,齿,13,木,3
龅,standard,bāo,齿,13,水,1
訾,standard,"zī,zǐ",言,13,火,3
粲,standard,càn,米,13,金,4
虞,standard,yú,虍,13,火,2
睚,standard,yá,目,13,土,2
嗪,standard,qín,口,13,金,2
韪,standard,wěi,韦,13,土,3
嗷,standard,áo,口,13,土,2
嗉,standard,sù,口,13,金,4
睨,standard,nì,目,13,木,4
睢,standard,suī,目,13,金,1
雎,standard,jū,隹,13,木,1
睥,standard,"pì,bì",目,13,水,4
嘟,standard,dū,口,13,金,1
嗑,standard,"kè,kē",口,13,木,4
嗫,standard,niè,口,13,金,4
嗬,standard,hē,口,13,木,1
嗔,standard,chēn,口,13,金,1
嗝,standard,gé,口,13,木,2
戥,standard,děng,戈,13,木,3
嗄,standard,"á,shà",口,13,木,2
煦,standard,xù,灬,13,金,4
暄,standard,xuān,日,13,金,1
遢,standard,tā,辶,13,火,4
暌,standard,kuí,日,13,木,2
跬,standard,kuǐ,⻊,13,土,3
跸,standard,bì,⻊,13,水,4
跐,standard,"cī,cǐ",⻊,13,金,3
跣,standard,xiǎn,⻊,13,金,3
跹,standard,xiān,⻊,13,金,1
跻,standard,jī,⻊,13,火,1
蛸,standard,"shāo,xiāo",虫,13,金,1
蜊,standard,lí,虫,13,火,2
蜍,standard,chú,虫,13,金,2
蜉,standard,fú,虫,13,土,2
蜣,standard,qiāng,虫,13,金,1
畹,standard,wǎn,田,13,火,3
蛹,standard,yǒng,虫,13,土,3
嗣,standard,sì,口,13,金,4
嗯,standard,"ǹg,ńg,ňg,ń,ň,ǹ",口,13,金,4
嗥,standard,háo,口,13,水,2
嗲,standard,diǎ,口,13,火,3
嗳,standard,"ài,ǎi,āi",口,13,土,4
嗌,standard,"ài,yì",口,13,土,4
嗍,standard,suō,口,13,金,1
嗨,standard,"hēi,hāi",口,13,水,1
嗐,standard,hài,口,13,金,4
嗤,standard,chī,口,13,火,1
嗵,standard,tōng,口,13,金,1
罨,standard,yǎn,罒,13,木,3
嵊,standard,shèng,山,13,土,4
嵩,standard,sōng,山,13,土,1
嵴,standard,jí,山,13,土,2
骰,standard,tóu,骨,13,金,2
锗,standard,zhě,钅,13,金,3
锛,standard,bēn,钅,13,金,1
锜,standard,qí,钅,13,金,2
锝,standard,dé,钅,13,金,2
锞,standard,kè,钅,13,金,4
锟,standard,kūn,钅,13,金,1
锢,standard,gù,钅,13,金,4
锨,standard,xiān,钅,13,金,1
锩,standard,juǎn,钅,13,金,3
锭,standard,dìng,钅,13,金,4
锱,standard,zī,钅,13,金,1
雉,standard,zhì,隹,13,火,4
氲,standard,yūn,气,13,土,1
犏,standard,piān,牜,13,水,1
歃,standard,shà,欠,13,金,4
稞,standard,kē,禾,13,木,1
稗,standard,bài,禾,13,火,4
稔,standard,rěn,禾,13,火,3
筠,standard,"yún,jūn",竹,13,木,2
筢,standard,pá,竹,13,木,2
筮,standard,shì,竹,13,木,4
筲,standard,shāo,竹,13,木,1
筱,standard,xiǎo,竹,13,木,3
牒,standard,dié,片,13,火,2
煲,standard,bāo,火,13,火,1
敫,standard,jiǎo,攵,13,木,3
徭,standard,yáo,彳,13,火,2
愆,standard,qiān,心,13,木,1
艄,standard,shāo,舟,13,金,1
觎,standard,yú,见,13,金,2
毹,standard,shū,毛,13,金,1
貊,standard,mò,豸,13,水,4
貅,standard,xiū,豸,13,金,1
貉,standard,"mò,hé,háo",豸,13,水,2
颔,standard,hàn,页,13,水,4
腠,standard,còu,月,13,火,4
腩,standard,nǎn,月,13,火,3
腼,standard,miǎn,月,13,水,3
腭,standard,è,月,13,木,4
腧,standard,shù,月,13,金,4
塍,standard,chéng,土,13,火,2
媵,standard,yìng,女,13,木,4
詹,standard,zhān,言,13,火,1
鲅,standard,bà,鱼,13,水,4
鲆,standard,píng,鱼,13,水,2
鲇,standard,nián,鱼,13,火,2
鲈,standard,lú,鱼,13,火,2
稣,standard,sū,禾,13,金,1
鲋,standard,fù,鱼,13,水,4
鲐,standard,tái,鱼,13,火,2
肄,standard,yì,聿,13,木,4
鹐,standard,qiān,鸟,13,火,1
飕,standard,sōu,风,13,金,1
觥,standard,gōng,角,13,火,1
遛,standard,"liú,liù",辶,13,火,2
馐,standard,xiū,饣,13,金,1
鹑,standard,chún,鸟,13,水,2
亶,standard,"dǎn,dàn",亠,13,火,3
瘃,standard,zhú,疒,13,金,2
痱,standard,"fèi,féi",疒,13,土,4
痼,standard,gù,疒,13,木,4
痿,standard,wěi,疒,13,土,3
瘐,standard,yǔ,疒,13,木,3
瘁,standard,cuì,疒,13,金,4
麂,standard,jǐ,鹿,13,木,3
裔,standard,yì,衣,13,土,4
歆,standard,xīn,欠,13,金,1
旒,standard,liú,方,13,火,2
雍,standard,yōng,亠,13,土,1
阖,standard,hé,门,13,水,2
阗,standard,tián,门,13,火,2
阙,standard,"quē,què",门,13,金,1
羧,standard,suō,羊,13,金,1
豢,standard,huàn,豕,13,水,4
粳,standard,jīng,米,13,水,1
猷,standard,yóu,犬,13,土,2
煳,standard,hú,火,13,火,2
煜,standard,yù,火,13,火,4
煨,standard,wēi,火,13,火,1
煅,standard,duàn,火,13,火,4
煊,standard,xuān,火,13,火,1
煸,standard,biān,火,13,火,1
煺,standard,tuì,火,13,火,4
滟,standard,yàn,氵,13,水,4
溱,standard,"zhēn,qín",氵,13,水,1
溘,standard,kè,氵,13,水,4
漭,standard,mǎng,氵,13,水,3
滢,standard,yíng,氵,13,水,2
溥,standard,pǔ,氵,13,水,3
溧,standard,lì,氵,13,水,4
溽,standard,rù,氵,13,水,4
裟,standard,shā,衣,13,金,1
溻,standard,tā,氵,13,水,4
溷,standard,hùn,氵,13,水,4
滗,standard,bì,氵,13,水,4
滫,standard,xiǔ,氵,13,水,3
溴,standard,xiù,氵,13,水,4
滏,standard,fǔ,氵,13,水,3
滃,standard,"wěng,wēng",氵,13,水,1
滦,standard,luán,氵,13,水,2
溏,standard,táng,氵,13,水,2
滂,standard,pāng,氵,13,水,1
滓,standard,zǐ,氵,13,水,3
溟,standard,míng,氵,13,水,2
滪,standard,yù,氵,13,水,4
愫,standard,sù,忄,13,金,4
慑,standard,shè,忄,13,金,4
慊,standard,"qiè,qiàn",忄,13,金,4
鲎,standard,hòu,鱼,13,木,4
骞,standard,qiān,宀,13,木,1
窦,standard,dòu,穴,13,火,4
窠,standard,kē,穴,13,木,1
窣,standard,sū,穴,13,土,1
裱,standard,biǎo,衤,13,水,3
褚,standard,"chǔ,zhǔ",衤,13,火,3
裨,standard,"bì,pí",衤,13,水,4
裾,standard,jū,衤,13,木,1
裰,standard,duō,衤,13,火,1
禊,standard,xì,礻,13,金,4
谩,standard,"màn,mán",讠,13,水,2
谪,standard,zhé,讠,13,火,2
媾,standard,gòu,女,13,木,4
嫫,standard,mó,女,13,水,2
媲,standard,pì,女,13,水,4
嫒,standard,ài,女,13,土,4
嫔,standard,pín,女,13,水,2
媸,standard,chī,女,13,火,1
缙,standard,jìn,纟,13,木,4
缜,standard,zhěn,纟,13,金,3
缛,standard,rù,纟,13,金,4
辔,standard,pèi,车,13,水,4
骝,standard,liú,马,13,火,2
缟,standard,gǎo,纟,13,木,3
缡,standard,lí,纟,13,火,2
缢,standard,yì,纟,13,木,4
缣,standard,jiān,纟,13,木,1
骟,standard,shàn,马,13,金,4
耥,standard,"tāng,tǎng",耒,14,火,1
璈,standard,áo,王,14,土,2
瑶,standard,yáo,王,14,火,2
瑭,standard,táng,王,14,火,2
獒,standard,áo,犬,14,土,2
觏,standard,gòu,见,14,木,4
慝,standard,tè,心,14,火,4
嫠,standard,lí,女,14,火,2
韬,standard,tāo,韦,14,火,1
叆,standard,"ài,yǐ",厶,14,火,4
髦,standard,máo,髟,14,水,2
摽,standard,"biāo,biào",扌,14,水,1
墁,standard,màn,土,14,土,4
撂,standard,liào,扌,14,火,4
摞,standard,luò,扌,14,火,4
撄,standard,yīng,扌,14,土,1
翥,standard,zhù,羽,14,金,4
踅,standard,xué,足,14,水,2
摭,standard,zhí,扌,14,金,2
墉,standard,yōng,土,14,土,1
墒,standard,shāng,土,14,土,1
榖,standard,gǔ,木,14,木,3
綦,standard,qí,糸,14,木,2
蔫,standard,niān,艹,14,木,1
蔷,standard,qiáng,艹,14,木,2
靺,standard,mò,革,14,金,4
靼,standard,dá,革,14,火,2
鞅,standard,"yāng,yàng",革,14,火,1
靿,standard,yào,革,14,金,4
甍,standard,méng,瓦,14,木,2
蔸,standard,dōu,艹,14,木,1
蔟,standard,cù,艹,14,木,4
蔺,standard,lìn,艹,14,木,4
戬,standard,jiǎn,戈,14,木,3
蕖,standard,qú,艹,14,木,2
蔻,standard,kòu,艹,14,木,4
蓿,standard,xu,艹,14,木,5
斡,standard,"wò,guǎn",斗,14,木,4
鹕,standard,hú,鸟,14,水,2
蓼,standard,"liǎo,lù",艹,14,木,3
榛,standard,zhēn,木,14,木,1
榧,standard,fěi,木,14,木,3
榻,standard,tà,木,14,木,4
榫,standard,sǔn,木,14,木,3
榭,standard,xiè,木,14,木,4
槔,standard,gāo,木,14,木,1
榱,standard,cuī,木,14,木,1
槁,standard,gǎo,木,14,木,3
槟,standard,"bīn,bīng",木,14,木,1
槠,standard,zhū,木,14,木,1
榷,standard,què,木,14,木,4
僰,standard,bó,人,14,水,2
酽,standard,yàn,酉,14,木,4
酶,standard,méi,酉,14,水,2
酹,standard,lèi,酉,14,火,4
厮,standard,sī,厂,14,土,1
碡,standard,zhóu,石,14,金,5
碴,standard,"chá,chā",石,14,土,2
碣,standard,"jié,yà",石,14,土,2
碲,standard,dì,石,14,土,4
磋,standard,cuō,石,14,土,1
臧,standard,zāng,臣,14,金,1
豨,standard,xī,豕,14,水,1
殡,standard,bìn,歹,14,水,4
霆,standard,tíng,雨,14,水,2
霁,standard,jì,雨,14,水,4
辕,standard,yuán,车,14,土,2
蜚,standard,"fēi,fěi",虫,14,水,1
裴,standard,péi,衣,14,木,2
翡,standard,fěi,羽,14,水,3
龇,standard,zī,齿,14,火,1
龈,standard,"yín,kěn",齿,14,木,2
睿,standard,ruì,目,14,金,4
䁖,standard,lōu,目,14,火,1
睽,standard,kuí,目,14,木,2
嘞,standard,"lē,lei",口,14,火,5
嘈,standard,cáo,口,14,金,2
嘌,standard,piào,口,14,水,4
嘁,standard,qī,口,14,木,1
嘎,standard,"gā,gǎ,gá",口,14,木,1
暧,standard,ài,日,14,火,4
暝,standard,míng,日,14,水,2
踌,standard,chóu,⻊,14,火,2
踉,standard,"liàng,liáng",⻊,14,火,4
蜞,standard,qí,虫,14,水,2
蜥,standard,xī,虫,14,金,1
蜮,standard,yù,虫,14,木,4
蝈,standard,guō,虫,14,木,1
蜴,standard,yì,虫,14,木,4
蜱,standard,pí,虫,14,水,2
蜩,standard,tiáo,虫,14,火,2
蜷,standard,quán,虫,14,木,2
蜿,standard,wān,虫,14,火,1
螂,standard,láng,虫,14,火,2
蜢,standard,měng,虫,14,水,3
嘘,standard,"xū,shī",口,14,土,1
嘡,standard,tāng,口,14,金,1
鹗,standard,è,鸟,14,木,4
嘣,standard,bēng,口,14,水,1
嘤,standard,yīng,口,14,土,1
嘚,standard,"dē,dēi",口,14,金,1
嗾,standard,sǒu,口,14,金,3
嘧,standard,mì,口,14,水,4
罴,standard,pí,罒,14,水,2
罱,standard,lǎn,罒,14,火,3
幔,standard,màn,巾,14,水,4
嶂,standard,zhàng,山,14,土,4
幛,standard,zhàng,巾,14,火,4
赙,standard,fù,贝,14,水,4
罂,standard,yīng,缶,14,土,1
骷,standard,kū,骨,14,木,1
骶,standard,dǐ,骨,14,火,3
鹘,standard,"hú,gǔ",鸟,14,木,3
锲,standard,qiè,钅,14,金,4
锴,standard,kǎi,钅,14,金,3
锶,standard,sī,钅,14,金,1
锷,standard,è,钅,14,金,4
锸,standard,chā,钅,14,金,1
锵,standard,qiāng,钅,14,金,1
镁,standard,měi,钅,14,金,3
镂,standard,lòu,钅,14,金,4
犒,standard,kào,牜,14,木,4
箐,standard,"jīng,qìng",竹,14,木,4
箦,standard,zé,⺮,14,木,2
箧,standard,qiè,竹,14,木,4
箍,standard,gū,竹,14,木,1
箸,standard,zhù,竹,14,木,4
箬,standard,ruò,竹,14,木,4
箅,standard,bì,竹,14,木,4
箪,standard,dān,竹,14,木,1
箔,standard,bó,竹,14,水,2
箜,standard,kōng,竹,14,木,1
箢,standard,"yuān,wǎn",竹,14,木,1
箓,standard,lù,竹,14,木,4
毓,standard,yù,母,14,火,4
僖,standard,xī,亻,14,金,1
儆,standard,jǐng,亻,14,木,3
僳,standard,sù,亻,14,金,4
僭,standard,jiàn,亻,14,木,4
劁,standard,qiāo,刂,14,金,1
僮,standard,"tóng,zhuàng",亻,14,金,2
魃,standard,bá,鬼,14,水,2
魆,standard,xū,鬼,14,水,1
睾,standard,gāo,目,14,木,1
艋,standard,měng,舟,14,水,3
鄱,standard,pó,阝,14,水,2
膈,standard,gé,月,14,木,2
膑,standard,bìn,月,14,水,4
鲑,standard,"guī,xié",鱼,14,土,1
鲔,standard,wěi,鱼,14,土,3
鲚,standard,jì,鱼,14,木,4
鲛,standard,jiāo,鱼,14,木,1
鲟,standard,xún,鱼,14,水,2
獐,standard,zhāng,犭,14,火,1
觫,standard,sù,角,14,金,4
雒,standard,luò,隹,14,火,4
夤,standard,yín,夕,14,土,2
馑,standard,jǐn,饣,14,木,3
銮,standard,luán,金,14,金,2
塾,standard,shú,土,14,土,2
麽,standard,"mó,me,ma",麻,14,水,2
瘌,standard,là,疒,14,火,4
瘊,standard,hóu,疒,14,木,2
瘘,standard,lòu,疒,14,火,4
瘙,standard,sào,疒,14,金,4
廖,standard,liào,广,14,火,4
韶,standard,sháo,音,14,金,2
旖,standard,yǐ,方,14,土,3
膂,standard,lǚ,月,14,水,3
阚,standard,"kàn,hǎn",门,14,木,4
鄯,standard,shàn,阝,14,金,4
鲞,standard,xiǎng,鱼,14,水,3
粿,standard,guǒ,米,14,木,3
粼,standard,lín,米,14,火,2
粽,standard,zòng,米,14,金,4
糁,standard,"shēn,sǎn",米,14,金,3
槊,standard,shuò,木,14,木,4
鹚,standard,cí,鸟,14,金,2
熘,standard,liū,火,14,火,4
熥,standard,tēng,火,14,火,1
潢,standard,"huáng,guāng",氵,14,水,2
漕,standard,cáo,氵,14,水,2
滹,standard,hū,氵,14,水,1
漯,standard,"luò,tà",氵,14,水,4
漶,standard,huàn,氵,14,水,4
潋,standard,liàn,氵,14,水,4
潴,standard,zhū,氵,14,水,1
漪,standard,yī,氵,14,水,1
漉,standard,lù,氵,14,水,4
漳,standard,zhāng,氵,14,水,1
漩,standard,xuán,氵,14,水,2
澉,standard,gǎn,氵,14,水,3
潍,standard,wéi,氵,14,水,2
慵,standard,yōng,忄,14,土,1
搴,standard,qiān,手,14,木,1
窨,standard,"xūn,yìn",穴,14,水,4
寤,standard,wù,宀,14,土,4
綮,standard,"qìng,qǐ",糸,14,金,3
谮,standard,zèn,讠,14,金,4
褡,standard,dā,衤,14,火,1
褙,standard,bèi,衤,14,水,4
褓,standard,bǎo,衤,14,水,3
褛,standard,lǚ,衤,14,木,3
褊,standard,biǎn,衤,14,水,3
谯,standard,"qiáo,qiào",讠,14,金,2
谰,standard,lán,讠,14,火,2
谲,standard,jué,讠,14,火,2
暨,standard,jì,旡,14,木,4
屣,standard,xǐ,尸,14,金,3
鹛,standard,méi,鸟,14,水,2
嫣,standard,yān,女,14,土,1
嫱,standard,qiáng,女,14,金,2
嫖,standard,"piáo,piāo",女,14,水,2
嫦,standard,cháng,女,14,金,2
嫚,standard,"màn,mān",女,14,水,4
嫘,standard,léi,女,14,火,2
嫡,standard,dí,女,14,火,2
鼐,standard,nài,鼎,14,火,4
翟,standard,"zhái,dí",羽,14,土,2
瞀,standard,mào,目,14,水,4
鹜,standard,wù,鸟,14,土,4
骠,standard,"piào,biāo",马,14,水,4
缥,standard,"piǎo,piāo",纟,14,水,1
缦,standard,màn,纟,14,水,4
缧,standard,léi,纟,14,火,2
缨,standard,yīng,纟,14,土,1
骢,standard,cōng,马,14,金,1
缪,standard,"miù,móu,liáo,miào,mù",纟,14,火,2
缫,standard,sāo,纟,14,金,1
耦,standard,ǒu,耒,15,木,3
耧,standard,lóu,耒,15,火,2
瑾,standard,jǐn,王,15,火,3
璜,standard,huáng,王,15,水,2
璀,standard,cuǐ,王,15,金,3
璎,standard,yīng,王,15,土,1
璁,standard,cōng,王,15,金,1
璋,standard,zhāng,王,15,火,1
璇,standard,xuán,王,15,火,2
奭,standard,shì,大,15,金,4
髯,standard,rán,髟,15,金,2
髫,standard,tiáo,髟,15,火,2
撷,standard,xié,扌,15,木,2
撅,standard,"juē,jué",扌,15,火,1
赭,standard,zhě,赤,15,火,3
撸,standard,lū,扌,15,火,1
鋆,standard,yún,金,15,金,2
撙,standard,zǔn,扌,15,金,3
撺,standard,cuān,扌,15,金,1
墀,standard,chí,土,15,土,2
聩,standard,kuì,耳,15,木,4
觐,standard,jìn,见,15,木,4
鞑,standard,dá,革,15,火,2
蕙,standard,huì,艹,15,木,4
鞒,standard,qiáo,革,15,木,2
蕈,standard,xùn,艹,15,木,4
蕨,standard,jué,艹,15,木,2
蕤,standard,ruí,艹,15,木,2
蕞,standard,zuì,艹,15,木,4
蕺,standard,jí,艹,15,木,2
瞢,standard,"méng,měng",目,15,木,2
蕃,standard,"fān,fán,bō",艹,15,木,2
蕲,standard,qí,艹,15,木,2
赜,standard,zé,贝,15,金,2
槿,standard,jǐn,木,15,木,3
樯,standard,qiáng,木,15,木,2
槭,standard,"qì,sè",木,15,木,1
樗,standard,chū,木,15,木,1
樘,standard,"chēng,táng",木,15,木,2
樊,standard,fán,木,15,木,2
槲,standard,hú,木,15,木,2
醌,standard,kūn,酉,15,木,1
醅,standard,pēi,酉,15,水,1
靥,standard,yè,面,15,土,4
魇,standard,yǎn,鬼,15,木,3
餍,standard,yàn,厂,15,土,4
磔,standard,zhé,石,15,土,2
磙,standard,gǔn,石,15,土,3
霈,standard,pèi,雨,15,水,4
辘,standard,lù,车,15,火,4
龉,standard,yǔ,齿,15,木,3
龊,standard,chuò,齿,15,火,4
觑,standard,"qù,qū",见,15,木,4
瞌,standard,kē,目,15,木,1
瞋,standard,chēn,目,15,金,1
瞑,standard,míng,目,15,水,2
嘭,standard,pēng,口,15,水,1
噎,standard,yē,口,15,土,1
噶,standard,gá,口,15,木,2
暹,standard,xiān,辶,15,金,1
噘,standard,juē,口,15,火,1
踔,standard,chuō,⻊,15,火,1
踝,standard,huái,⻊,15,水,2
踟,standard,chí,⻊,15,火,2
踬,standard,zhì,⻊,15,火,4
踮,standard,diǎn,⻊,15,火,3
踯,standard,zhí,⻊,15,金,2
踺,standard,jiàn,⻊,15,木,4
踞,standard,jù,⻊,15,木,4
蝽,standard,chūn,虫,15,水,1
蝾,standard,róng,虫,15,金,2
蝻,standard,nǎn,虫,15,火,3
蝰,standard,kuí,虫,15,土,2
蝮,standard,fù,虫,15,水,4
螋,standard,sōu,虫,15,金,1
蝓,standard,yú,虫,15,金,2
蝣,standard,yóu,虫,15,土,2
蝼,standard,lóu,虫,15,火,2
噗,standard,pū,口,15,水,1
嘬,standard,"zuō,chuài",口,15,金,1
颚,standard,è,页,15,木,4
噍,standard,jiào,口,15,木,4
噢,standard,ō,口,15,火,1
噙,standard,qín,口,15,金,2
噜,standard,lū,口,15,火,1
噌,standard,"cēng,chēng",口,15,火,1
噔,standard,dēng,口,15,木,1
颛,standard,zhuān,页,15,金,1
幞,standard,fú,巾,15,水,2
幡,standard,fān,巾,15,水,1
嶙,standard,lín,山,15,土,2
嶝,standard,dèng,山,15,土,4
骺,standard,hóu,骨,15,木,2
骼,standard,gé,骨,15,木,2
骸,standard,hái,骨,15,水,2
镊,standard,niè,钅,15,金,4
镉,standard,"gé,lì",钅,15,金,2
镌,standard,juān,钅,15,金,1
镍,standard,niè,钅,15,金,4
镏,standard,"liù,liú",钅,15,金,2
镒,standard,yì,钅,15,金,4
镓,standard,jiā,钅,15,金,1
镔,standard,bīn,钅,15,金,1
稷,standard,jì,禾,15,木,4
箴,standard,zhēn,竹,15,木,1
篑,standard,kuì,竹,15,木,4
篁,standard,huáng,竹,15,木,2
篌,standard,hóu,竹,15,木,2
篆,standard,zhuàn,竹,15,木,4
牖,standard,yǒu,片,15,土,3
儋,standard,"dān,dàn",亻,15,火,1
磐,standard,pán,石,15,土,2
虢,standard,guó,虍,15,水,2
鹞,standard,yào,鸟,15,火,4
膘,standard,biāo,月,15,水,1
滕,standard,téng,水,15,火,2
鲠,standard,gěng,鱼,15,木,3
鲡,standard,lí,鱼,15,火,2
鲢,standard,lián,鱼,15,火,2
鲣,standard,jiān,鱼,15,木,1
鲥,standard,shí,鱼,15,水,2
鲧,standard,gǔn,鱼,15,木,3
鲩,standard,huàn,鱼,15,水,4
獗,standard,jué,犭,15,火,2
獠,standard,liáo,犭,15,火,2
觯,standard,zhì,角,15,火,4
馓,standard,sǎn,饣,15,金,3
馔,standard,zhuàn,饣,15,火,4
麾,standard,huī,麻,15,水,1
廛,standard,chán,广,15,金,2
瘛,standard,chì,疒,15,金,4
瘼,standard,mò,疒,15,水,4
瘢,standard,bān,疒,15,水,1
瘠,standard,jí,疒,15,木,2
齑,standard,jī,齐,15,火,1
羯,standard,jié,羊,15,木,2
羰,standard,tāng,羊,15,火,1
遴,standard,lín,辶,15,火,2
糌,standard,zān,米,15,金,1
糍,standard,cí,米,15,金,2
糅,standard,róu,米,15,金,2
熜,standard,"cōng,zǒng",火,15,火,1
熵,standard,shāng,火,15,火,1
熠,standard,yì,火,15,火,4
澍,standard,"shù,zhù",氵,15,水,4
澌,standard,sī,氵,15,水,1
潸,standard,shān,氵,15,水,1
潦,standard,"liáo,lǎo,lào",氵,15,水,3
潲,standard,shào,氵,15,水,4
鋈,standard,wù,金,15,金,4
潟,standard,xì,氵,15,水,4
潼,standard,tóng,氵,15,水,2
潺,standard,chán,氵,15,水,2
憬,standard,jǐng,忄,15,木,3
憧,standard,chōng,忄,15,金,1
寮,standard,liáo,宀,15,火,2
窳,standard,yǔ,穴,15,木,3
谳,standard,yàn,讠,15,木,4
褴,standard,lán,衤,15,火,2
褟,standard,tā,衤,15,木,1
褫,standard,chǐ,衤,15,金,3
谵,standard,zhān,讠,15,金,1
熨,standard,"yùn,yù",火,15,火,4
屦,standard,jù,尸,15,木,4
嬉,standard,xī,女,15,水,1
勰,standard,xié,力,15,水,2
戮,standard,lù,戈,15,火,4
蝥,standard,máo,虫,15,水,2
缬,standard,xié,纟,15,水,2
缮,standard,shàn,纟,15,金,4
缯,standard,"zēng,zèng",纟,15,金,1
骣,standard,chǎn,马,15,火,4
畿,standard,jī,田,15,木,1
耩,standard,jiǎng,耒,16,木,3
耨,standard,nòu,耒,16,火,4
耪,standard,pǎng,耒,16,水,3
璞,standard,pú,王,16,水,2
璟,standard,jǐng,王,16,土,3
靛,standard,diàn,青,16,木,4
璠,standard,fán,王,16,水,2
璘,standard,lín,王,16,土,2
聱,standard,áo,耳,16,土,2
螯,standard,áo,虫,16,土,2
髻,standard,jì,髟,16,木,4
髭,standard,zī,髟,16,火,1
髹,standard,xiū,髟,16,金,1
擀,standard,gǎn,扌,16,木,3
熹,standard,xī,灬,16,火,1
甏,standard,bèng,瓦,16,水,4
擞,standard,"sǒu,sòu",扌,16,金,3
縠,standard,hú,殳,16,金,2
磬,standard,qìng,石,16,木,4
颞,standard,niè,页,16,金,4
蕻,standard,"hóng,hòng",艹,16,木,2
鞘,standard,"qiào,shāo",革,16,木,4
颟,standard,mān,页,16,水,1
薤,standard,xiè,艹,16,木,4
薨,standard,hōng,艹,16,木,1
檠,standard,qíng,木,16,木,2
薏,standard,yì,艹,16,木,4
薮,standard,sǒu,艹,16,木,3
薜,standard,bì,艹,16,木,4
薅,standard,hāo,艹,16,木,1
樾,standard,yuè,木,16,木,4
橛,standard,jué,木,16,木,2
橇,standard,qiāo,木,16,木,1
樵,standard,qiáo,木,16,木,2
檎,standard,qín,木,16,木,2
橹,standard,lǔ,木,16,木,3
樽,standard,zūn,木,16,木,1
樨,standard,xī,木,16,木,1
橼,standard,yuán,木,16,木,2
墼,standard,jī,土,16,木,1
橐,standard,tuó,木,16,火,2
翮,standard,hé,羽,16,水,2
醛,standard,quán,酉,16,木,2
醐,standard,hú,酉,16,水,2
醍,standard,tí,酉,16,火,2
醚,standard,mí,酉,16,水,2
磲,standard,qú,石,16,木,2
赝,standard,yàn,贝,16,木,4
飙,standard,biāo,风,16,水,1
殪,standard,yì,歹,16,土,4
霖,standard,lín,雨,16,水,2
霏,standard,fēi,雨,16,水,1
霓,standard,ní,雨,16,水,2
錾,standard,zàn,金,16,金,4
辚,standard,lín,车,16,火,2
臻,standard,zhēn,至,16,火,1
遽,standard,jù,辶,16,木,4
氅,standard,chǎng,毛,16,金,3
瞟,standard,piǎo,目,16,水,3
瞠,standard,chēng,目,16,火,1
瞰,standard,kàn,目,16,木,4
嚄,standard,"huō,huò,ǒ",口,16,金,4
嚆,standard,hāo,口,16,木,1
噤,standard,jìn,口,16,木,4
暾,standard,tūn,日,16,火,1
蹀,standard,dié,⻊,16,火,2
踹,standard,chuài,⻊,16,金,4
踵,standard,zhǒng,⻊,16,火,3
踽,standard,jǔ,⻊,16,木,3
蹉,standard,cuō,⻊,16,金,1
蹁,standard,pián,⻊,16,水,2
螨,standard,mǎn,虫,16,水,3
蟒,standard,"mǎng,měng",虫,16,水,3
螈,standard,yuán,虫,16,土,2
螅,standard,xī,虫,16,金,1
螭,standard,chī,虫,16,火,1
螠,standard,yì,虫,16,土,4
螟,standard,míng,虫,16,水,2
噱,standard,"jué,xué",口,16,水,2
噬,standard,shì,口,16,金,4
噫,standard,yī,口,16,土,1
噻,standard,sāi,口,16,金,1
噼,standard,pī,口,16,金,1
罹,standard,lí,罒,16,火,2
圜,standard,"huán,yuán",囗,16,木,2
䦃,standard,zhuō,钅,16,金,1
镖,standard,biāo,钅,16,金,1
镗,standard,"táng,tāng",钅,16,金,1
镘,standard,màn,钅,16,金,4
镚,standard,bèng,钅,16,金,4
镛,standard,yōng,钅,16,金,1
镝,standard,"dí,dī",钅,16,金,2
镞,standard,zú,钅,16,金,2
镠,standard,liú,钅,16,金,2
氇,standard,lu,毛,16,火,3
氆,standard,pǔ,毛,16,水,3
憩,standard,qì,心,16,水,4
穑,standard,sè,禾,16,木,4
篝,standard,gōu,竹,16,木,1
篥,standard,lì,竹,16,木,4
篦,standard,bì,竹,16,木,4
篪,standard,chí,竹,16,木,2
篙,standard,gāo,竹,16,木,1
盥,standard,guàn,皿,16,水,4
劓,standard,yì,刂,16,金,4
翱,standard,áo,羽,16,金,2
魉,standard,liǎng,鬼,16,火,3
魈,standard,xiāo,鬼,16,木,1
徼,standard,"jiǎo,jiào",彳,16,木,4
歙,standard,"xī,shè",欠,16,土,4
膳,standard,shàn,月,16,金,4
膦,standard,lìn,月,16,火,4
膙,standard,jiǎng,月,16,水,3
鲮,standard,líng,鱼,16,火,2
鲱,standard,fēi,鱼,16,水,1
鲲,standard,kūn,鱼,16,木,1
鲳,standard,chāng,鱼,16,金,1
鲴,standard,gù,鱼,16,水,4
鲵,standard,ní,鱼,16,木,2
鲷,standard,diāo,鱼,16,火,1
鲻,standard,zī,鱼,16,火,1
獴,standard,měng,犭,16,土,3
獭,standard,tǎ,犭,16,火,3
獬,standard,xiè,犭,16,水,4
邂,standard,xiè,辶,16,水,4
鹧,standard,zhè,鸟,16,火,4
廨,standard,xiè,广,16,水,4
赟,standard,yūn,贝,16,水,1
瘰,standard,luǒ,疒,16,火,3
廪,standard,lǐn,广,16,火,3
瘿,standard,yǐng,疒,16,木,3
瘵,standard,zhài,疒,16,金,4
瘴,standard,zhàng,疒,16,火,4
癃,standard,lóng,疒,16,火,2
瘳,standard,chōu,疒,16,金,1
斓,standard,lán,文,16,火,2
麇,standard,"jūn,qún",鹿,16,木,1
麈,standard,zhǔ,鹿,16,金,3
嬴,standard,yíng,月,16,木,2
壅,standard,yōng,土,16,土,1
羲,standard,xī,羊,16,金,1
糗,standard,qiǔ,米,16,木,3
瞥,standard,piē,目,16,水,1
甑,standard,zèng,瓦,16,金,4
燎,standard,"liáo,liǎo",火,16,火,2
燠,standard,yù,火,16,火,4
燔,standard,fán,火,16,火,2
燧,standard,suì,火,16,火,4
濑,standard,lài,氵,16,水,4
濉,standard,suī,氵,16,水,1
潞,standard,lù,氵,16,水,4
澧,standard,lǐ,氵,16,水,3
澹,standard,"dàn,tán",氵,16,水,4
澥,standard,xiè,氵,16,水,4
澶,standard,chán,氵,16,水,2
濂,standard,lián,氵,16,水,2
褰,standard,qiān,衣,16,木,1
寰,standard,huán,宀,16,水,2
窸,standard,xī,穴,16,土,1
褶,standard,zhě,衤,16,火,3
禧,standard,xǐ,礻,16,水,3
嬖,standard,bì,女,16,水,4
犟,standard,jiàng,牛,16,木,4
隰,standard,xí,阝,16,金,2
嬗,standard,shàn,女,16,金,4
颡,standard,sǎng,页,16,金,3
缱,standard,qiǎn,纟,16,金,3
缲,standard,"qiāo,sāo",纟,16,木,1
缳,standard,huán,纟,16,水,2
璨,standard,càn,王,17,金,4
璩,standard,qú,王,17,木,2
璐,standard,lù,王,17,火,4
璪,standard,zǎo,王,17,土,3
螫,standard,"shì,zhē",虫,17,土,4
擤,standard,xǐng,扌,17,金,3
壕,standard,háo,土,17,土,2
觳,standard,hú,角,17,水,2
罄,standard,qìng,缶,17,木,4
擢,standard,zhuó,扌,17,火,2
薹,standard,tái,艹,17,木,2
鞡,standard,la,革,17,金,5
鞬,standard,"jiān,jiàn",革,17,金,1
薷,standard,rú,艹,17,木,2
薰,standard,xūn,艹,17,木,1
藓,standard,xiǎn,艹,17,木,3
藁,standard,gǎo,艹,17,木,3
檄,standard,xí,木,17,木,2
檩,standard,lǐn,木,17,木,3
懋,standard,mào,心,17,木,4
醢,standard,hǎi,酉,17,水,3
翳,standard,yì,羽,17,土,4
礅,standard,dūn,石,17,土,1
磴,standard,dèng,石,17,土,4
鹩,standard,liáo,鸟,17,火,2
龋,standard,qǔ,齿,17,木,3
龌,standard,wò,齿,17,火,4
豳,standard,bīn,豕,17,水,1
壑,standard,hè,土,17,土,4
黻,standard,fú,黹,17,水,2
嚏,standard,tì,口,17,火,4
嚅,standard,rú,口,17,金,2
蹑,standard,niè,⻊,17,金,4
蹒,standard,pán,⻊,17,水,2
蹊,standard,"qī,xī",⻊,17,木,1
蟥,standard,huáng,虫,17,木,2
螬,standard,cáo,虫,17,金,2
螵,standard,piāo,虫,17,水,1
疃,standard,tuǎn,田,17,火,3
螳,standard,táng,虫,17,火,2
蟑,standard,zhāng,虫,17,火,1
嚓,standard,"chā,cā",口,17,金,1
羁,standard,jī,罒,17,木,1
罾,standard,zēng,罒,17,金,1
嶷,standard,yí,山,17,土,2
黜,standard,chù,黑,17,金,4
黝,standard,yǒu,黑,17,土,3
髁,standard,kē,骨,17,木,1
髀,standard,bì,骨,17,水,4
镡,standard,"tán,chán,xín",钅,17,金,2
镢,standard,jué,钅,17,金,2
镣,standard,liào,钅,17,金,4
镦,standard,"dūn,duì",钅,17,金,1
镧,standard,lán,钅,17,金,2
镩,standard,cuān,钅,17,金,1
镪,standard,"qiǎng,qiāng",钅,17,金,1
镫,standard,"dēng,dèng",钅,17,金,4
罅,standard,xià,缶,17,木,4
黏,standard,nián,黍,17,火,2
簌,standard,sù,竹,17,木,4
篾,standard,miè,竹,17,木,4
篼,standard,dōu,竹,17,木,1
簖,standard,duàn,竹,17,木,4
簋,standard,guǐ,⺮,17,木,3
鼢,standard,fén,鼠,17,水,2
黛,standard,dài,黑,17,火,4
儡,standard,lěi,亻,17,火,3
鹪,standard,jiāo,鸟,17,木,1
鼾,standard,hān,鼻,17,水,1
皤,standard,pó,白,17,水,2
魍,standard,wǎng,鬼,17,火,3
龠,standard,yuè,龠,17,土,4
繇,standard,"yáo,yóu,zhòu",糸,17,火,4
貘,standard,mò,豸,17,水,4
邈,standard,miǎo,辶,17,水,3
貔,standard,pí,豸,17,水,2
臌,standard,gǔ,月,17,木,3
膻,standard,"shān,dàn",月,17,金,1
臆,standard,yì,月,17,土,4
臃,standard,yōng,月,17,土,1
鲼,standard,fèn,鱼,17,水,4
鲽,standard,dié,鱼,17,火,2
鳀,standard,tí,鱼,17,水,2
鳃,standard,"sāi,xǐ",鱼,17,金,1
鳅,standard,qiū,鱼,17,木,1
鳇,standard,huáng,鱼,17,木,2
鳊,standard,biān,鱼,17,水,1
螽,standard,zhōng,虫,17,火,1
燮,standard,xiè,火,17,火,4
鹫,standard,jiù,鸟,17,木,4
襄,standard,xiāng,亠,17,火,1
糜,standard,"mí,méi",米,17,水,2
縻,standard,mí,糸,17,金,2
膺,standard,yīng,月,17,土,1
癍,standard,bān,疒,17,水,1
麋,standard,mí,鹿,17,火,2
懑,standard,mèn,心,17,水,4
濡,standard,rú,氵,17,水,2
濮,standard,pú,氵,17,水,2
濞,standard,"bì,pì",氵,17,水,4
濠,standard,háo,氵,17,水,2
濯,standard,"zhuó,zhào",氵,17,水,2
蹇,standard,jiǎn,足,17,金,3
謇,standard,jiǎn,言,17,木,3
邃,standard,suì,辶,17,金,4
襁,standard,qiǎng,衤,17,木,3
檗,standard,bò,木,17,木,4
擘,standard,"bò,bāi",手,17,水,4
孺,standard,rú,子,17,金,2
隳,standard,"huī,duò",阝,17,水,1
嬷,standard,mó,女,17,水,1
蟊,standard,máo,虫,17,水,2
鹬,standard,yù,鸟,17,木,4
鍪,standard,móu,金,17,金,2
鏊,standard,ào,金,18,金,4
鳌,standard,áo,鱼,18,土,2
鬈,standard,quán,髟,18,木,2
鬃,standard,zōng,髟,18,金,1
瞽,standard,gǔ,目,18,木,3
鞯,standard,jiān,革,18,木,1
鞨,standard,hé,革,18,金,2
鞫,standard,jū,革,18,木,1
鞧,standard,qiū,革,18,金,1
鞣,standard,róu,革,18,金,2
藜,standard,lí,艹,18,木,2
藠,standard,jiào,艹,18,木,4
藩,standard,fān,艹,18,水,1
醪,standard,láo,酉,18,火,2
蹙,standard,cù,足,18,金,4
礓,standard,jiāng,石,18,土,1
燹,standard,xiǎn,火,18,金,3
餮,standard,tiè,食,18,火,4
瞿,standard,"qú,jù",目,18,木,4
曛,standard,xūn,日,18,火,1
颢,standard,hào,页,18,木,4
曜,standard,yào,日,18,火,4
躇,standard,chú,⻊,18,金,2
鹭,standard,lù,鸟,18,火,4
蟛,standard,péng,虫,18,水,2
蟪,standard,huì,虫,18,水,4
蟠,standard,pán,虫,18,水,2
蟮,standard,shàn,虫,18,金,4
鹮,standard,huán,鸟,18,火,2
黠,standard,xiá,黑,18,木,2
黟,standard,yī,黑,18,土,1
髅,standard,lóu,骨,18,火,2
髂,standard,qià,骨,18,木,4
镬,standard,huò,钅,18,金,4
镭,standard,léi,钅,18,金,2
镯,standard,zhuó,钅,18,金,2
馥,standard,fù,香,18,水,4
簟,standard,diàn,竹,18,木,4
簪,standard,zān,⺮,18,木,1
鼬,standard,yòu,鼠,18,土,4
雠,standard,chóu,隹,18,火,2
艟,standard,chōng,舟,18,金,1
鳎,standard,tǎ,鱼,18,火,3
鳏,standard,guān,鱼,18,木,1
鳐,standard,yáo,鱼,18,火,2
癞,standard,lài,疒,18,火,4
癔,standard,yì,疒,18,土,4
癜,standard,diàn,疒,18,火,4
癖,standard,pǐ,疒,18,水,3
糨,standard,jiàng,米,18,木,4
蹩,standard,bié,足,18,水,2
鎏,standard,liú,金,18,金,2
懵,standard,měng,忄,18,水,3
彝,standard,yí,彑,18,土,2
邋,standard,lā,辶,18,火,1
鬏,standard,jiū,髟,19,木,1
攉,standard,huō,扌,19,木,1
攒,standard,"zǎn,cuán",扌,19,金,3
鞲,standard,gōu,革,19,水,1
鞴,standard,bèi,革,19,水,4
藿,standard,huò,艹,19,木,4
蘧,standard,qú,艹,19,木,2
蘅,standard,héng,艹,19,木,2
麓,standard,lù,鹿,19,木,4
醮,standard,jiào,酉,19,木,4
醯,standard,xī,酉,19,金,1
酃,standard,líng,阝,19,火,2
霪,standard,yín,雨,19,水,2
霭,standard,ǎi,雨,19,木,3
霨,standard,wèi,雨,19,水,4
黼,standard,fǔ,黹,19,水,3
嚯,standard,huò,口,19,水,4
蹰,standard,chú,⻊,19,金,2
蹶,standard,"juě,jué",⻊,19,火,2
蹼,standard,pǔ,⻊,19,水,3
蹴,standard,cù,⻊,19,金,4
蹿,standard,cuān,⻊,19,金,1
蠖,standard,huò,虫,19,木,4
蠓,standard,měng,虫,19,水,3
蟾,standard,chán,虫,19,金,2
蠊,standard,lián,虫,19,火,2
黢,standard,qū,黑,19,木,1
髋,standard,kuān,骨,19,木,1
髌,standard,bìn,骨,19,水,4
镲,standard,chǎ,钅,19,金,3
籀,standard,zhòu,竹,19,木,4
籁,standard,lài,竹,19,木,4
齁,standard,hōu,鼻,19,金,1
魑,standard,chī,鬼,19,火,1
艨,standard,méng,舟,19,水,2
鳓,standard,lè,鱼,19,水,4
鳔,standard,biào,鱼,19,水,4
鳕,standard,xuě,鱼,19,水,3
鳗,standard,mán,鱼,19,水,2
鳙,standard,yōng,鱼,19,土,1
麒,standard,qí,鹿,19,木,2
鏖,standard,áo,鹿,19,金,2
羸,standard,léi,月,19,火,2
㸆,standard,kào,火,19,火,4
瀚,standard,hàn,氵,19,水,4
瀣,standard,xiè,氵,19,水,4
瀛,standard,yíng,氵,19,水,2
襦,standard,rú,衤,19,金,2
谶,standard,chèn,讠,19,金,4
襞,standard,bì,衣,19,水,4
骥,standard,jì,马,19,金,4
缵,standard,zuǎn,纟,19,木,3
瓒,standard,zàn,王,20,金,4
攘,standard,rǎng,扌,20,水,3
蘩,standard,fán,艹,20,木,2
蘖,standard,niè,艹,20,木,4
醴,standard,lǐ,酉,20,火,3
霰,standard,xiàn,雨,20,金,4
酆,standard,fēng,阝,20,水,1
矍,standard,jué,目,20,火,2
曦,standard,xī,日,20,火,1
躅,standard,zhú,⻊,20,火,2
鼍,standard,tuó,黽,20,火,2
巉,standard,chán,山,20,土,2
黩,standard,dú,黑,20,金,2
黥,standard,qíng,黑,20,金,2
黪,standard,cǎn,黑,20,金,3
镳,standard,biāo,钅,20,金,1
镴,standard,là,钅,20,金,4
黧,standard,lí,黑,20,火,2
纂,standard,zuǎn,糸,20,木,3
璺,standard,wèn,玉,20,金,4
鼯,standard,wú,鼠,20,土,2
臜,standard,zā,月,20,水,1
鳜,standard,"jué,guì",鱼,20,木,4
鳝,standard,shàn,鱼,20,金,4
鳟,standard,zūn,鱼,20,金,1
獾,standard,huān,犭,20,水,1
孀,standard,shuāng,女,20,金,1
骧,standard,xiāng,马,20,火,1
瓘,standard,guàn,王,21,木,4
鼙,standard,pí,鼓,21,水,2
醺,standard,xūn,酉,21,水,1
礴,standard,bó,石,21,土,2
颦,standard,pín,页,21,水,2
曩,standard,nǎng,日,21,火,3
鳢,standard,lǐ,鱼,21,火,3
癫,standard,diān,疒,21,火,1
麝,standard,shè,鹿,21,金,4
夔,standard,kuí,夂,21,木,2
爝,standard,"jué,jiào",火,21,火,2
灏,standard,hào,氵,21,水,4
禳,standard,ráng,礻,21,水,2
鐾,standard,bèi,金,21,金,4
羼,standard,chàn,尸,21,金,4
蠡,standard,"lí,lǐ",虫,21,土,3
耱,standard,mò,耒,22,水,4
懿,standard,yì,心,22,土,4
蘸,standard,zhàn,艹,22,木,4
鹳,standard,guàn,鸟,22,土,4
霾,standard,mái,雨,22,水,2
氍,standard,qú,毛,22,木,2
饕,standard,tāo,飠,22,火,1
躐,standard,liè,⻊,22,火,4
髑,standard,dú,骨,22,金,2
镵,standard,chán,钅,22,金,2
穰,standard,ráng,禾,22,水,2
饔,standard,yōng,飠,22,土,1
鬻,standard,yù,鬲,22,木,4
鬟,standard,huán,髟,23,水,2
趱,standard,zǎn,走,23,金,3
攫,standard,jué,扌,23,火,2
攥,standard,zuàn,扌,23,木,4
颧,standard,quán,页,23,木,2
躜,standard,zuān,⻊,23,木,1
鼹,standard,yǎn,鼠,23,木,3
癯,standard,qú,疒,23,木,2
麟,standard,lín,鹿,23,火,2
蠲,standard,juān,虫,23,木,1
蠹,standard,dù,虫,24,火,4
躞,standard,xiè,⻊,24,水,4
衢,standard,qú,行,24,木,2
鑫,standard,xīn,金,24,金,1
灞,standard,bà,氵,24,水,4
襻,standard,pàn,衤,24,水,4
纛,standard,dào,糸,25,火,4
鬣,standard,liè,髟,25,火,4
攮,standard,nǎng,扌,25,火,3
囔,standard,nāng,口,25,火,1
馕,standard,"náng,nǎng",饣,25,火,3
戆,standard,"gàng,zhuàng",心,25,木,4
爨,standard,cuàn,火,30,金,4
齉,standard,nàng,鼻,36,金,4
亍,rare,chù,二,3,金,4
尢,rare,"wāng,yóu",尢,3,土,1
彳,rare,chì,彳,3,火,4
卬,rare,"áng,yǎng",卩,4,土,2
殳,rare,shū,殳,4,金,1
邘,rare,yú,阝,5,土,2
戋,rare,jiān,戈,5,金,1
圢,rare,tǐng,土,5,土,3
氕,rare,piē,气,5,水,1
仝,rare,tóng,人,5,火,2
冮,rare,gāng,冫,5,水,1
氿,rare,"guǐ,jiǔ",氵,5,水,3
汈,rare,diāo,氵,5,水,1
氾,rare,"fán,fàn",氵,5,水,4
忉,rare,dāo,忄,5,火,1
宄,rare,guǐ,宀,5,木,3
讱,rare,rèn,讠,5,金,4
圲,rare,qiān,土,6,土,1
圫,rare,tuō,土,6,土,4
芏,rare,dù,艹,6,木,4
芃,rare,péng,艹,6,木,2
朳,rare,bā,木,6,木,1
朸,rare,lì,木,6,木,4
邨,rare,cūn,阝,6,土,1
吒,rare,"zhà,zhā",口,6,金,4
吖,rare,"ā,yā",口,6,土,1
屼,rare,wù,山,6,土,4
屾,rare,shēn,山,6,土,1
钆,rare,gá,钅,6,金,2
仳,rare,"pǐ,pí",亻,6,水,3
癿,rare,bié,白,6,金,2
甪,rare,lù,用,6,火,4
邠,rare,bīn,阝,6,水,1
犴,rare,"àn,hān",犭,6,火,4
冱,rare,hù,冫,6,水,4
邡,rare,fāng,阝,6,水,1
闫,rare,yán,门,6,金,2
汋,rare,"zhuó,què",氵,6,水,2
䜣,rare,"xī,xīn,yín",讠,6,金,1
讻,rare,xiōng,讠,6,水,1
孖,rare,"mā,zī",子,6,水,1
纩,rare,kuàng,纟,6,木,4
玒,rare,hóng,王,7,土,2
玓,rare,dì,王,7,火,4
玘,rare,qǐ,王,7,土,3
玚,rare,"yáng,chàng",王,7,金,2
刬,rare,"chǎn,chàn",刂,7,金,3
坜,rare,lì,土,7,土,4
坉,rare,"tún,dùn",土,7,土,4
坋,rare,"fèn,bèn",土,7,土,4
芰,rare,jì,艹,7,木,4
芣,rare,fú,艹,7,木,2
苊,rare,è,艹,7,木,4
苉,rare,pǐ,艹,7,木,3
芘,rare,"pí,bǐ",艹,7,木,4
芴,rare,"wù,hū",艹,7,木,4
芠,rare,wén,艹,7,木,2
芤,rare,kōu,艹,7,木,1
杕,rare,"dì,duò",木,7,木,4
杙,rare,yì,木,7,木,4
杄,rare,qiān,木,7,木,1
杧,rare,máng,木,7,木,2
杩,rare,"mà,mǎ",木,7,木,4
尨,rare,"méng,máng,lóng,páng",尢,7,水,2
轪,rare,dài,车,7,金,4
坒,rare,bì,土,7,土,4
芈,rare,mǐ,卝,7,水,3
旴,rare,"xū,xù",日,7,火,1
旵,rare,chǎn,日,7,火,3
呙,rare,guō,口,7,木,1
㕮,rare,fǔ,口,7,金,3
岍,rare,qiān,山,7,土,1
岠,rare,jù,山,7,土,4
岜,rare,bā,山,7,土,1
呇,rare,"mèn,qǐ",口,7,金,3
觃,rare,yàn,见,7,火,4
岙,rare,ào,山,7,土,4
伾,rare,pī,亻,7,水,1
伭,rare,"xián,xuán",亻,7,金,2
伲,rare,"nì,ní",亻,7,木,4
佁,rare,"yǐ,chì",亻,7,火,3
飏,rare,yáng,风,7,水,2
狃,rare,niǔ,犭,7,水,3
闶,rare,"kāng,kàng",门,7,木,1
汧,rare,qiān,氵,7,水,1
汫,rare,jǐng,氵,7,水,4
沄,rare,yún,氵,7,水,2
沘,rare,bǐ,氵,7,水,3
汭,rare,ruì,氵,7,水,4
㳇,rare,"fú,fù",氵,7,水,2
沇,rare,yǎn,氵,7,水,3
忮,rare,zhì,忄,7,金,4
忳,rare,"tún,zhūn,dùn",忄,7,火,2
忺,rare,xiān,忄,7,火,1
祃,rare,mà,礻,7,水,4
诇,rare,xiòng,讠,7,金,4
邲,rare,bì,阝,7,水,4
诎,rare,qū,讠,7,木,1
诐,rare,bì,讠,7,水,4
岊,rare,jié,山,7,土,2
阽,rare,"yán,diàn",阝,7,火,4
阼,rare,zuò,阝,7,金,4
妧,rare,"wàn,yuán",女,7,水,2
妘,rare,yún,女,7,水,2
纮,rare,hóng,纟,7,金,2
驲,rare,rì,马,7,火,4
纻,rare,zhù,纟,7,金,4
纼,rare,zhèn,纟,7,金,4
玤,rare,bàng,王,8,土,3
玞,rare,fū,王,8,土,1
玱,rare,"qiāng,cāng",王,8,土,1
玟,rare,"mín,wén",王,8,土,2
邽,rare,guī,阝,8,土,1
邿,rare,shī,阝,8,土,1
坥,rare,qū,土,8,土,1
坰,rare,jiōng,土,8,土,1
坬,rare,wā,土,8,土,1
坽,rare,líng,土,8,土,2
耵,rare,dīng,耳,8,火,1
茋,rare,zhǐ,艹,8,木,3
苧,rare,"zhù,níng",艹,8,木,4
苾,rare,bì,艹,8,木,4
苠,rare,mín,艹,8,木,2
枅,rare,jī,木,8,木,1
㭎,rare,gāng,木,8,木,1
枘,rare,ruì,木,8,木,4
枍,rare,yì,木,8,木,4
矼,rare,"gāng,qiāng,kòng",石,8,土,1
矻,rare,kū,石,8,土,1
旿,rare,"wù,wǔ",日,8,火,4
昇,rare,shēng,日,8,火,1
昄,rare,bǎn,日,8,火,3
昒,rare,hū,日,8,火,1
昈,rare,hù,日,8,火,4
咉,rare,"yǎng,yāng",口,8,金,4
咇,rare,bì,口,8,金,2
咍,rare,hāi,口,8,金,1
岵,rare,hù,山,8,土,4
岽,rare,dōng,山,8,土,1
岨,rare,"qū,jū",山,8,土,1
岞,rare,zuò,山,8,土,4
峂,rare,tóng,山,8,土,2
囷,rare,qūn,囗,8,金,1
钐,rare,"shān,shàn",钅,8,金,4
钔,rare,mén,钅,8,金,2
钖,rare,yáng,钅,8,金,2
佴,rare,"èr,nài",亻,8,火,4
垈,rare,dài,土,8,土,4
侁,rare,shēn,亻,8,金,1
隹,rare,"zhuī,cuī,wéi",隹,8,火,1
佽,rare,cì,亻,8,火,4
侘,rare,chà,亻,8,金,4
郈,rare,hòu,阝,8,水,4
舠,rare,dāo,舟,8,木,1
郐,rare,kuài,阝,8,木,4
郃,rare,hé,阝,8,水,2
攽,rare,bān,攵,8,水,1
肭,rare,nà,月,8,火,4
肸,rare,xī,月,8,水,4
肷,rare,qiǎn,月,8,木,3
狉,rare,pī,犭,8,土,1
狝,rare,xiǎn,犭,8,土,3
饳,rare,duò,饣,8,火,4
忞,rare,"mǐn,wěn,mín",心,8,火,2
於,rare,"wū,yū,yú",方,8,土,1
炌,rare,kài,火,8,火,4
炆,rare,wén,火,8,火,2
泙,rare,"pēng,píng",氵,8,水,2
沺,rare,tián,氵,8,水,2
泂,rare,jiǒng,氵,8,水,3
泜,rare,zhī,氵,8,水,1
泃,rare,jū,氵,8,水,1
泇,rare,jiā,氵,8,水,1
怊,rare,chāo,忄,8,金,1
峃,rare,xué,山,8,土,2
穸,rare,xī,穴,8,金,1
祋,rare,duì,礻,8,火,1
祊,rare,"bēng,fāng",礻,8,水,1
鸤,rare,shī,鸟,8,火,1
弢,rare,tāo,弓,8,火,1
弨,rare,chāo,弓,8,金,1
陑,rare,ér,阝,8,土,2
陎,rare,shū,阝,8,土,1
卺,rare,jǐn,㔾,8,木,3
乸,rare,nǎ,乙,8,木,3
妭,rare,bá,女,8,水,2
姈,rare,líng,女,8,水,2
驵,rare,zǎng,马,8,金,3
驺,rare,zōu,马,8,金,1
绋,rare,fú,纟,8,水,2
绐,rare,dài,纟,8,火,4
砉,rare,"huā,xū",石,9,土,1
耔,rare,zǐ,耒,9,火,3
玶,rare,píng,王,9,土,2
珇,rare,"zǔ,jù",王,9,土,3
珅,rare,shēn,王,9,金,1
珋,rare,liǔ,王,9,土,3
玹,rare,"xuán,xián",王,9,土,2
珌,rare,bì,王,9,水,4
玿,rare,sháo,王,9,土,2
韨,rare,fú,韦,9,金,2
垚,rare,yáo,土,9,土,2
垯,rare,da,土,9,土,5
垙,rare,guāng,土,9,土,1
垲,rare,kǎi,土,9,土,3
埏,rare,"shān,yán",土,9,土,1
垍,rare,jì,土,9,土,4
垎,rare,hè,土,9,土,4
垴,rare,nǎo,土,9,土,3
垟,rare,yáng,土,9,土,2
垞,rare,chá,土,9,土,2
垵,rare,"ān,ǎn",土,9,土,1
垏,rare,lǜ,土,9,土,4
拶,rare,"zā,zǎn",扌,9,水,3
荖,rare,lǎo,艹,9,木,3
荁,rare,huán,艹,9,木,2
荙,rare,dá,艹,9,木,2
荛,rare,ráo,艹,9,木,2
茈,rare,"zǐ,cí",艹,9,木,3
茽,rare,zhòng,艹,9,木,4
荄,rare,gāi,艹,9,木,1
茺,rare,chōng,艹,9,木,1
荓,rare,píng,艹,9,木,2
茳,rare,jiāng,艹,9,水,1
茛,rare,gèn,艹,9,木,4
荭,rare,hóng,艹,9,木,2
柷,rare,"zhù,chù",木,9,木,4
柃,rare,líng,木,9,木,2
柊,rare,zhōng,木,9,木,1
枹,rare,"bāo,fú",木,9,木,1
栐,rare,yǒng,木,9,木,3
柖,rare,"sháo,shào",木,9,木,1
郚,rare,wú,阝,9,水,2
剅,rare,lóu,刂,9,金,2
䴓,rare,shī,鸟,9,火,1
厖,rare,máng,厂,9,土,2
砆,rare,fū,石,9,土,1
砑,rare,yà,石,9,土,4
砄,rare,jué,石,9,土,2
耏,rare,"ér,nài",而,9,金,2
䶮,rare,yǎn,龙,9,土,3
轵,rare,zhǐ,车,9,金,3
轷,rare,hū,车,9,水,1
轹,rare,lì,车,9,火,4
轺,rare,yáo,车,9,火,2
昺,rare,bǐng,日,9,火,3
昽,rare,lóng,日,9,火,2
盷,rare,"tián,xián",目,9,火,2
咡,rare,èr,口,9,金,4
咺,rare,"xuān,xuǎn",口,9,金,3
昳,rare,"yì,dié",日,9,火,2
昣,rare,zhěn,日,9,火,3
哒,rare,dā,口,9,火,1
昤,rare,líng,日,9,火,2
昫,rare,xù,日,9,火,4
昡,rare,xuàn,日,9,火,4
咥,rare,"xì,dié",口,9,金,4
昪,rare,biàn,日,9,水,4
虷,rare,"gān,hán",虫,9,土,1
虸,rare,zǐ,虫,9,土,3
哃,rare,tóng,口,9,金,2
峘,rare,huán,山,9,土,1
峛,rare,liè,山,9,土,3
峗,rare,wéi,山,9,土,3
峧,rare,jiāo,山,9,土,1
帡,rare,píng,巾,9,木,2
钘,rare,xíng,钅,9,金,2
钜,rare,jù,钅,9,金,4
钪,rare,kàng,钅,9,木,4
钬,rare,huǒ,钅,9,火,3
钭,rare,"tǒu,dǒu",钅,9,金,3
矧,rare,shěn,矢,9,金,3
秬,rare,jù,禾,9,木,4
舁,rare,yú,臼,9,土,2
俜,rare,pīng,亻,9,水,1
垕,rare,hòu,土,9,土,4
舣,rare,yǐ,舟,9,土,3
鸧,rare,cāng,鸟,9,金,1
胠,rare,qū,月,9,水,1
胈,rare,bá,月,9,水,2
胩,rare,kǎ,月,9,木,3
胣,rare,chǐ,月,9,水,3
朏,rare,"fěi,kū",月,9,水,3
飐,rare,zhǎn,风,9,水,3
訄,rare,qiú,言,9,金,2
饻,rare,xī,饣,9,火,1
庤,rare,zhì,广,9,土,4
疢,rare,chèn,疒,9,金,4
炣,rare,kě,火,9,火,3
炟,rare,dá,火,9,火,2
㶲,rare,yòng,火,9,火,4
洭,rare,kuāng,氵,9,水,1
洘,rare,"kǎo,kào",氵,9,水,3
洓,rare,"sè,qì,zì",氵,9,水,4
洿,rare,wū,氵,9,水,1
泚,rare,cǐ,氵,9,水,3
浈,rare,zhēn,氵,9,水,1
浉,rare,shī,氵,9,水,1
洸,rare,guāng,氵,9,水,1
洑,rare,"fú,fù",氵,9,水,2
洢,rare,yī,氵,9,水,1
洈,rare,wéi,氵,9,水,2
洚,rare,jiàng,氵,9,水,4
洺,rare,míng,氵,9,水,2
洨,rare,xiáo,氵,9,水,2
浐,rare,chǎn,氵,9,水,3
洴,rare,píng,氵,9,水,2
洣,rare,mǐ,氵,9,水,3
恔,rare,"xiào,jiǎo",忄,9,火,4
宬,rare,chéng,宀,9,金,2
窀,rare,zhūn,穴,9,土,1
扂,rare,diàn,户,9,木,4
袆,rare,huī,衤,9,木,1
祏,rare,shí,礻,9,火,2
祐,rare,yòu,礻,9,土,4
祕,rare,"bì,mì",礻,9,火,4
叚,rare,"jiǎ,xiá",又,9,木,3
陧,rare,niè,阝,9,金,4
陞,rare,shēng,阝,9,土,1
娀,rare,sōng,女,9,金,1
姞,rare,jí,女,9,火,2
姱,rare,"kuā,hù",女,9,水,1
姤,rare,"gòu,dù",女,9,水,4
姶,rare,"è,yà",女,9,水,3
姽,rare,guǐ,女,9,水,3
枲,rare,xǐ,木,9,木,3
绖,rare,dié,纟,9,金,2
骃,rare,yīn,马,9,火,1
彖,rare,tuàn,彑,9,火,4
骉,rare,biāo,马,9,水,1
恝,rare,jiá,心,10,木,2
珪,rare,guī,王,10,土,1
珛,rare,xiù,王,10,土,4
珹,rare,chéng,王,10,土,2
琊,rare,yá,王,10,土,2
玼,rare,"cī,cǐ",王,10,金,3
珖,rare,guāng,王,10,土,1
珽,rare,tǐng,王,10,火,3
珦,rare,xiàng,王,10,土,2
珫,rare,chōng,王,10,土,1
珒,rare,jīn,王,10,土,1
珢,rare,"yín,kèn",王,10,土,4
珕,rare,lì,王,10,土,4
珝,rare,xǔ,王,10,土,3
埗,rare,bù,土,10,土,4
垾,rare,hàn,土,10,土,4
垺,rare,"fóu,fú,pēi",土,10,土,1
埆,rare,"què,jué",土,10,土,4
垿,rare,xù,土,10,土,4
埌,rare,làng,土,10,土,4
埇,rare,yǒng,土,10,土,3
莰,rare,kǎn,艹,10,木,3
茝,rare,chǎi,艹,10,木,3
鄀,rare,ruò,阝,10,土,4
莶,rare,"xiān,liǎn",艹,10,木,1
莝,rare,cuò,艹,10,木,4
䓖,rare,qióng,艹,10,木,2
莙,rare,jūn,艹,10,木,1
栻,rare,shì,木,10,木,4
桠,rare,yā,木,10,木,1
桄,rare,"guàng,guāng",木,10,木,4
梠,rare,lǚ,木,10,木,3
栴,rare,zhān,木,10,木,1
梴,rare,"chān,yán",木,10,木,1
栒,rare,xún,木,10,木,2
酎,rare,zhòu,酉,10,金,4
酏,rare,yǐ,酉,10,土,2
砵,rare,bō,石,10,水,1
砠,rare,jū,石,10,土,1
砫,rare,"zhǔ,zhù",石,10,土,3
砬,rare,"lá,lì,lā",石,10,土,2
硁,rare,kēng,石,10,土,1
恧,rare,nǜ,心,10,火,4
翃,rare,hóng,羽,10,木,2
郪,rare,qī,阝,10,土,1
辀,rare,zhōu,车,10,金,1
辁,rare,quán,车,10,木,2
剕,rare,fèi,刂,10,金,4
赀,rare,zī,贝,10,火,1
哢,rare,lòng,口,10,金,4
晅,rare,xuǎn,日,10,火,1
晊,rare,zhì,日,10,火,3
唝,rare,"gòng,hǒng,gǒng",口,10,金,4
哳,rare,zhā,口,10,金,1
哱,rare,"bō,pò,bā",口,10,水,4
晔,rare,yè,日,10,火,4
晐,rare,gāi,日,10,火,1
晖,rare,huī,日,10,水,1
畖,rare,wā,田,10,土,1
蚄,rare,"fāng,bàng",虫,10,土,1
蚆,rare,bā,虫,10,土,1
帱,rare,"chóu,dào",巾,10,金,2
崁,rare,kàn,山,10,土,3
峿,rare,wú,山,10,土,2
崄,rare,xiǎn,山,10,土,3
帨,rare,shuì,巾,10,木,4
崀,rare,làng,山,10,土,4
赆,rare,jìn,贝,10,木,4
钷,rare,pǒ,钅,10,金,3
眚,rare,shěng,目,10,金,3
甡,rare,shēn,生,10,木,1
笫,rare,zǐ,竹,10,火,3
倴,rare,bèn,亻,10,水,4
脩,rare,xiū,月,10,金,1
倮,rare,luǒ,亻,10,火,3
衃,rare,pēi,血,10,水,1
虒,rare,sī,虍,10,木,4
舭,rare,bǐ,舟,10,水,3
舯,rare,zhōng,舟,10,火,1
舥,rare,pā,舟,10,木,1
瓞,rare,dié,瓜,10,火,2
鬯,rare,chàng,鬯,10,金,4
鸰,rare,líng,鸟,10,火,2
脎,rare,sà,月,10,水,4
朓,rare,tiǎo,月,10,水,4
胲,rare,"gǎi,hǎi",月,10,水,3
虓,rare,xiāo,虍,10,木,1
鱽,rare,dāo,鱼,10,水,1
狴,rare,bì,犭,10,水,4
峱,rare,náo,山,10,土,2
狻,rare,suān,犭,10,金,1
眢,rare,yuān,目,10,土,1
痄,rare,zhà,疒,10,金,4
疰,rare,zhù,疒,10,金,4
痃,rare,xuán,疒,10,金,2
竘,rare,"qǔ,kǒu",立,10,金,3
羖,rare,gǔ,羊,10,土,3
羓,rare,bā,羊,10,土,1
桊,rare,juàn,木,10,木,4
敉,rare,mǐ,攵,10,水,3
烠,rare,"huí,huǐ",火,10,火,3
烔,rare,"tóng,dòng",火,10,火,2
烶,rare,tǐng,火,10,火,3
烻,rare,"yàn,shān",火,10,火,1
涍,rare,xiào,氵,10,水,1
浡,rare,bó,氵,10,水,2
浭,rare,gēng,氵,10,水,1
浬,rare,lǐ,氵,10,水,3
涄,rare,pīng,氵,10,水,1
涢,rare,yún,氵,10,水,2
涐,rare,é,氵,10,水,2
浰,rare,"liàn,lì",氵,10,水,4
浟,rare,yóu,氵,10,水,2
浛,rare,hán,氵,10,水,2
浼,rare,měi,氵,10,水,3
浲,rare,"féng,hóng",氵,10,水,2
涘,rare,sì,氵,10,水,4
悈,rare,"jiè,kè",忄,10,火,4
悃,rare,kǔn,忄,10,木,3
悢,rare,liàng,忄,10,火,4
宧,rare,yí,宀,10,土,2
窅,rare,yǎo,穴,10,土,3
窊,rare,wā,穴,10,土,3
窎,rare,diào,穴,10,土,4
扅,rare,yí,户,10,木,2
扆,rare,yǐ,户,10,木,3
袪,rare,qū,衤,10,木,1
袗,rare,zhěn,衤,10,木,3
袯,rare,bó,衤,10,水,2
祧,rare,tiāo,礻,10,火,1
隺,rare,"hè,hú",隹,10,火,4
堲,rare,jí,土,10,土,2
陴,rare,pí,阝,10,水,2
烝,rare,zhēng,灬,10,火,1
砮,rare,nǔ,石,10,土,3
哿,rare,"gě,jiā",口,10,木,3
翀,rare,chōng,羽,10,火,2
翂,rare,fēn,羽,10,木,1
剟,rare,duō,刂,10,金,1
绤,rare,xì,纟,10,金,4
骍,rare,xīng,马,10,火,1
䂮,rare,lüè,石,11,土,4
琎,rare,jìn,王,11,火,1
珸,rare,wú,王,11,土,2
珵,rare,chéng,王,11,土,2
琄,rare,xuàn,王,11,土,3
琈,rare,"fú,fū",王,11,土,2
琀,rare,hán,王,11,水,2
珺,rare,jùn,王,11,木,4
掭,rare,tiàn,扌,11,火,4
堎,rare,lèng,土,11,土,4
堐,rare,yá,土,11,土,2
埼,rare,qí,土,11,土,2
掎,rare,jǐ,扌,11,木,3
埫,rare,tǎng,土,11,土,3
堌,rare,gù,土,11,土,4
晢,rare,zhé,日,11,火,2
埪,rare,kōng,土,11,土,1
壸,rare,kǔn,士,11,土,3
聍,rare,níng,耳,11,金,2
菝,rare,bá,艹,11,木,2
萚,rare,tuò,艹,11,木,4
菥,rare,xī,艹,11,木,1
莿,rare,cì,艹,11,木,4
䓫,rare,qí,艹,11,木,2
萆,rare,bì,艹,11,木,1
菂,rare,dì,艹,11,木,4
菍,rare,"niè,rěn",艹,11,木,4
菼,rare,tǎn,艹,11,木,3
萣,rare,dìng,艹,11,木,4
䓨,rare,yīng,艹,11,木,1
菉,rare,"lù,lǜ",艹,11,木,4
䓛,rare,"fǔ,gǔ,qū",艹,11,木,3
梼,rare,"táo,chóu,dào",木,11,木,2
梽,rare,zhì,木,11,木,4
桲,rare,po,木,11,木,2
梾,rare,lái,木,11,木,2
桯,rare,"tīng,yíng",木,11,木,1
梣,rare,"qín,chén,cén",木,11,木,2
梌,rare,"tú,chá",木,11,木,2
桹,rare,láng,木,11,木,2
厣,rare,yǎn,厂,11,木,3
硔,rare,hóng,石,11,土,2
硙,rare,"wèi,wéi,ái",石,11,土,4
硚,rare,qiáo,石,11,土,2
硊,rare,huì,石,11,土,3
硍,rare,yín,石,11,土,4
䴕,rare,liè,鸟,11,火,4
龁,rare,hé,齿,11,金,2
逴,rare,chuō,辶,11,火,4
唪,rare,fěng,口,11,水,3
啫,rare,"zhě,shì",口,11,金,3
翈,rare,xiá,羽,11,木,2
晙,rare,jùn,日,11,火,4
畤,rare,"zhì,chóu,shì",田,11,土,4
趼,rare,jiǎn,⻊,11,木,3
蛃,rare,bǐng,虫,11,火,3
蚲,rare,píng,虫,11,土,2
蚺,rare,rán,虫,11,金,2
啴,rare,"tān,chǎn,tuō",口,11,金,1
崧,rare,sōng,山,11,土,1
崟,rare,yín,山,11,土,2
崞,rare,guō,山,11,土,1
崒,rare,"zú,cuì",山,11,土,2
崌,rare,jū,山,11,土,1
崡,rare,hán,山,11,土,2
铏,rare,xíng,钅,11,金,2
铕,rare,yǒu,钅,11,金,3
铖,rare,chéng,钅,11,金,2
铘,rare,yé,钅,11,金,2
铚,rare,zhì,钅,11,金,4
铞,rare,diào,钅,11,金,4
铥,rare,diū,钅,11,金,1
铴,rare,"tāng,tàng",钅,11,金,1
牿,rare,gù,牜,11,木,4
稆,rare,lǚ,禾,11,木,3
笱,rare,gǒu,竹,11,木,3
笯,rare,nú,竹,11,木,2
偰,rare,xiè,亻,11,金,4
鸺,rare,xiū,鸟,11,金,1
偲,rare,"cāi,sī",亻,11,金,1
偁,rare,"chēng,chèn",亻,11,金,1
鄅,rare,yǔ,阝,11,水,3
偓,rare,wò,亻,11,木,4
舳,rare,zhú,舟,11,火,2
舲,rare,líng,舟,11,木,2
鸼,rare,zhōu,鸟,11,火,1
悆,rare,"yù,shū",心,11,火,4
鄃,rare,shū,阝,11,金,2
瓻,rare,chī,瓦,11,金,1
脶,rare,luó,月,11,火,2
脞,rare,cuǒ,月,11,金,3
脟,rare,liè,月,11,水,4
鱾,rare,jǐ,鱼,11,水,3
猇,rare,xiāo,犭,11,土,2
猊,rare,ní,犭,11,木,2
猄,rare,jīng,犭,11,土,1
觖,rare,jué,角,11,火,2
庱,rare,chěng,广,11,土,3
庼,rare,qǐng,广,11,土,3
庳,rare,bì,广,11,水,4
䴔,rare,jiāo,鸟,11,火,1
竫,rare,jìng,立,11,金,4
堃,rare,kūn,土,11,土,1
阌,rare,wén,门,11,水,2
羝,rare,dī,羊,11,火,1
羕,rare,yàng,羊,11,土,4
焆,rare,"juān,yè",火,11,火,2
烺,rare,lǎng,火,11,火,3
焌,rare,"jùn,qū",火,11,火,1
淏,rare,hào,氵,11,水,4
淟,rare,tiǎn,氵,11,水,3
淜,rare,"péng,píng",氵,11,水,2
淴,rare,hū,氵,11,水,1
淯,rare,yù,氵,11,水,4
湴,rare,"bàn,pán",氵,11,水,4
涴,rare,"wò,wǎn,yuān",氵,11,水,3
惛,rare,"hūn,mèn",忄,11,火,1
惔,rare,"dàn,tán",忄,11,火,3
悰,rare,cóng,忄,11,火,2
惙,rare,"chuò,chuì",忄,11,火,4
寁,rare,"jié,zǎn",宀,11,土,3
逭,rare,huàn,辶,11,水,4
袼,rare,gē,衤,11,木,1
裈,rare,kūn,衤,11,木,1
祲,rare,jìn,礻,11,火,4
谞,rare,xū,讠,11,金,3
艴,rare,"fú,bó",色,11,水,2
弸,rare,péng,弓,11,木,1
弶,rare,jiàng,弓,11,木,4
隃,rare,"yú,yáo,shù",阝,11,土,2
婞,rare,xìng,女,11,水,4
娵,rare,jū,女,11,水,1
婼,rare,"ruò,chuò",女,11,火,4
媖,rare,yīng,女,11,水,2
婳,rare,huà,女,11,水,4
婍,rare,qǐ,女,11,水,3
婌,rare,shú,女,11,水,3
婫,rare,"hùn,kūn",女,11,水,1
婤,rare,"zhōu,chōu",女,11,水,1
婘,rare,"quán,juàn",女,11,水,2
婠,rare,"wān,wà",女,11,水,2
绹,rare,táo,纟,11,金,2
骕,rare,sù,马,11,火,4
珷,rare,wǔ,王,12,木,3
琲,rare,bèi,王,12,水,4
琡,rare,chù,王,12,土,4
琟,rare,"yù,wéi",王,12,土,2
琔,rare,diàn,王,12,土,4
琭,rare,lù,王,12,火,4
堾,rare,chūn,土,12,土,3
堼,rare,hèng,土,12,土,4
堧,rare,ruán,土,12,土,2
喆,rare,zhé,口,12,金,2
堨,rare,"ài,è,yè",土,12,土,4
塅,rare,duàn,土,12,土,4
堠,rare,hòu,土,12,土,4
絷,rare,zhí,糸,12,金,2
葜,rare,qiā,艹,12,木,1
惎,rare,jì,心,12,火,4
萳,rare,nán,艹,12,木,2
葙,rare,xiāng,艹,12,木,1
靬,rare,qián,革,12,金,1
葴,rare,zhēn,艹,12,木,2
蒇,rare,chǎn,艹,12,木,3
蒈,rare,kǎi,艹,12,木,3
鄚,rare,mào,阝,12,水,4
蒉,rare,"kuì,kuài",艹,12,木,4
蓇,rare,gū,艹,12,木,1
萩,rare,qiū,艹,12,木,1
蒐,rare,sōu,艹,12,木,1
葰,rare,"jùn,suǒ",艹,12,木,4
葎,rare,lǜ,艹,12,木,4
鄑,rare,zī,阝,12,土,1
蒎,rare,pài,艹,12,水,4
葖,rare,tū,艹,12,木,1
蒄,rare,guān,艹,12,木,1
萹,rare,"biān,biǎn",艹,12,木,1
棤,rare,cuò,木,12,木,2
棽,rare,"chēn,shēn",木,12,木,1
棫,rare,yù,木,12,木,4
椓,rare,zhuó,木,12,木,2
椑,rare,"bēi,pí",木,12,木,1
鹀,rare,wú,鸟,12,火,2
椆,rare,"chóu,zhòu,diāo",木,12,木,2
棓,rare,"bàng,pǒu,bèi,bēi",木,12,水,3
棬,rare,"quān,juàn",木,12,木,1
棪,rare,"yǎn,yàn",木,12,木,3
椀,rare,wǎn,木,12,木,3
楗,rare,jiàn,木,12,木,4
甦,rare,sū,生,12,木,1
酦,rare,"fā,pō",酉,12,金,1
觌,rare,dí,见,12,火,2
奡,rare,ào,大,12,土,4
皕,rare,bì,白,12,水,4
硪,rare,wò,石,12,土,4
詟,rare,zhé,言,12,金,2
辌,rare,liáng,车,12,金,2
棐,rare,fěi,木,12,木,3
龂,rare,"yín,kěn,yǎn",齿,12,金,2
黹,rare,zhǐ,黹,12,金,3
牚,rare,"chēng,chèng",牙,12,金,4
睎,rare,xī,目,12,火,1
晫,rare,zhuó,日,12,火,1
晪,rare,tiǎn,日,12,火,3
晱,rare,shǎn,日,12,火,3
蛑,rare,móu,虫,12,水,2
畯,rare,jùn,田,12,土,4
喤,rare,huáng,口,12,金,2
崶,rare,fēng,山,12,土,1
嵁,rare,"kān,zhàn",山,12,土,1
崾,rare,yào,山,12,土,3
嵅,rare,"hán,dǎng",山,12,土,1
崿,rare,è,山,12,土,4
嵚,rare,qīn,山,12,土,1
翙,rare,huì,羽,12,木,4
圌,rare,"chuí,chuán",囗,12,金,2
圐,rare,kū,囗,12,金,1
赑,rare,bì,贝,12,水,4
淼,rare,miǎo,水,12,水,3
赒,rare,zhōu,贝,12,水,1
铹,rare,láo,钅,12,金,2
铽,rare,tè,钅,12,火,4
锊,rare,lüè,钅,12,金,4
锍,rare,liǔ,钅,12,金,3
锎,rare,kāi,钅,12,金,1
锓,rare,qǐn,钅,12,金,3
犇,rare,bēn,牛,12,土,1
稌,rare,"tú,shǔ",禾,12,木,2
筀,rare,guì,竹,12,木,4
筘,rare,kòu,竹,12,木,4
筜,rare,dāng,竹,12,木,1
筥,rare,jǔ,竹,12,木,3
筅,rare,xiǎn,竹,12,木,3
翛,rare,xiāo,羽,12,木,4
傒,rare,"xī,xì",亻,12,金,1
舾,rare,xī,舟,12,金,1
畬,rare,"shē,yú",田,12,土,2
脿,rare,biǎo,月,12,水,1
腘,rare,guó,月,12,水,2
䐃,rare,"jiǒng,jùn",月,12,水,3
腙,rare,zōng,月,12,金,1
腒,rare,jū,月,12,水,1
鲃,rare,"bā,bà",鱼,12,水,1
猰,rare,"yà,jiá,qiè",犭,12,土,4
猯,rare,"tuān,tuàn",犭,12,土,1
㺄,rare,yǔ,犭,12,土,3
馉,rare,gǔ,饣,12,火,3
凓,rare,lì,冫,12,水,4
鄗,rare,hào,阝,12,土,4
廋,rare,sōu,广,12,土,1
廆,rare,"guī,wěi,huì",广,12,土,4
鄌,rare,táng,阝,12,土,2
粢,rare,zī,米,12,火,1
焞,rare,tūn,火,12,火,1
欻,rare,"chuā,xū",欠,12,火,1
溚,rare,"dá,tǎ",氵,12,水,3
溁,rare,yíng,氵,12,水,2
湝,rare,jiē,氵,12,水,1
渰,rare,"yǎn,yān",氵,12,水,3
湓,rare,pén,氵,12,水,2
渟,rare,"tíng,tīng",氵,12,水,2
溠,rare,zhà,氵,12,水,4
渼,rare,měi,氵,12,水,3
溇,rare,lóu,氵,12,水,2
湣,rare,"mǐn,hūn",氵,12,水,3
湑,rare,"xǔ,xù",氵,12,水,3
溞,rare,sāo,氵,12,水,1
愐,rare,miǎn,忄,12,火,3
愃,rare,xuān,忄,12,火,1
甯,rare,"níng,nìng",宀,12,金,2
棨,rare,qǐ,木,12,木,3
扊,rare,yǎn,户,12,木,3
裣,rare,liǎn,衤,12,火,3
祼,rare,guàn,礻,12,火,4
婻,rare,nàn,女,12,水,4
媆,rare,"ruǎn,nèn",女,12,水,3
媞,rare,"tí,shì",女,12,水,2
媓,rare,huáng,女,12,水,2
媂,rare,"dì,tí",女,12,水,2
媄,rare,měi,女,12,水,3
毵,rare,sān,毛,12,金,1
矞,rare,"yù,xù,jué",矛,12,金,4
缊,rare,"wēn,yùn,yūn",纟,12,金,4
缐,rare,xiàn,纟,12,金,4
骙,rare,kuí,马,12,火,2
瑃,rare,chūn,王,13,土,1
瑓,rare,liàn,王,13,土,4
瑅,rare,tí,王,13,土,2
瑆,rare,xīng,王,13,土,1
䴖,rare,jīng,鸟,13,火,1
瑖,rare,duàn,王,13,土,4
瑝,rare,huáng,王,13,土,2
瑔,rare,quán,王,13,土,2
瑀,rare,yǔ,王,13,土,3
瑳,rare,cuō,王,13,土,3
瑂,rare,méi,王,13,土,2
嶅,rare,"áo,ào",山,13,土,2
瑑,rare,zhuàn,王,13,土,4
遘,rare,gòu,辶,13,木,4
塥,rare,gé,土,13,木,2
堽,rare,gāng,土,13,土,1
赪,rare,chēng,赤,13,金,1
摛,rare,chī,扌,13,金,1
塝,rare,bàng,土,13,土,4
搒,rare,"péng,bàng",扌,13,水,4
搌,rare,zhǎn,扌,13,火,3
蒱,rare,pú,艹,13,木,2
蒨,rare,qiàn,艹,13,木,4
蓏,rare,luǒ,艹,13,木,3
蔀,rare,bù,艹,13,木,4
蓢,rare,lǎng,艹,13,木,2
蓂,rare,"mì,míng",艹,13,木,2
蒻,rare,ruò,艹,13,木,4
蓣,rare,yù,艹,13,木,4
椹,rare,"shèn,zhēn",木,13,木,4
楪,rare,"dié,yè",木,13,木,2
榃,rare,tán,木,13,木,2
榅,rare,"wēn,yùn",木,13,木,2
楒,rare,sī,木,13,木,1
楞,rare,léng,木,13,木,2
楩,rare,pián,木,13,木,2
榇,rare,chèn,木,13,木,4
椸,rare,yí,木,13,木,2
楙,rare,mào,木,13,木,4
碃,rare,qìng,石,13,土,4
碏,rare,"què,xī",石,13,土,4
碈,rare,hūn,石,13,土,2
硿,rare,"kōng,kòng",石,13,土,1
鄠,rare,hù,阝,13,水,4
辒,rare,wēn,车,13,金,1
龆,rare,tiáo,齿,13,火,2
觜,rare,"zī,zuǐ",角,13,火,3
暕,rare,"jiǎn,lán",日,13,火,3
鹍,rare,kūn,鸟,13,火,1
㬊,rare,huǎn,日,13,火,3
暅,rare,gèng,日,13,火,4
蜐,rare,jié,虫,13,土,2
蜎,rare,yuān,虫,13,土,1
嵲,rare,niè,山,13,土,4
赗,rare,fèng,贝,13,水,4
骱,rare,jiè,骨,13,木,4
锖,rare,qiāng,钅,13,金,1
锘,rare,nuò,钅,13,金,4
锳,rare,yīng,钅,13,金,1
锧,rare,zhì,钅,13,金,4
锪,rare,huō,钅,13,金,4
锫,rare,péi,钅,13,金,2
锬,rare,"tán,xiān",钅,13,金,2
稑,rare,lù,禾,13,木,4
稙,rare,zhī,禾,13,木,2
䅟,rare,cǎn,禾,13,木,3
筻,rare,gàng,竹,13,木,4
筼,rare,yún,竹,13,木,2
筶,rare,gào,竹,13,木,3
筦,rare,guǎn,竹,13,木,3
筤,rare,"láng,làng",竹,13,木,2
傺,rare,chì,亻,13,金,4
鹎,rare,bēi,鸟,13,水,1
艅,rare,yú,舟,13,木,2
艉,rare,wěi,舟,13,土,3
谼,rare,hóng,谷,13,木,2
貆,rare,"huān,huán",豸,13,土,2
腽,rare,wà,月,13,火,4
腨,rare,shuàn,月,13,水,4
腯,rare,tú,月,13,水,2
鲉,rare,yóu,鱼,13,水,2
鲊,rare,"zhǎ,zhà",鱼,13,水,3
鲌,rare,"bà,bó",鱼,13,水,4
䲟,rare,yìn,鱼,16,水,4
鲏,rare,pí,鱼,13,水,2
雊,rare,gòu,隹,13,火,4
猺,rare,yáo,犭,13,土,2
飔,rare,sī,风,13,水,1
觟,rare,"huà,xiè",角,13,土,4
馌,rare,yè,饣,13,火,4
裛,rare,yì,衣,13,木,4
廒,rare,áo,广,13,土,2
瘀,rare,yū,疒,13,土,1
瘅,rare,"dān,dàn",疒,13,火,4
鄘,rare,yōng,阝,13,土,1
鹒,rare,gēng,鸟,13,火,1
鄜,rare,fū,阝,13,金,1
麀,rare,yōu,鹿,13,木,1
鄣,rare,zhāng,阝,13,火,1
阘,rare,tà,门,13,木,2
煁,rare,chén,火,13,火,2
煃,rare,kuǐ,火,13,火,3
煴,rare,"yūn,yùn",火,13,火,1
煋,rare,xīng,火,13,火,1
煟,rare,wèi,火,13,火,4
煓,rare,tuān,火,13,火,1
滠,rare,shè,氵,13,水,4
溍,rare,jìn,氵,13,水,4
溹,rare,suǒ,氵,13,水,4
滆,rare,gé,氵,13,水,2
滉,rare,huàng,氵,13,水,3
溦,rare,wēi,氵,13,水,1
溵,rare,yīn,氵,13,水,1
漷,rare,"huǒ,kuò,huò",氵,13,水,4
滧,rare,yáo,氵,13,水,4
滘,rare,jiào,氵,13,水,4
滍,rare,zhì,氵,13,水,4
愭,rare,qí,忄,13,火,2
慥,rare,zào,忄,13,火,4
慆,rare,tāo,忄,13,火,1
塱,rare,lǎng,土,13,土,3
裼,rare,"tì,xī",衤,13,火,4
禋,rare,yīn,礻,13,火,1
禔,rare,"zhī,zhǐ,tí",礻,13,火,2
禘,rare,dì,礻,13,火,4
禒,rare,xiǎn,礻,13,火,3
谫,rare,jiǎn,讠,13,木,3
鹔,rare,sù,鸟,13,火,4
愍,rare,mǐn,心,13,水,3
嫄,rare,yuán,女,13,水,2
媱,rare,yáo,女,13,水,2
戤,rare,gài,戈,13,木,4
戣,rare,kuí,戈,13,金,2
缞,rare,"shuāi,cuī,suī",纟,13,金,1
耤,rare,"jí,jiè",耒,14,木,2
瑧,rare,zhēn,王,14,土,1
瑨,rare,jìn,王,14,土,4
瑱,rare,"tiàn,zhèn",王,14,土,4
瑷,rare,ài,王,14,土,4
瑢,rare,róng,王,14,土,2
墕,rare,"yān,yàn",土,14,土,4
墈,rare,kàn,土,14,土,4
墐,rare,jìn,土,14,土,3
墘,rare,qián,土,14,土,2
摴,rare,chū,扌,14,金,1
銎,rare,qióng,金,14,金,2
墚,rare,liáng,土,14,土,2
撖,rare,hàn,扌,14,水,4
靽,rare,bàn,革,14,金,4
鞁,rare,bèi,革,14,金,4
蔌,rare,sù,艹,14,木,4
蔈,rare,piào,艹,14,木,1
蓰,rare,xǐ,艹,14,木,3
蔹,rare,liǎn,艹,14,木,3
蔊,rare,"hàn,hǎn",艹,14,木,3
嘏,rare,"gǔ,jiǎ",口,14,水,3
榰,rare,zhī,木,14,木,1
榑,rare,"fú,fù,bó",木,14,木,4
槚,rare,jiǎ,木,14,木,3
槜,rare,zuì,木,14,木,4
榍,rare,xiè,木,14,木,4
酺,rare,pú,酉,14,金,2
酾,rare,"shāi,shī",酉,14,金,1
酲,rare,chéng,酉,14,金,2
酴,rare,tú,酉,14,金,2
碶,rare,qì,石,14,土,4
碨,rare,"wèi,wěi",石,14,土,1
碹,rare,xuàn,石,14,土,4
碥,rare,biǎn,石,14,土,3
劂,rare,jué,刂,14,金,2
䴗,rare,jú,鸟,14,火,2
夥,rare,huǒ,夕,14,木,3
瞍,rare,sǒu,目,14,金,3
鹖,rare,hé,鸟,14,火,2
㬎,rare,xiǎn,日,14,火,3
跽,rare,jì,⻊,14,木,4
蜾,rare,guǒ,虫,14,木,3
幖,rare,biāo,巾,14,水,1
嶍,rare,xí,山,14,土,2
圙,rare,lüè,囗,14,金,4
锺,rare,zhōng,钅,14,金,1
锼,rare,sōu,钅,14,金,1
锽,rare,huáng,钅,14,金,2
锾,rare,huán,钅,14,金,2
锿,rare,āi,钅,14,金,1
镃,rare,zī,钅,14,金,1
镄,rare,fèi,钅,14,金,4
镅,rare,méi,钅,14,金,2
馝,rare,bì,香,14,水,4
鹙,rare,qiū,鸟,14,火,1
箨,rare,tuò,竹,14,火,4
箖,rare,"lín,lǐn",竹,14,木,2
劄,rare,"zhā,zhá",刂,14,金,2
僬,rare,jiāo,亻,14,木,1
僦,rare,jiù,亻,14,木,4
僔,rare,zǔn,亻,14,金,3
槃,rare,pán,木,14,木,2
鲒,rare,jié,鱼,14,木,2
鲕,rare,ér,鱼,14,火,2
鲖,rare,tóng,鱼,14,水,2
鲗,rare,zéi,鱼,14,水,2
鲘,rare,hòu,鱼,14,水,4
鲙,rare,kuài,鱼,14,水,4
獍,rare,jìng,犭,14,木,4
飗,rare,liú,风,14,水,2
凘,rare,sī,冫,14,水,1
廑,rare,"jǐn,qín",广,14,木,2
廙,rare,yì,广,14,土,4
瘗,rare,yì,疒,14,木,4
瘥,rare,"chài,cuó",疒,14,金,4
瘕,rare,"jiǎ,xiá,xiā",疒,14,木,3
鲝,rare,zhǎ,鱼,14,水,3
鄫,rare,zēng,阝,14,土,2
熇,rare,"hè,xiāo",火,14,火,4
漹,rare,yān,氵,14,水,1
漖,rare,jiào,氵,14,水,4
潆,rare,yíng,氵,14,水,2
漤,rare,lǎn,氵,14,水,3
潩,rare,yì,氵,14,水,4
漼,rare,"cuǐ,cuī",氵,14,水,3
漴,rare,"chóng,shuāng",氵,14,水,2
㽏,rare,gàn,甘,14,土,4
漈,rare,jì,氵,14,水,4
漋,rare,lóng,氵,14,水,2
漻,rare,"liáo,liú",氵,14,水,2
慬,rare,"jìn,qín,jǐn",忄,14,火,3
窬,rare,yú,穴,14,金,2
窭,rare,jù,穴,14,木,4
㮾,rare,lǎng,木,10,木,3
褕,rare,yú,衤,14,木,2
禛,rare,zhēn,礻,14,火,1
禚,rare,zhuó,礻,14,火,2
隩,rare,"yù,ào",阝,14,土,4
嫕,rare,yì,女,14,水,4
嫭,rare,hù,女,14,水,4
嫜,rare,zhāng,女,14,火,1
嫪,rare,lào,女,14,火,4
麹,rare,qū,麦,15,木,1
璆,rare,qiú,王,15,土,2
漦,rare,chí,水,15,金,2
墣,rare,pú,土,15,土,2
墦,rare,fán,土,15,土,2
墡,rare,shàn,土,15,土,4
劐,rare,huō,刂,15,金,1
薁,rare,"yù,ào",艹,15,木,4
蕰,rare,wēn,艹,15,木,1
蔃,rare,qiáng,艹,15,木,2
鼒,rare,zī,鼎,15,金,1
槱,rare,"yǒu,chǎo",木,15,木,3
鹝,rare,yì,鸟,15,火,4
磏,rare,"lián,qiān",石,15,土,2
磉,rare,sǎng,石,15,金,3
慭,rare,yìn,心,15,火,4
霅,rare,zhà,雨,15,水,2
暵,rare,hàn,日,15,火,4
暲,rare,zhāng,日,15,火,1
暶,rare,xuán,日,15,火,2
踣,rare,bó,⻊,15,水,2
蝘,rare,yǎn,虫,15,土,3
蝲,rare,là,虫,15,土,4
蝤,rare,"yóu,qiú",虫,15,木,2
噇,rare,chuáng,口,15,金,3
噂,rare,zǔn,口,15,金,3
噀,rare,xùn,口,15,金,4
嶲,rare,"guī,xī,juàn",山,15,土,3
嶓,rare,bō,山,15,土,1
嶟,rare,zūn,山,15,土,1
嶒,rare,céng,山,15,土,2
镆,rare,mò,钅,15,金,4
镈,rare,bó,钅,15,金,2
镋,rare,tǎng,钅,15,金,3
镎,rare,ná,钅,15,金,2
镕,rare,róng,钅,15,金,2
稹,rare,zhěn,禾,15,金,3
儇,rare,xuān,亻,15,金,1
皞,rare,hào,白,15,金,4
皛,rare,xiǎo,白,15,金,3
䴘,rare,tī,鸟,15,火,1
艎,rare,huáng,舟,15,木,2
艏,rare,shǒu,舟,15,金,3
鹟,rare,wēng,鸟,15,火,1
鲦,rare,tiáo,鱼,15,火,2
鲪,rare,jūn,鱼,15,水,1
鲬,rare,yǒng,鱼,15,水,3
橥,rare,zhū,木,15,木,1
觭,rare,"jī,qí",角,15,木,1
鹠,rare,liú,鸟,15,火,2
鹡,rare,jí,鸟,15,火,2
糇,rare,hóu,米,15,木,2
糈,rare,xǔ,米,15,土,3
翦,rare,jiǎn,羽,15,木,3
鹢,rare,yì,鸟,15,火,4
鹣,rare,jiān,鸟,15,木,1
熛,rare,biāo,火,15,火,1
潖,rare,pá,氵,15,水,2
潵,rare,"sàn,sǎ",氵,15,水,3
澂,rare,chéng,氵,15,水,2
澛,rare,lǔ,氵,15,水,3
瑬,rare,liú,玉,15,土,2
潽,rare,pū,氵,15,水,1
潾,rare,lín,氵,15,水,2
潏,rare,yù,氵,15,水,4
憭,rare,"liáo,liǎo",忄,15,火,3
憕,rare,"chéng,dèng,zhèng",忄,15,火,2
戭,rare,yǎn,戈,15,金,3
褯,rare,jiè,衤,15,木,4
禤,rare,xuān,礻,15,火,1
嫽,rare,liáo,女,15,水,2
璥,rare,jǐng,王,16,土,3
璲,rare,suì,王,16,土,4
璒,rare,dēng,王,16,土,1
憙,rare,xǐ,心,16,火,3
擐,rare,huàn,扌,16,水,4
鄹,rare,zōu,阝,16,金,1
薳,rare,"yuǎn,wěi",艹,16,木,3
鞔,rare,"mán,mèn",革,16,水,2
黇,rare,tiān,黄,16,土,1
蕗,rare,lù,艹,16,木,4
薢,rare,xiè,艹,16,木,4
蕹,rare,wèng,艹,16,木,4
橞,rare,huì,木,16,木,4
橑,rare,liáo,木,16,木,3
橦,rare,"tóng,chuáng",木,16,木,2
醑,rare,xǔ,酉,16,金,3
觱,rare,bì,角,16,水,4
磡,rare,kàn,石,16,土,4
磜,rare,qì,石,16,土,4
豮,rare,fén,豕,16,水,2
鹾,rare,cuó,卤,16,金,2
虤,rare,yán,虍,16,木,2
暿,rare,"xī,xǐ",日,16,火,3
曌,rare,zhào,日,16,火,4
曈,rare,tóng,日,16,火,2
蹅,rare,chǎ,⻊,16,金,3
螗,rare,táng,虫,16,火,2
疁,rare,liú,田,16,土,2
幪,rare,méng,巾,16,木,2
嶦,rare,"zhān,shàn",山,16,土,1
馞,rare,bó,香,16,水,2
穄,rare,jì,禾,16,木,4
篚,rare,fěi,竹,16,木,3
篯,rare,"jiǎn,jiān",竹,16,木,1
簉,rare,zào,竹,16,木,4
鼽,rare,qiú,鼻,16,木,3
盦,rare,ān,皿,16,土,1
螣,rare,téng,虫,16,土,2
鲭,rare,"qīng,zhēng",鱼,16,金,1
鲯,rare,qí,鱼,16,水,2
鲰,rare,zōu,鱼,16,金,1
鲺,rare,shī,鱼,16,水,1
鲹,rare,shēn,鱼,16,水,1
癀,rare,huáng,疒,16,木,2
瘭,rare,biāo,疒,16,水,1
羱,rare,yuán,羊,16,土,2
糒,rare,bèi,米,16,水,4
燋,rare,"jiāo,zhuó,qiáo,jué",火,16,火,1
熻,rare,xī,火,16,火,1
燊,rare,shēn,火,16,火,1
燚,rare,yì,火,16,火,1
燏,rare,yù,火,16,火,4
濩,rare,"hù,huò",氵,16,水,4
濋,rare,chǔ,氵,16,水,3
澪,rare,líng,氵,16,水,2
澽,rare,jù,氵,16,水,4
澴,rare,huán,氵,16,水,2
澭,rare,"yōng,yǒng",氵,16,水,1
澼,rare,pì,氵,16,水,4
憷,rare,chù,忄,16,金,4
憺,rare,dàn,忄,16,火,4
懔,rare,lǐn,忄,16,火,3
黉,rare,hóng,黄,16,木,2
嬛,rare,"qióng,huán,xuān",女,16,水,2
鹨,rare,liù,鸟,16,火,4
翯,rare,hè,羽,16,木,4
璱,rare,sè,王,17,土,4
璬,rare,jiǎo,王,17,土,3
璮,rare,tǎn,王,17,土,3
薿,rare,nǐ,艹,17,木,3
薸,rare,"piáo,piāo",艹,17,木,1
檑,rare,léi,木,17,木,2
櫆,rare,kuí,木,17,木,2
檞,rare,jiě,木,17,木,3
醨,rare,lí,酉,17,金,2
磹,rare,tán,石,17,土,4
磻,rare,"pán,bō",石,17,土,2
瞫,rare,shěn,目,17,火,3
瞵,rare,lín,目,17,火,2
蟏,rare,xiāo,虫,17,土,1
㘎,rare,hǎn,口,17,金,3
镤,rare,pú,钅,17,金,2
镥,rare,lǔ,钅,17,金,3
镨,rare,pǔ,钅,17,金,3
矰,rare,zēng,矢,17,金,1
穙,rare,pú,禾,17,木,2
穜,rare,"tóng,zhǒng,zhòng",禾,17,木,2
穟,rare,suì,禾,17,木,4
簕,rare,lè,竹,17,木,4
簃,rare,yí,竹,17,木,2
簏,rare,lù,竹,17,木,4
魋,rare,tuí,鬼,17,水,2
斶,rare,chù,斤,17,金,4
艚,rare,cáo,舟,17,金,2
谿,rare,xī,谷,17,金,1
䲠,rare,chūn,鱼,17,水,1
鲾,rare,bī,鱼,17,水,1
鲿,rare,cháng,鱼,17,金,2
鳁,rare,wēn,鱼,17,水,1
鳂,rare,wēi,鱼,17,水,1
鳈,rare,quán,鱼,17,水,2
鳉,rare,jiāng,鱼,17,水,1
獯,rare,xūn,犭,17,水,1
䗪,rare,zhè,虫,17,土,4
馘,rare,guó,首,17,木,2
襕,rare,lán,衤,17,木,2
襚,rare,suì,衤,17,木,4
螱,rare,wèi,虫,17,土,4
甓,rare,pì,瓦,17,土,4
嬬,rare,rú,女,17,水,1
嬥,rare,tiǎo,女,17,水,3
瓀,rare,ruǎn,王,18,土,3
釐,rare,"lí,xǐ,xī",里,18,火,2
爇,rare,ruò,灬,18,火,4
鞳,rare,tà,革,18,金,4
鞮,rare,dī,革,18,火,1
藟,rare,lěi,艹,18,木,3
藦,rare,mó,艹,18,木,4
藨,rare,"biāo,pāo",艹,18,木,1
鹲,rare,méng,鸟,18,火,2
檫,rare,chá,木,18,木,2
黡,rare,yǎn,黑,18,水,3
礞,rare,méng,石,18,土,2
礌,rare,"léi,lěi",石,18,土,2
蟫,rare,"yín,xún",虫,18,土,2
䗴,rare,tíng,虫,18,土,2
嚚,rare,yín,口,18,金,2
髃,rare,yú,骨,18,金,2
镮,rare,huán,钅,18,金,2
镱,rare,yì,钅,18,金,4
酂,rare,"zàn,cuán,cuó",阝,18,土,2
馧,rare,"yūn,wò",香,18,火,1
簠,rare,fǔ,⺮,18,木,3
簝,rare,liáo,竹,18,木,2
簰,rare,pái,竹,18,木,2
鼫,rare,shí,鼠,18,水,2
鼩,rare,qú,鼠,18,水,2
皦,rare,jiǎo,白,18,金,3
臑,rare,nào,月,18,水,4
䲢,rare,téng,月,18,水,2
鳑,rare,páng,鱼,18,水,2
鳒,rare,jiān,鱼,18,水,1
鹱,rare,hù,鸟,18,水,4
鹯,rare,zhān,鸟,18,火,1
翷,rare,lín,羽,18,木,2
冁,rare,chǎn,丷,18,金,3
䎖,rare,zēng,羽,18,木,1
瀔,rare,gǔ,氵,18,水,3
瀍,rare,chán,氵,18,水,2
瀌,rare,biāo,氵,18,水,1
襜,rare,chān,衤,18,金,1
䴙,rare,pì,鸟,18,火,4
嚭,rare,pǐ,士,19,土,3
醭,rare,bú,酉,19,水,2
蹯,rare,fán,⻊,19,水,2
蠋,rare,zhú,虫,19,土,2
翾,rare,xuān,羽,19,木,1
鳘,rare,mǐn,鱼,19,水,3
鼗,rare,táo,鼓,19,火,2
鳚,rare,wèi,鱼,19,水,4
鳛,rare,xí,鱼,19,水,2
麑,rare,ní,鹿,19,木,2
麖,rare,jīng,鹿,19,木,1
蠃,rare,luǒ,虫,19,火,3
嬿,rare,yàn,女,19,水,4
蘘,rare,ráng,艹,20,木,2
欂,rare,bó,木,20,木,2
醵,rare,jù,酉,20,木,4
颥,rare,rú,页,20,金,2
甗,rare,yǎn,瓦,20,土,3
巇,rare,xī,山,20,土,1
酅,rare,xī,阝,20,土,1
髎,rare,liáo,骨,20,金,2
犨,rare,chōu,牛,20,金,1
爔,rare,xī,火,20,火,1
瀱,rare,jì,氵,20,水,4
瀹,rare,yuè,氵,20,水,4
瀼,rare,"ráng,ràng",氵,20,水,2
瀵,rare,fèn,氵,20,水,4
襫,rare,shì,衤,20,木,4
孅,rare,"qiān,xiān",女,20,水,1
骦,rare,shuāng,马,20,火,1
耰,rare,yōu,耒,21,木,1
瓖,rare,xiāng,王,21,土,1
罍,rare,léi,缶,21,土,2
鼱,rare,jīng,鼠,21,水,1
鳠,rare,hù,鱼,21,水,4
鳡,rare,gǎn,鱼,21,水,3
鳣,rare,"zhān,shàn",鱼,21,火,4
爟,rare,guàn,火,21,火,4
爚,rare,yuè,火,21,火,4
灈,rare,qú,氵,21,水,2
韂,rare,chàn,革,22,金,4
糵,rare,niè,米,22,木,4
蘼,rare,mí,艹,22,水,2
礵,rare,shuāng,石,22,土,1
鹴,rare,shuāng,鸟,22,火,1
躔,rare,chán,⻊,22,金,2
皭,rare,jiào,白,22,金,4
龢,rare,hé,龠,22,木,2
鳤,rare,guǎn,鱼,22,水,3
籥,rare,yuè,竹,23,木,4
鼷,rare,xī,鼠,23,金,1
玃,rare,jué,犭,23,土,2
醾,rare,mí,酉,24,金,2
齇,rare,zhā,鼻,25,金,1
觿,rare,xī,角,25,木,1
蠼,rare,qú,虫,26,木,2
