char,unihan_stroke,unihan_form,form_source,radical_no,residual,unicode_version
㑇,12,㑳,unihan:kTraditionalVariant[17.0.0],9,10,17.0.0
㑊,8,㑊,unihan:identity,9,6,17.0.0
㕮,7,㕮,unihan:identity,30,4,17.0.0
㘎,23,㘚,unihan:kTraditionalVariant[17.0.0],30,20,17.0.0
㙍,11,㙍,unihan:identity,32,8,17.0.0
㙘,12,㙘,unihan:identity,32,9,17.0.0
㙦,14,㙦,unihan:identity,32,11,17.0.0
㛃,9,㛃,unihan:identity,38,6,17.0.0
㛚,10,㛚,unihan:identity,38,7,17.0.0
㛹,12,㛹,unihan:identity,38,9,17.0.0
㟃,8,㟃,unihan:identity,46,5,17.0.0
㠇,15,㠇,unihan:identity,46,12,17.0.0
㠓,16,㠓,unihan:identity,46,13,17.0.0
㤘,14,㥮,unihan:kTraditionalVariant[17.0.0],61,10,17.0.0
㥄,12,㥄,unihan:identity,61,8,17.0.0
㧐,22,㩳,unihan:kTraditionalVariant[17.0.0],64,18,17.0.0
㧑,16,撝,char-table:preferred-traditional+unihan:kTraditionalVariant,64,12,17.0.0
㧟,17,擓,unihan:kTraditionalVariant[17.0.0],64,13,17.0.0
㫰,11,㫰,unihan:identity,72,7,17.0.0
㬊,13,㬊,unihan:identity,72,9,17.0.0
㬎,14,㬎,unihan:identity,72,10,17.0.0
㬚,16,㬚,unihan:identity,72,12,17.0.0
㭎,12,棡,unihan:kTraditionalVariant[17.0.0],75,8,17.0.0
㭕,9,㭕,unihan:identity,75,5,17.0.0
㮾,15,㮾,unihan:identity,75,11,17.0.0
㰀,19,㰀,unihan:identity,75,15,17.0.0
㳇,8,㳇,unihan:identity,85,4,17.0.0
㳘,10,㳘,unihan:identity,85,6,17.0.0
㳚,10,㳚,unihan:identity,85,6,17.0.0
㴔,13,㴔,unihan:identity,85,9,17.0.0
㵐,16,㵐,unihan:identity,85,12,17.0.0
㶲,9,㶲,unihan:identity,86,5,17.0.0
㸆,19,㸆,unihan:identity,86,15,17.0.0
㸌,20,㸌,unihan:identity,86,16,17.0.0
㺄,13,㺄,unihan:identity,94,9,17.0.0
㻬,16,㻬,unihan:identity,96,11,17.0.0
㽏,14,㽏,unihan:identity,99,9,17.0.0
㿠,11,㿠,unihan:identity,106,6,17.0.0
䁖,16,瞜,unihan:kTraditionalVariant[17.0.0],109,11,17.0.0
䂮,11,䂮,unihan:identity,112,6,17.0.0
䃅,17,磾,char-table:preferred-traditional+unihan:kTraditionalVariant,112,12,17.0.0
䃎,14,䃎,unihan:identity,112,9,17.0.0
䅟,16,穇,char-table:preferred-traditional+unihan:kTraditionalVariant,115,11,17.0.0
䌹,11,絅,char-table:preferred-traditional+unihan:kTraditionalVariant,120,5,17.0.0
䎃,11,䎃,unihan:identity,124,5,17.0.0
䎖,18,䎖,unihan:identity,124,12,17.0.0
䏝,17,膞,unihan:kTraditionalVariant[17.0.0],130,11,17.0.0
䏡,11,䏡,unihan:identity,130,5,17.0.0
䏲,13,䏲,unihan:identity,130,7,17.0.0
䐃,14,䐃,unihan:identity,130,8,17.0.0
䓖,21,藭,char-table:preferred-traditional+unihan:kTraditionalVariant,140,15,17.0.0
䓛,14,䓛,unihan:identity,140,8,17.0.0
䓨,16,罃,char-table:preferred-traditional+unihan:kTraditionalVariant,121,10,17.0.0
䓫,14,䓫,unihan:identity,140,8,17.0.0
䓬,14,䓬,unihan:identity,140,8,17.0.0
䗖,17,螮,char-table:preferred-traditional+unihan:kTraditionalVariant,142,11,17.0.0
䗛,16,䗛,unihan:identity,142,10,17.0.0
䗪,17,䗪,unihan:identity,142,11,17.0.0
䗴,19,䗴,unihan:identity,142,13,17.0.0
䜣,11,訢,unihan:kTraditionalVariant[17.0.0],149,4,17.0.0
䝙,18,貙,char-table:preferred-traditional+unihan:kTraditionalVariant,153,11,17.0.0
䢺,12,䢺,unihan:identity,163,5,17.0.0
䢼,13,䢼,unihan:identity,163,6,17.0.0
䣘,18,䣘,unihan:identity,163,11,17.0.0
䥽,20,鏺,unihan:kTraditionalVariant[17.0.0],167,12,17.0.0
䦃,21,鐯,unihan:kTraditionalVariant[17.0.0],167,13,17.0.0
䲟,16,鮣,char-table:preferred-traditional+unihan:kTraditionalVariant,195,5,17.0.0
䲠,20,鰆,char-table:preferred-traditional+unihan:kTraditionalVariant,195,9,17.0.0
䲢,21,鰧,char-table:preferred-traditional+unihan:kTraditionalVariant,195,10,17.0.0
䴓,15,鳾,unihan:kTraditionalVariant[17.0.0],196,4,17.0.0
䴔,17,鵁,char-table:preferred-traditional+unihan:kTraditionalVariant,196,6,17.0.0
䴕,17,鴷,char-table:preferred-traditional+unihan:kTraditionalVariant,196,6,17.0.0
䴖,19,鶄,char-table:preferred-traditional+unihan:kTraditionalVariant,196,8,17.0.0
䴗,20,鶪,char-table:preferred-traditional+unihan:kTraditionalVariant,196,9,17.0.0
䴘,21,鷉,char-table:preferred-traditional+unihan:kTraditionalVariant,196,10,17.0.0
䴙,24,鸊,char-table:preferred-traditional+unihan:kTraditionalVariant,196,13,17.0.0
䶮,20,龑,unihan:kTraditionalVariant[17.0.0],212,4,17.0.0
一,1,一,unihan:identity,1,0,17.0.0
丁,2,丁,unihan:identity,1,1,17.0.0
七,2,七,unihan:identity,1,1,17.0.0
万,15,萬,char-table:preferred-traditional+unihan:kTraditionalVariant,140,9,17.0.0
丈,3,丈,unihan:identity,1,2,17.0.0
三,3,三,unihan:identity,1,2,17.0.0
上,3,上,unihan:identity,1,2,17.0.0
下,3,下,unihan:identity,1,2,17.0.0
不,4,不,unihan:identity,1,3,17.0.0
与,14,與,char-table:preferred-traditional+unihan:kTraditionalVariant,134,8,17.0.0
丏,4,丏,unihan:identity,1,3,17.0.0
丐,4,丐,unihan:identity,1,3,17.0.0
丑,17,醜,char-table:preferred-traditional+unihan:kTraditionalVariant,164,10,17.0.0
专,11,專,char-table:preferred-traditional+unihan:kTraditionalVariant,41,8,17.0.0
且,5,且,unihan:identity,1,4,17.0.0
丕,5,丕,unihan:identity,1,4,17.0.0
世,5,世,unihan:identity,1,4,17.0.0
丘,5,丘,unihan:identity,1,4,17.0.0
丙,5,丙,unihan:identity,1,4,17.0.0
业,13,業,char-table:preferred-traditional+unihan:kTraditionalVariant,75,9,17.0.0
丛,18,叢,char-table:preferred-traditional+unihan:kTraditionalVariant,29,16,17.0.0
东,8,東,char-table:preferred-traditional+unihan:kTraditionalVariant,75,4,17.0.0
丝,12,絲,char-table:preferred-traditional+unihan:kTraditionalVariant,120,6,17.0.0
丞,6,丞,unihan:identity,1,5,17.0.0
丢,6,丟,unihan:kTraditionalVariant[17.0.0],1,5,17.0.0
两,8,兩,char-table:preferred-traditional+unihan:kTraditionalVariant,11,6,17.0.0
严,20,嚴,char-table:preferred-traditional+unihan:kTraditionalVariant,30,17,17.0.0
丧,12,喪,char-table:preferred-traditional+unihan:kTraditionalVariant,30,9,17.0.0
个,10,個,char-table:preferred-traditional+unihan:kTraditionalVariant,9,8,17.0.0
丫,3,丫,unihan:identity,2,2,17.0.0
中,4,中,unihan:identity,2,3,17.0.0
丰,18,豐,char-table:preferred-traditional+unihan:kTraditionalVariant,151,11,17.0.0
串,7,串,unihan:identity,2,6,17.0.0
临,17,臨,char-table:preferred-traditional+unihan:kTraditionalVariant,131,11,17.0.0
丸,3,丸,unihan:identity,3,2,17.0.0
丹,4,丹,unihan:identity,3,3,17.0.0
为,12,爲,char-table:preferred-traditional+unihan:kTraditionalVariant,87,8,17.0.0
主,5,主,unihan:identity,3,4,17.0.0
丽,19,麗,char-table:preferred-traditional+unihan:kTraditionalVariant,198,8,17.0.0
举,16,舉,char-table:preferred-traditional+unihan:kTraditionalVariant,134,10,17.0.0
乂,2,乂,unihan:identity,4,1,17.0.0
乃,2,乃,unihan:identity,4,1,17.0.0
久,3,久,unihan:identity,4,2,17.0.0
么,14,麽,char-table:preferred-traditional+unihan:kTraditionalVariant,200,3,17.0.0
义,13,義,char-table:preferred-traditional+unihan:kTraditionalVariant,123,7,17.0.0
之,4,之,unihan:identity,4,3,17.0.0
乌,10,烏,char-table:preferred-traditional+unihan:kTraditionalVariant,86,6,17.0.0
乍,5,乍,unihan:identity,4,4,17.0.0
乎,5,乎,unihan:identity,4,4,17.0.0
乏,5,乏,unihan:identity,4,4,17.0.0
乐,15,樂,char-table:preferred-traditional+unihan:kTraditionalVariant,75,11,17.0.0
乒,6,乒,unihan:identity,4,5,17.0.0
乓,6,乓,unihan:identity,4,5,17.0.0
乔,12,喬,char-table:preferred-traditional+unihan:kTraditionalVariant,30,9,17.0.0
乖,8,乖,unihan:identity,4,7,17.0.0
乘,10,乘,unihan:identity,4,9,17.0.0
乙,1,乙,unihan:identity,5,0,17.0.0
乜,2,乜,unihan:identity,5,1,17.0.0
九,2,九,unihan:identity,5,1,17.0.0
乞,3,乞,unihan:identity,5,2,17.0.0
也,3,也,unihan:identity,5,2,17.0.0
习,11,習,char-table:preferred-traditional+unihan:kTraditionalVariant,124,5,17.0.0
乡,16,鄉,char-table:preferred-traditional+unihan:kTraditionalVariant,163,9,17.0.0
书,10,書,char-table:preferred-traditional+unihan:kTraditionalVariant,73,6,17.0.0
乩,6,乩,unihan:identity,5,5,17.0.0
买,12,買,char-table:preferred-traditional+unihan:kTraditionalVariant,154,5,17.0.0
乱,13,亂,char-table:preferred-traditional+unihan:kTraditionalVariant,5,12,17.0.0
乳,8,乳,unihan:identity,5,7,17.0.0
乸,8,乸,unihan:identity,5,7,17.0.0
乾,11,乾,unihan:identity,5,10,17.0.0
了,17,瞭,char-table:preferred-traditional+unihan:kTraditionalVariant,109,12,17.0.0
予,4,予,unihan:identity,6,3,17.0.0
争,8,爭,unihan:kTraditionalVariant[17.0.0],87,4,17.0.0
事,8,事,unihan:identity,6,7,17.0.0
二,2,二,unihan:identity,7,0,17.0.0
亍,3,亍,unihan:identity,7,1,17.0.0
于,8,於,unihan:kTraditionalVariant[17.0.0],70,4,17.0.0
亏,17,虧,char-table:preferred-traditional+unihan:kTraditionalVariant,141,11,17.0.0
云,12,雲,char-table:preferred-traditional+unihan:kTraditionalVariant,173,4,17.0.0
互,4,互,unihan:identity,7,2,17.0.0
亓,4,亓,unihan:identity,7,2,17.0.0
五,4,五,unihan:identity,7,2,17.0.0
井,4,井,unihan:identity,7,2,17.0.0
亘,6,亘,unihan:identity,7,4,17.0.0
亚,8,亞,unihan:kTraditionalVariant[17.0.0],7,6,17.0.0
些,7,些,unihan:identity,7,5,17.0.0
亟,8,亟,unihan:identity,7,6,17.0.0
亡,3,亡,unihan:identity,8,1,17.0.0
亢,4,亢,unihan:identity,8,2,17.0.0
交,6,交,unihan:identity,8,4,17.0.0
亥,6,亥,unihan:identity,8,4,17.0.0
亦,6,亦,unihan:identity,8,4,17.0.0
产,11,產,char-table:preferred-traditional+unihan:kTraditionalVariant,100,6,17.0.0
亨,7,亨,unihan:identity,8,5,17.0.0
亩,10,畝,char-table:preferred-traditional+unihan:kTraditionalVariant,102,5,17.0.0
享,8,享,unihan:identity,8,6,17.0.0
京,8,京,unihan:identity,8,6,17.0.0
亭,9,亭,unihan:identity,8,7,17.0.0
亮,9,亮,unihan:identity,8,7,17.0.0
亲,16,親,char-table:preferred-traditional+unihan:kTraditionalVariant,147,9,17.0.0
亳,10,亳,unihan:identity,8,8,17.0.0
亵,17,褻,char-table:preferred-traditional+unihan:kTraditionalVariant,145,11,17.0.0
亶,13,亶,unihan:identity,8,11,17.0.0
亸,20,嚲,char-table:preferred-traditional+unihan:kTraditionalVariant,30,17,17.0.0
亹,21,亹,unihan:identity,8,19,17.0.0
人,2,人,unihan:identity,9,0,17.0.0
亿,15,億,char-table:preferred-traditional+unihan:kTraditionalVariant,9,13,17.0.0
什,4,什,unihan:identity,9,2,17.0.0
仁,4,仁,unihan:identity,9,2,17.0.0
仂,4,仂,unihan:identity,9,2,17.0.0
仃,4,仃,unihan:identity,9,2,17.0.0
仄,4,仄,unihan:identity,9,2,17.0.0
仅,13,僅,char-table:preferred-traditional+unihan:kTraditionalVariant,9,11,17.0.0
仆,14,僕,char-table:preferred-traditional+unihan:kTraditionalVariant,9,12,17.0.0
仇,4,仇,unihan:identity,9,2,17.0.0
仉,4,仉,unihan:identity,9,2,17.0.0
今,4,今,unihan:identity,9,2,17.0.0
介,4,介,unihan:identity,9,2,17.0.0
仍,4,仍,unihan:identity,9,2,17.0.0
从,11,從,char-table:preferred-traditional+unihan:kTraditionalVariant,60,8,17.0.0
仑,8,侖,char-table:preferred-traditional+unihan:kTraditionalVariant,9,6,17.0.0
仓,10,倉,char-table:preferred-traditional+unihan:kTraditionalVariant,9,8,17.0.0
仔,5,仔,unihan:identity,9,3,17.0.0
仕,5,仕,unihan:identity,9,3,17.0.0
他,5,他,unihan:identity,9,3,17.0.0
仗,5,仗,unihan:identity,9,3,17.0.0
付,5,付,unihan:identity,9,3,17.0.0
仙,5,仙,unihan:identity,9,3,17.0.0
仝,5,仝,unihan:identity,9,3,17.0.0
仞,5,仞,unihan:identity,9,3,17.0.0
仟,5,仟,unihan:identity,9,3,17.0.0
仡,5,仡,unihan:identity,9,3,17.0.0
代,5,代,unihan:identity,9,3,17.0.0
令,5,令,unihan:identity,9,3,17.0.0
以,5,以,unihan:identity,9,3,17.0.0
仨,5,仨,unihan:identity,9,3,17.0.0
仪,15,儀,char-table:preferred-traditional+unihan:kTraditionalVariant,9,13,17.0.0
仫,5,仫,unihan:identity,9,3,17.0.0
们,10,們,char-table:preferred-traditional+unihan:kTraditionalVariant,9,8,17.0.0
仰,6,仰,unihan:identity,9,4,17.0.0
仲,6,仲,unihan:identity,9,4,17.0.0
仳,6,仳,unihan:identity,9,4,17.0.0
仵,6,仵,unihan:identity,9,4,17.0.0
件,6,件,unihan:identity,9,4,17.0.0
价,15,價,char-table:preferred-traditional+unihan:kTraditionalVariant,9,13,17.0.0
任,6,任,unihan:identity,9,4,17.0.0
份,6,份,unihan:identity,9,4,17.0.0
仿,6,仿,unihan:identity,9,4,17.0.0
企,6,企,unihan:identity,9,4,17.0.0
伈,6,伈,unihan:identity,9,4,17.0.0
伉,6,伉,unihan:identity,9,4,17.0.0
伊,6,伊,unihan:identity,9,4,17.0.0
伋,6,伋,unihan:identity,9,4,17.0.0
伍,6,伍,unihan:identity,9,4,17.0.0
伎,6,伎,unihan:identity,9,4,17.0.0
伏,6,伏,unihan:identity,9,4,17.0.0
伐,6,伐,unihan:identity,9,4,17.0.0
休,6,休,unihan:identity,9,4,17.0.0
众,12,衆,char-table:preferred-traditional+unihan:kTraditionalVariant,143,6,17.0.0
优,17,優,char-table:preferred-traditional+unihan:kTraditionalVariant,9,15,17.0.0
伙,14,夥,char-table:preferred-traditional+unihan:kTraditionalVariant,36,11,17.0.0
会,13,會,char-table:preferred-traditional+unihan:kTraditionalVariant,73,9,17.0.0
伛,13,傴,char-table:preferred-traditional+unihan:kTraditionalVariant,9,11,17.0.0
伞,12,傘,char-table:preferred-traditional+unihan:kTraditionalVariant,9,10,17.0.0
伟,11,偉,char-table:preferred-traditional+unihan:kTraditionalVariant,9,9,17.0.0
传,13,傳,char-table:preferred-traditional+unihan:kTraditionalVariant,9,11,17.0.0
伢,6,伢,unihan:identity,9,4,17.0.0
伣,9,俔,char-table:preferred-traditional+unihan:kTraditionalVariant,9,7,17.0.0
伤,13,傷,char-table:preferred-traditional+unihan:kTraditionalVariant,9,11,17.0.0
伥,10,倀,char-table:preferred-traditional+unihan:kTraditionalVariant,9,8,17.0.0
伦,10,倫,char-table:preferred-traditional+unihan:kTraditionalVariant,9,8,17.0.0
伧,12,傖,char-table:preferred-traditional+unihan:kTraditionalVariant,9,10,17.0.0
伪,14,僞,char-table:preferred-traditional+unihan:kTraditionalVariant,9,12,17.0.0
伫,7,佇,unihan:kTraditionalVariant[17.0.0],9,5,17.0.0
伭,7,伭,unihan:identity,9,5,17.0.0
伯,7,伯,unihan:identity,9,5,17.0.0
估,7,估,unihan:identity,9,5,17.0.0
伲,7,伲,unihan:identity,9,5,17.0.0
伴,7,伴,unihan:identity,9,5,17.0.0
伶,7,伶,unihan:identity,9,5,17.0.0
伸,7,伸,unihan:identity,9,5,17.0.0
伺,7,伺,unihan:identity,9,5,17.0.0
似,7,似,unihan:identity,9,5,17.0.0
伽,7,伽,unihan:identity,9,5,17.0.0
伾,7,伾,unihan:identity,9,5,17.0.0
佁,7,佁,unihan:identity,9,5,17.0.0
佃,7,佃,unihan:identity,9,5,17.0.0
但,7,但,unihan:identity,9,5,17.0.0
位,7,位,unihan:identity,9,5,17.0.0
低,7,低,unihan:identity,9,5,17.0.0
住,7,住,unihan:identity,9,5,17.0.0
佐,7,佐,unihan:identity,9,5,17.0.0
佑,7,佑,unihan:identity,9,5,17.0.0
体,23,體,char-table:preferred-traditional+unihan:kTraditionalVariant,188,13,17.0.0
何,7,何,unihan:identity,9,5,17.0.0
佖,7,佖,unihan:identity,9,5,17.0.0
佗,7,佗,unihan:identity,9,5,17.0.0
佘,7,佘,unihan:identity,9,5,17.0.0
余,16,餘,char-table:preferred-traditional+unihan:kTraditionalVariant,184,7,17.0.0
佚,7,佚,unihan:identity,9,5,17.0.0
佛,7,佛,unihan:identity,9,5,17.0.0
作,7,作,unihan:identity,9,5,17.0.0
佝,7,佝,unihan:identity,9,5,17.0.0
佞,7,佞,unihan:identity,9,5,17.0.0
佟,7,佟,unihan:identity,9,5,17.0.0
你,7,你,unihan:identity,9,5,17.0.0
佣,13,傭,char-table:preferred-traditional+unihan:kTraditionalVariant,9,11,17.0.0
佤,7,佤,unihan:identity,9,5,17.0.0
佥,13,僉,char-table:preferred-traditional+unihan:kTraditionalVariant,9,11,17.0.0
佩,8,佩,unihan:identity,9,6,17.0.0
佬,8,佬,unihan:identity,9,6,17.0.0
佯,8,佯,unihan:identity,9,6,17.0.0
佰,8,佰,unihan:identity,9,6,17.0.0
佳,8,佳,unihan:identity,9,6,17.0.0
佴,8,佴,unihan:identity,9,6,17.0.0
佶,8,佶,unihan:identity,9,6,17.0.0
佸,8,佸,unihan:identity,9,6,17.0.0
佺,8,佺,unihan:identity,9,6,17.0.0
佻,8,佻,unihan:identity,9,6,17.0.0
佼,8,佼,unihan:identity,9,6,17.0.0
佽,8,佽,unihan:identity,9,6,17.0.0
佾,8,佾,unihan:identity,9,6,17.0.0
使,8,使,unihan:identity,9,6,17.0.0
侁,8,侁,unihan:identity,9,6,17.0.0
侂,8,侂,unihan:identity,9,6,17.0.0
侃,8,侃,unihan:identity,9,6,17.0.0
侄,8,侄,unihan:identity,9,6,17.0.0
侈,8,侈,unihan:identity,9,6,17.0.0
侉,8,侉,unihan:identity,9,6,17.0.0
例,8,例,unihan:identity,9,6,17.0.0
侍,8,侍,unihan:identity,9,6,17.0.0
侏,8,侏,unihan:identity,9,6,17.0.0
侑,8,侑,unihan:identity,9,6,17.0.0
侔,8,侔,unihan:identity,9,6,17.0.0
侗,8,侗,unihan:identity,9,6,17.0.0
侘,8,侘,unihan:identity,9,6,17.0.0
供,8,供,unihan:identity,9,6,17.0.0
依,8,依,unihan:identity,9,6,17.0.0
侠,9,俠,char-table:preferred-traditional+unihan:kTraditionalVariant,9,7,17.0.0
侣,9,侶,unihan:kTraditionalVariant[17.0.0],9,7,17.0.0
侥,14,僥,char-table:preferred-traditional+unihan:kTraditionalVariant,9,12,17.0.0
侦,11,偵,char-table:preferred-traditional+unihan:kTraditionalVariant,9,9,17.0.0
侧,11,側,char-table:preferred-traditional+unihan:kTraditionalVariant,9,9,17.0.0
侨,14,僑,char-table:preferred-traditional+unihan:kTraditionalVariant,9,12,17.0.0
侩,15,儈,char-table:preferred-traditional+unihan:kTraditionalVariant,9,13,17.0.0
侪,16,儕,char-table:preferred-traditional+unihan:kTraditionalVariant,9,14,17.0.0
侬,15,儂,char-table:preferred-traditional+unihan:kTraditionalVariant,9,13,17.0.0
侮,9,侮,unihan:identity,9,7,17.0.0
侯,9,侯,unihan:identity,9,7,17.0.0
侴,9,侴,unihan:identity,9,7,17.0.0
侵,9,侵,unihan:identity,9,7,17.0.0
侹,9,侹,unihan:identity,9,7,17.0.0
便,9,便,unihan:identity,9,7,17.0.0
促,9,促,unihan:identity,9,7,17.0.0
俄,9,俄,unihan:identity,9,7,17.0.0
俅,9,俅,unihan:identity,9,7,17.0.0
俊,9,俊,unihan:identity,9,7,17.0.0
俍,9,俍,unihan:identity,9,7,17.0.0
俎,9,俎,unihan:identity,9,7,17.0.0
俏,9,俏,unihan:identity,9,7,17.0.0
俐,9,俐,unihan:identity,9,7,17.0.0
俑,9,俑,unihan:identity,9,7,17.0.0
俗,9,俗,unihan:identity,9,7,17.0.0
俘,9,俘,unihan:identity,9,7,17.0.0
俙,9,俙,unihan:identity,9,7,17.0.0
俚,9,俚,unihan:identity,9,7,17.0.0
俜,9,俜,unihan:identity,9,7,17.0.0
保,9,保,unihan:identity,9,7,17.0.0
俞,9,俞,unihan:identity,9,7,17.0.0
俟,9,俟,unihan:identity,9,7,17.0.0
信,9,信,unihan:identity,9,7,17.0.0
俣,9,俁,unihan:kTraditionalVariant[17.0.0],9,7,17.0.0
俦,16,儔,char-table:preferred-traditional+unihan:kTraditionalVariant,9,14,17.0.0
俨,22,儼,char-table:preferred-traditional+unihan:kTraditionalVariant,9,20,17.0.0
俩,10,倆,char-table:preferred-traditional+unihan:kTraditionalVariant,9,8,17.0.0
俪,21,儷,char-table:preferred-traditional+unihan:kTraditionalVariant,9,19,17.0.0
俫,10,倈,char-table:preferred-traditional+unihan:kTraditionalVariant,9,8,17.0.0
俭,15,儉,char-table:preferred-traditional+unihan:kTraditionalVariant,9,13,17.0.0
修,10,修,unihan:identity,9,8,17.0.0
俯,10,俯,unihan:identity,9,8,17.0.0
俱,10,俱,unihan:identity,9,8,17.0.0
俳,10,俳,unihan:identity,9,8,17.0.0
俵,10,俵,unihan:identity,9,8,17.0.0
俶,10,俶,unihan:identity,9,8,17.0.0
俸,10,俸,unihan:identity,9,8,17.0.0
俺,10,俺,unihan:identity,9,8,17.0.0
俾,10,俾,unihan:identity,9,8,17.0.0
倌,10,倌,unihan:identity,9,8,17.0.0
倍,10,倍,unihan:identity,9,8,17.0.0
倏,10,倏,unihan:identity,9,8,17.0.0
倒,10,倒,unihan:identity,9,8,17.0.0
倓,10,倓,unihan:identity,9,8,17.0.0
倔,10,倔,unihan:identity,9,8,17.0.0
倕,10,倕,unihan:identity,9,8,17.0.0
倘,10,倘,unihan:identity,9,8,17.0.0
候,10,候,unihan:identity,9,8,17.0.0
倚,10,倚,unihan:identity,9,8,17.0.0
倜,10,倜,unihan:identity,9,8,17.0.0
倞,10,倞,unihan:identity,9,8,17.0.0
借,20,藉,char-table:preferred-traditional+unihan:kTraditionalVariant,140,14,17.0.0
倡,10,倡,unihan:identity,9,8,17.0.0
倥,10,倥,unihan:identity,9,8,17.0.0
倦,10,倦,unihan:identity,9,8,17.0.0
倧,10,倧,unihan:identity,9,8,17.0.0
倨,10,倨,unihan:identity,9,8,17.0.0
倩,10,倩,unihan:identity,9,8,17.0.0
倪,10,倪,unihan:identity,9,8,17.0.0
倬,10,倬,unihan:identity,9,8,17.0.0
倭,10,倭,unihan:identity,9,8,17.0.0
倮,10,倮,unihan:identity,9,8,17.0.0
倴,10,倴,unihan:identity,9,8,17.0.0
债,13,債,char-table:preferred-traditional+unihan:kTraditionalVariant,9,11,17.0.0
倻,11,倻,unihan:identity,9,9,17.0.0
值,10,值,unihan:identity,9,8,17.0.0
倾,13,傾,char-table:preferred-traditional+unihan:kTraditionalVariant,9,11,17.0.0
偁,11,偁,unihan:identity,9,9,17.0.0
偃,11,偃,unihan:identity,9,9,17.0.0
假,11,假,unihan:identity,9,9,17.0.0
偈,11,偈,unihan:identity,9,9,17.0.0
偌,11,偌,unihan:identity,9,9,17.0.0
偎,11,偎,unihan:identity,9,9,17.0.0
偏,11,偏,unihan:identity,9,9,17.0.0
偓,11,偓,unihan:identity,9,9,17.0.0
偕,11,偕,unihan:identity,9,9,17.0.0
做,11,做,unihan:identity,9,9,17.0.0
停,11,停,unihan:identity,9,9,17.0.0
偡,11,偡,unihan:identity,9,9,17.0.0
健,11,健,unihan:identity,9,9,17.0.0
偬,13,傯,unihan:kTraditionalVariant[17.0.0],9,11,17.0.0
偭,11,偭,unihan:identity,9,9,17.0.0
偰,11,偰,unihan:identity,9,9,17.0.0
偲,11,偲,unihan:identity,9,9,17.0.0
偶,11,偶,unihan:identity,9,9,17.0.0
偷,11,偷,unihan:identity,9,9,17.0.0
偻,13,僂,char-table:preferred-traditional+unihan:kTraditionalVariant,9,11,17.0.0
偾,14,僨,char-table:preferred-traditional+unihan:kTraditionalVariant,9,12,17.0.0
偿,17,償,char-table:preferred-traditional+unihan:kTraditionalVariant,9,15,17.0.0
傀,12,傀,unihan:identity,9,10,17.0.0
傃,12,傃,unihan:identity,9,10,17.0.0
傅,12,傅,unihan:identity,9,10,17.0.0
傈,12,傈,unihan:identity,9,10,17.0.0
傉,12,傉,unihan:identity,9,10,17.0.0
傍,12,傍,unihan:identity,9,10,17.0.0
傒,12,傒,unihan:identity,9,10,17.0.0
傕,12,傕,unihan:identity,9,10,17.0.0
傣,12,傣,unihan:identity,9,10,17.0.0
傥,22,儻,char-table:preferred-traditional+unihan:kTraditionalVariant,9,20,17.0.0
傧,16,儐,char-table:preferred-traditional+unihan:kTraditionalVariant,9,14,17.0.0
储,18,儲,char-table:preferred-traditional+unihan:kTraditionalVariant,9,16,17.0.0
傩,21,儺,char-table:preferred-traditional+unihan:kTraditionalVariant,9,19,17.0.0
催,13,催,unihan:identity,9,11,17.0.0
傲,13,傲,unihan:identity,9,11,17.0.0
傺,13,傺,unihan:identity,9,11,17.0.0
傻,13,傻,unihan:identity,9,11,17.0.0
僇,13,僇,unihan:identity,9,11,17.0.0
僎,14,僎,unihan:identity,9,12,17.0.0
像,14,像,unihan:identity,9,12,17.0.0
僔,14,僔,unihan:identity,9,12,17.0.0
僖,14,僖,unihan:identity,9,12,17.0.0
僚,14,僚,unihan:identity,9,12,17.0.0
僦,14,僦,unihan:identity,9,12,17.0.0
僧,14,僧,unihan:identity,9,12,17.0.0
僬,14,僬,unihan:identity,9,12,17.0.0
僭,14,僭,unihan:identity,9,12,17.0.0
僮,14,僮,unihan:identity,9,12,17.0.0
僰,14,僰,unihan:identity,9,12,17.0.0
僳,14,僳,unihan:identity,9,12,17.0.0
僵,15,僵,unihan:identity,9,13,17.0.0
僻,15,僻,unihan:identity,9,13,17.0.0
儆,15,儆,unihan:identity,9,13,17.0.0
儇,15,儇,unihan:identity,9,13,17.0.0
儋,15,儋,unihan:identity,9,13,17.0.0
儒,16,儒,unihan:identity,9,14,17.0.0
儡,17,儡,unihan:identity,9,15,17.0.0
儦,17,儦,unihan:identity,9,15,17.0.0
儳,19,儳,unihan:identity,9,17,17.0.0
儴,19,儴,unihan:identity,9,17,17.0.0
儿,8,兒,char-table:preferred-traditional+unihan:kTraditionalVariant,10,6,17.0.0
兀,3,兀,unihan:identity,10,1,17.0.0
允,4,允,unihan:identity,10,2,17.0.0
元,4,元,unihan:identity,10,2,17.0.0
兄,5,兄,unihan:identity,10,3,17.0.0
充,6,充,unihan:identity,10,4,17.0.0
兆,6,兆,unihan:identity,10,4,17.0.0
先,6,先,unihan:identity,10,4,17.0.0
光,6,光,unihan:identity,10,4,17.0.0
克,9,剋,char-table:preferred-traditional+unihan:kTraditionalVariant,18,7,17.0.0
免,7,免,unihan:identity,10,5,17.0.0
兑,7,兌,unihan:kTraditionalVariant[17.0.0],10,5,17.0.0
兔,8,兔,unihan:identity,10,6,17.0.0
兕,8,兕,unihan:identity,10,6,17.0.0
兖,9,兗,unihan:kTraditionalVariant[17.0.0],10,7,17.0.0
党,20,黨,char-table:preferred-traditional+unihan:kTraditionalVariant,203,8,17.0.0
兜,11,兜,unihan:identity,10,9,17.0.0
兢,14,兢,unihan:identity,10,12,17.0.0
入,2,入,unihan:identity,11,0,17.0.0
全,6,全,unihan:identity,11,4,17.0.0
八,2,八,unihan:identity,12,0,17.0.0
公,4,公,unihan:identity,12,2,17.0.0
六,4,六,unihan:identity,12,2,17.0.0
兮,4,兮,unihan:identity,12,2,17.0.0
兰,23,蘭,char-table:preferred-traditional+unihan:kTraditionalVariant,140,17,17.0.0
共,6,共,unihan:identity,12,4,17.0.0
关,19,關,char-table:preferred-traditional+unihan:kTraditionalVariant,169,11,17.0.0
兴,15,興,char-table:preferred-traditional+unihan:kTraditionalVariant,134,9,17.0.0
兵,7,兵,unihan:identity,12,5,17.0.0
其,8,其,unihan:identity,12,6,17.0.0
具,8,具,unihan:identity,12,6,17.0.0
典,8,典,unihan:identity,12,6,17.0.0
兹,12,茲,unihan:kTraditionalVariant[17.0.0],140,6,17.0.0
养,15,養,char-table:preferred-traditional+unihan:kTraditionalVariant,184,6,17.0.0
兼,10,兼,unihan:identity,12,8,17.0.0
兽,19,獸,char-table:preferred-traditional+unihan:kTraditionalVariant,94,15,17.0.0
冀,16,冀,unihan:identity,12,14,17.0.0
冁,22,囅,char-table:preferred-traditional+unihan:kTraditionalVariant,30,19,17.0.0
内,4,內,unihan:kTraditionalVariant[17.0.0],11,2,17.0.0
冈,8,岡,char-table:preferred-traditional+unihan:kTraditionalVariant,46,5,17.0.0
冉,5,冉,unihan:identity,13,3,17.0.0
册,5,冊,unihan:kTraditionalVariant[17.0.0],13,3,17.0.0
再,6,再,unihan:identity,13,4,17.0.0
冏,7,冏,unihan:identity,13,5,17.0.0
冒,9,冒,unihan:identity,13,7,17.0.0
冔,10,冔,unihan:identity,13,8,17.0.0
冕,11,冕,unihan:identity,13,9,17.0.0
冗,4,冗,unihan:identity,14,2,17.0.0
写,15,寫,char-table:preferred-traditional+unihan:kTraditionalVariant,40,12,17.0.0
军,9,軍,char-table:preferred-traditional+unihan:kTraditionalVariant,159,2,17.0.0
农,13,農,char-table:preferred-traditional+unihan:kTraditionalVariant,161,6,17.0.0
冠,9,冠,unihan:identity,14,7,17.0.0
冢,10,冢,unihan:identity,14,8,17.0.0
冤,10,冤,unihan:identity,14,8,17.0.0
冥,10,冥,unihan:identity,14,8,17.0.0
冬,18,鼕,char-table:preferred-traditional+unihan:kTraditionalVariant,207,5,17.0.0
冮,5,冮,unihan:identity,15,3,17.0.0
冯,12,馮,char-table:preferred-traditional+unihan:kTraditionalVariant,187,2,17.0.0
冰,6,冰,unihan:identity,15,4,17.0.0
冱,6,冱,unihan:identity,15,4,17.0.0
冲,15,衝,char-table:preferred-traditional+unihan:kTraditionalVariant,144,9,17.0.0
决,8,決,unihan:kTraditionalVariant[17.0.0],85,4,17.0.0
况,9,況,unihan:kTraditionalVariant[17.0.0],85,5,17.0.0
冶,7,冶,unihan:identity,15,5,17.0.0
冷,7,冷,unihan:identity,15,5,17.0.0
冻,10,凍,char-table:preferred-traditional+unihan:kTraditionalVariant,15,8,17.0.0
冼,8,冼,unihan:identity,15,6,17.0.0
冽,8,冽,unihan:identity,15,6,17.0.0
净,10,凈,unihan:kTraditionalVariant[17.0.0],15,8,17.0.0
凄,10,凄,unihan:identity,15,8,17.0.0
准,14,準,char-table:preferred-traditional+unihan:kTraditionalVariant,85,10,17.0.0
凇,10,凇,unihan:identity,15,8,17.0.0
凉,12,涼,unihan:kTraditionalVariant[17.0.0],85,8,17.0.0
凋,10,凋,unihan:identity,15,8,17.0.0
凌,10,凌,unihan:identity,15,8,17.0.0
减,13,減,unihan:kTraditionalVariant[17.0.0],85,9,17.0.0
凑,13,湊,unihan:kTraditionalVariant[17.0.0],85,9,17.0.0
凓,12,凓,unihan:identity,15,10,17.0.0
凘,14,凘,unihan:identity,15,12,17.0.0
凛,15,凜,unihan:kTraditionalVariant[17.0.0],15,13,17.0.0
凝,16,凝,unihan:identity,15,14,17.0.0
几,12,幾,char-table:preferred-traditional+unihan:kTraditionalVariant,52,9,17.0.0
凡,3,凡,unihan:identity,16,1,17.0.0
凤,14,鳳,char-table:preferred-traditional+unihan:kTraditionalVariant,196,3,17.0.0
凫,13,鳧,char-table:preferred-traditional+unihan:kTraditionalVariant,196,2,17.0.0
凭,16,憑,char-table:preferred-traditional+unihan:kTraditionalVariant,61,12,17.0.0
凯,12,凱,char-table:preferred-traditional+unihan:kTraditionalVariant,16,10,17.0.0
凰,11,凰,unihan:identity,16,9,17.0.0
凳,14,凳,unihan:identity,16,12,17.0.0
凶,4,凶,unihan:identity,17,2,17.0.0
凸,5,凸,unihan:identity,17,3,17.0.0
凹,5,凹,unihan:identity,17,3,17.0.0
出,20,齣,char-table:preferred-traditional+unihan:kTraditionalVariant,211,5,17.0.0
击,17,擊,unihan:kTraditionalVariant[17.0.0],64,13,17.0.0
凼,6,凼,unihan:identity,17,4,17.0.0
函,8,函,unihan:identity,17,6,17.0.0
凿,27,鑿,char-table:preferred-traditional+unihan:kTraditionalVariant,167,19,17.0.0
刀,2,刀,unihan:identity,18,0,17.0.0
刁,2,刁,unihan:identity,18,0,17.0.0
刃,3,刃,unihan:identity,18,1,17.0.0
分,4,分,unihan:identity,18,2,17.0.0
切,4,切,unihan:identity,18,2,17.0.0
刈,4,刈,unihan:identity,18,2,17.0.0
刊,5,刊,unihan:identity,18,3,17.0.0
刍,10,芻,char-table:preferred-traditional+unihan:kTraditionalVariant,140,4,17.0.0
刎,6,刎,unihan:identity,18,4,17.0.0
刑,6,刑,unihan:identity,18,4,17.0.0
划,14,劃,char-table:preferred-traditional+unihan:kTraditionalVariant,18,12,17.0.0
刖,6,刖,unihan:identity,18,4,17.0.0
列,6,列,unihan:identity,18,4,17.0.0
刘,15,劉,char-table:preferred-traditional+unihan:kTraditionalVariant,18,13,17.0.0
则,9,則,char-table:preferred-traditional+unihan:kTraditionalVariant,18,7,17.0.0
刚,10,剛,char-table:preferred-traditional+unihan:kTraditionalVariant,18,8,17.0.0
创,12,創,char-table:preferred-traditional+unihan:kTraditionalVariant,18,10,17.0.0
初,7,初,unihan:identity,18,5,17.0.0
删,7,刪,unihan:kTraditionalVariant[17.0.0],18,5,17.0.0
判,7,判,unihan:identity,18,5,17.0.0
刨,7,刨,unihan:identity,18,5,17.0.0
利,7,利,unihan:identity,18,5,17.0.0
别,15,彆,char-table:preferred-traditional+unihan:kTraditionalVariant,57,12,17.0.0
刬,10,剗,char-table:preferred-traditional+unihan:kTraditionalVariant,18,8,17.0.0
刭,9,剄,char-table:preferred-traditional+unihan:kTraditionalVariant,18,7,17.0.0
刮,15,颳,char-table:preferred-traditional+unihan:kTraditionalVariant,182,6,17.0.0
到,8,到,unihan:identity,18,6,17.0.0
刳,8,刳,unihan:identity,18,6,17.0.0
制,14,製,char-table:preferred-traditional+unihan:kTraditionalVariant,145,8,17.0.0
刷,8,刷,unihan:identity,18,6,17.0.0
券,8,券,unihan:identity,18,6,17.0.0
刹,9,剎,unihan:kTraditionalVariant[17.0.0],18,7,17.0.0
刺,8,刺,unihan:identity,18,6,17.0.0
刻,8,刻,unihan:identity,18,6,17.0.0
刽,15,劊,char-table:preferred-traditional+unihan:kTraditionalVariant,18,13,17.0.0
刿,15,劌,char-table:preferred-traditional+unihan:kTraditionalVariant,18,13,17.0.0
剀,12,剴,char-table:preferred-traditional+unihan:kTraditionalVariant,18,10,17.0.0
剁,8,剁,unihan:identity,18,6,17.0.0
剂,16,劑,char-table:preferred-traditional+unihan:kTraditionalVariant,18,14,17.0.0
剃,9,剃,unihan:identity,18,7,17.0.0
剅,9,剅,unihan:identity,18,7,17.0.0
削,9,削,unihan:identity,18,7,17.0.0
剋,9,剋,unihan:identity,18,7,17.0.0
剌,9,剌,unihan:identity,18,7,17.0.0
前,9,前,unihan:identity,18,7,17.0.0
剐,11,剮,char-table:preferred-traditional+unihan:kTraditionalVariant,18,9,17.0.0
剑,15,劍,char-table:preferred-traditional+unihan:kTraditionalVariant,18,13,17.0.0
剔,10,剔,unihan:identity,18,8,17.0.0
剕,10,剕,unihan:identity,18,8,17.0.0
剖,10,剖,unihan:identity,18,8,17.0.0
剜,10,剜,unihan:identity,18,8,17.0.0
剞,10,剞,unihan:identity,18,8,17.0.0
剟,10,剟,unihan:identity,18,8,17.0.0
剡,10,剡,unihan:identity,18,8,17.0.0
剥,10,剝,unihan:kTraditionalVariant[17.0.0],18,8,17.0.0
剧,15,劇,char-table:preferred-traditional+unihan:kTraditionalVariant,18,13,17.0.0
剩,12,剩,unihan:identity,18,10,17.0.0
剪,11,剪,unihan:identity,18,9,17.0.0
副,11,副,unihan:identity,18,9,17.0.0
割,12,割,unihan:identity,18,10,17.0.0
剽,13,剽,unihan:identity,18,11,17.0.0
剿,13,剿,unihan:identity,18,11,17.0.0
劁,14,劁,unihan:identity,18,12,17.0.0
劂,14,劂,unihan:identity,18,12,17.0.0
劄,14,劄,unihan:identity,18,12,17.0.0
劈,15,劈,unihan:identity,18,13,17.0.0
劐,16,劐,unihan:identity,18,14,17.0.0
劓,16,劓,unihan:identity,18,14,17.0.0
力,2,力,unihan:identity,19,0,17.0.0
劝,20,勸,char-table:preferred-traditional+unihan:kTraditionalVariant,19,18,17.0.0
办,16,辦,char-table:preferred-traditional+unihan:kTraditionalVariant,160,9,17.0.0
功,5,功,unihan:identity,19,3,17.0.0
加,5,加,unihan:identity,19,3,17.0.0
务,11,務,char-table:preferred-traditional+unihan:kTraditionalVariant,19,9,17.0.0
劢,15,勱,char-table:preferred-traditional+unihan:kTraditionalVariant,19,13,17.0.0
劣,6,劣,unihan:identity,19,4,17.0.0
动,11,動,char-table:preferred-traditional+unihan:kTraditionalVariant,19,9,17.0.0
助,7,助,unihan:identity,19,5,17.0.0
努,7,努,unihan:identity,19,5,17.0.0
劫,7,劫,unihan:identity,19,5,17.0.0
劬,7,劬,unihan:identity,19,5,17.0.0
劭,7,劭,unihan:identity,19,5,17.0.0
励,17,勵,char-table:preferred-traditional+unihan:kTraditionalVariant,19,15,17.0.0
劲,9,勁,char-table:preferred-traditional+unihan:kTraditionalVariant,19,7,17.0.0
劳,12,勞,char-table:preferred-traditional+unihan:kTraditionalVariant,19,10,17.0.0
劼,8,劼,unihan:identity,19,6,17.0.0
劾,8,劾,unihan:identity,19,6,17.0.0
势,13,勢,char-table:preferred-traditional+unihan:kTraditionalVariant,19,11,17.0.0
勃,9,勃,unihan:identity,19,7,17.0.0
勇,9,勇,unihan:identity,19,7,17.0.0
勉,9,勉,unihan:identity,19,7,17.0.0
勋,12,勛,char-table:preferred-traditional+unihan:kTraditionalVariant,19,10,17.0.0
勍,10,勍,unihan:identity,19,8,17.0.0
勐,10,勐,unihan:identity,19,8,17.0.0
勒,11,勒,unihan:identity,19,9,17.0.0
勔,11,勔,unihan:identity,19,9,17.0.0
勖,11,勖,unihan:identity,19,9,17.0.0
勘,11,勘,unihan:identity,19,9,17.0.0
勚,14,勩,unihan:kTraditionalVariant[17.0.0],19,12,17.0.0
募,13,募,unihan:identity,19,11,17.0.0
勠,13,勠,unihan:identity,19,11,17.0.0
勤,13,勤,unihan:identity,19,11,17.0.0
勰,15,勰,unihan:identity,19,13,17.0.0
勺,3,勺,unihan:identity,20,1,17.0.0
勾,4,勾,unihan:identity,20,2,17.0.0
勿,4,勿,unihan:identity,20,2,17.0.0
匀,4,勻,unihan:kTraditionalVariant[17.0.0],20,2,17.0.0
包,5,包,unihan:identity,20,3,17.0.0
匆,5,匆,unihan:identity,20,3,17.0.0
匈,6,匈,unihan:identity,20,4,17.0.0
匍,9,匍,unihan:identity,20,7,17.0.0
匏,11,匏,unihan:identity,20,9,17.0.0
匐,11,匐,unihan:identity,20,9,17.0.0
匕,2,匕,unihan:identity,21,0,17.0.0
化,4,化,unihan:identity,21,2,17.0.0
北,5,北,unihan:identity,21,3,17.0.0
匙,11,匙,unihan:identity,21,9,17.0.0
匜,5,匜,unihan:identity,22,3,17.0.0
匝,5,匝,unihan:identity,22,3,17.0.0
匠,6,匠,unihan:identity,22,4,17.0.0
匡,6,匡,unihan:identity,22,4,17.0.0
匣,7,匣,unihan:identity,22,5,17.0.0
匦,11,匭,char-table:preferred-traditional+unihan:kTraditionalVariant,22,9,17.0.0
匪,10,匪,unihan:identity,22,8,17.0.0
匮,14,匱,char-table:preferred-traditional+unihan:kTraditionalVariant,22,12,17.0.0
匹,4,匹,unihan:identity,23,2,17.0.0
区,11,區,char-table:preferred-traditional+unihan:kTraditionalVariant,23,9,17.0.0
医,18,醫,char-table:preferred-traditional+unihan:kTraditionalVariant,164,11,17.0.0
匼,8,匼,unihan:identity,23,6,17.0.0
匾,11,匾,unihan:identity,23,9,17.0.0
匿,11,匿,unihan:identity,23,9,17.0.0
十,2,十,unihan:identity,24,0,17.0.0
千,24,韆,char-table:preferred-traditional+unihan:kTraditionalVariant,177,15,17.0.0
卅,4,卅,unihan:identity,24,2,17.0.0
升,4,升,unihan:identity,24,2,17.0.0
午,4,午,unihan:identity,24,2,17.0.0
卉,5,卉,unihan:identity,24,3,17.0.0
半,5,半,unihan:identity,24,3,17.0.0
华,14,華,char-table:preferred-traditional+unihan:kTraditionalVariant,140,8,17.0.0
协,8,協,char-table:preferred-traditional+unihan:kTraditionalVariant,24,6,17.0.0
卑,8,卑,unihan:identity,24,6,17.0.0
卒,8,卒,unihan:identity,24,6,17.0.0
卓,8,卓,unihan:identity,24,6,17.0.0
单,12,單,char-table:preferred-traditional+unihan:kTraditionalVariant,30,9,17.0.0
卖,15,賣,char-table:preferred-traditional+unihan:kTraditionalVariant,154,8,17.0.0
南,9,南,unihan:identity,24,7,17.0.0
博,12,博,unihan:identity,24,10,17.0.0
卜,17,蔔,char-table:preferred-traditional+unihan:kTraditionalVariant,140,11,17.0.0
卞,4,卞,unihan:identity,25,2,17.0.0
卟,5,卟,unihan:identity,25,3,17.0.0
占,5,占,unihan:identity,25,3,17.0.0
卡,5,卡,unihan:identity,25,3,17.0.0
卢,16,盧,char-table:preferred-traditional+unihan:kTraditionalVariant,108,11,17.0.0
卣,7,卣,unihan:identity,25,5,17.0.0
卤,11,鹵,char-table:preferred-traditional+unihan:kTraditionalVariant,197,0,17.0.0
卦,8,卦,unihan:identity,25,6,17.0.0
卧,8,卧,unihan:identity,25,6,17.0.0
卫,15,衛,char-table:preferred-traditional+unihan:kTraditionalVariant,144,9,17.0.0
卬,4,卬,unihan:identity,26,2,17.0.0
卮,5,卮,unihan:identity,26,3,17.0.0
卯,5,卯,unihan:identity,26,3,17.0.0
印,6,印,unihan:identity,26,4,17.0.0
危,6,危,unihan:identity,26,4,17.0.0
即,7,即,unihan:identity,26,5,17.0.0
却,9,卻,unihan:kTraditionalVariant[17.0.0],26,7,17.0.0
卵,7,卵,unihan:identity,26,5,17.0.0
卷,12,捲,char-table:preferred-traditional+unihan:kTraditionalVariant,64,8,17.0.0
卸,8,卸,unihan:identity,26,6,17.0.0
卺,8,卺,unihan:identity,26,6,17.0.0
卿,10,卿,unihan:identity,26,8,17.0.0
厂,15,廠,char-table:preferred-traditional+unihan:kTraditionalVariant,53,12,17.0.0
厄,4,厄,unihan:identity,27,2,17.0.0
厅,25,廳,char-table:preferred-traditional+unihan:kTraditionalVariant,53,22,17.0.0
历,16,歷,char-table:preferred-traditional+unihan:kTraditionalVariant,77,12,17.0.0
厉,15,厲,char-table:preferred-traditional+unihan:kTraditionalVariant,27,13,17.0.0
压,17,壓,char-table:preferred-traditional+unihan:kTraditionalVariant,32,14,17.0.0
厌,14,厭,char-table:preferred-traditional+unihan:kTraditionalVariant,27,12,17.0.0
厍,9,厙,char-table:preferred-traditional+unihan:kTraditionalVariant,27,7,17.0.0
厕,11,厠,char-table:preferred-traditional+unihan:kTraditionalVariant,27,9,17.0.0
厖,9,厖,unihan:identity,27,7,17.0.0
厘,18,釐,unihan:kTraditionalVariant[17.0.0],166,11,17.0.0
厚,9,厚,unihan:identity,27,7,17.0.0
厝,10,厝,unihan:identity,27,8,17.0.0
原,10,原,unihan:identity,27,8,17.0.0
厢,12,廂,unihan:kTraditionalVariant[17.0.0],53,9,17.0.0
厣,19,厴,char-table:preferred-traditional+unihan:kTraditionalVariant,27,17,17.0.0
厥,12,厥,unihan:identity,27,10,17.0.0
厦,13,廈,char-table:preferred-traditional+unihan:kTraditionalVariant,53,10,17.0.0
厨,15,廚,unihan:kTraditionalVariant[17.0.0],53,12,17.0.0
厩,14,廄,unihan:kTraditionalVariant[17.0.0],53,11,17.0.0
厮,15,廝,unihan:kTraditionalVariant[17.0.0],53,12,17.0.0
去,5,去,unihan:identity,28,3,17.0.0
厾,6,厾,unihan:identity,28,4,17.0.0
县,16,縣,char-table:preferred-traditional+unihan:kTraditionalVariant,120,10,17.0.0
叁,11,叄,unihan:kTraditionalVariant[17.0.0],28,9,17.0.0
参,11,參,char-table:preferred-traditional+unihan:kTraditionalVariant,28,9,17.0.0
叆,25,靉,char-table:preferred-traditional+unihan:kTraditionalVariant,173,17,17.0.0
叇,24,靆,char-table:preferred-traditional+unihan:kTraditionalVariant,173,16,17.0.0
又,2,又,unihan:identity,29,0,17.0.0
叉,3,叉,unihan:identity,29,1,17.0.0
及,4,及,unihan:identity,29,2,17.0.0
友,4,友,unihan:identity,29,2,17.0.0
双,18,雙,char-table:preferred-traditional+unihan:kTraditionalVariant,172,10,17.0.0
反,4,反,unihan:identity,29,2,17.0.0
发,12,發,char-table:preferred-traditional+unihan:kTraditionalVariant,105,7,17.0.0
叔,8,叔,unihan:identity,29,6,17.0.0
叕,8,叕,unihan:identity,29,6,17.0.0
取,8,取,unihan:identity,29,6,17.0.0
受,8,受,unihan:identity,29,6,17.0.0
变,23,變,char-table:preferred-traditional+unihan:kTraditionalVariant,149,16,17.0.0
叙,11,敘,unihan:kTraditionalVariant[17.0.0],66,7,17.0.0
叚,9,叚,unihan:identity,29,7,17.0.0
叛,9,叛,unihan:identity,29,7,17.0.0
叟,10,叟,unihan:identity,29,8,17.0.0
叠,22,疊,unihan:kTraditionalVariant[17.0.0],102,17,17.0.0
口,3,口,unihan:identity,30,0,17.0.0
古,5,古,unihan:identity,30,2,17.0.0
句,5,句,unihan:identity,30,2,17.0.0
另,5,另,unihan:identity,30,2,17.0.0
叨,5,叨,unihan:identity,30,2,17.0.0
叩,5,叩,unihan:identity,30,2,17.0.0
只,10,衹,char-table:preferred-traditional+unihan:kTraditionalVariant,145,4,17.0.0
叫,5,叫,unihan:identity,30,2,17.0.0
召,5,召,unihan:identity,30,2,17.0.0
叭,5,叭,unihan:identity,30,2,17.0.0
叮,5,叮,unihan:identity,30,2,17.0.0
可,5,可,unihan:identity,30,2,17.0.0
台,14,臺,char-table:preferred-traditional+unihan:kTraditionalVariant,133,8,17.0.0
叱,5,叱,unihan:identity,30,2,17.0.0
史,5,史,unihan:identity,30,2,17.0.0
右,5,右,unihan:identity,30,2,17.0.0
叵,5,叵,unihan:identity,30,2,17.0.0
叶,15,葉,char-table:preferred-traditional+unihan:kTraditionalVariant,140,9,17.0.0
号,13,號,char-table:preferred-traditional+unihan:kTraditionalVariant,141,7,17.0.0
司,5,司,unihan:identity,30,2,17.0.0
叹,14,嘆,char-table:preferred-traditional+unihan:kTraditionalVariant,30,11,17.0.0
叻,5,叻,unihan:identity,30,2,17.0.0
叼,5,叼,unihan:identity,30,2,17.0.0
叽,15,嘰,char-table:preferred-traditional+unihan:kTraditionalVariant,30,12,17.0.0
吁,32,籲,char-table:preferred-traditional+unihan:kTraditionalVariant,118,26,17.0.0
吃,6,吃,unihan:identity,30,3,17.0.0
各,6,各,unihan:identity,30,3,17.0.0
吆,6,吆,unihan:identity,30,3,17.0.0
合,14,閤,char-table:preferred-traditional+unihan:kTraditionalVariant,169,6,17.0.0
吉,6,吉,unihan:identity,30,3,17.0.0
吊,6,吊,unihan:identity,30,3,17.0.0
同,12,衕,unihan:kTraditionalVariant[17.0.0],144,6,17.0.0
名,6,名,unihan:identity,30,3,17.0.0
后,9,後,char-table:preferred-traditional+unihan:kTraditionalVariant,60,6,17.0.0
吏,6,吏,unihan:identity,30,3,17.0.0
吐,6,吐,unihan:identity,30,3,17.0.0
向,19,嚮,char-table:preferred-traditional+unihan:kTraditionalVariant,30,16,17.0.0
吒,6,吒,unihan:identity,30,3,17.0.0
吓,17,嚇,char-table:preferred-traditional+unihan:kTraditionalVariant,30,14,17.0.0
吕,7,呂,unihan:kTraditionalVariant[17.0.0],30,4,17.0.0
吖,6,吖,unihan:identity,30,3,17.0.0
吗,13,嗎,char-table:preferred-traditional+unihan:kTraditionalVariant,30,10,17.0.0
君,7,君,unihan:identity,30,4,17.0.0
吝,7,吝,unihan:identity,30,4,17.0.0
吞,7,吞,unihan:identity,30,4,17.0.0
吟,7,吟,unihan:identity,30,4,17.0.0
吠,7,吠,unihan:identity,30,4,17.0.0
吡,7,吡,unihan:identity,30,4,17.0.0
吣,10,唚,unihan:kTraditionalVariant[17.0.0],30,7,17.0.0
否,7,否,unihan:identity,30,4,17.0.0
吧,7,吧,unihan:identity,30,4,17.0.0
吨,16,噸,char-table:preferred-traditional+unihan:kTraditionalVariant,30,13,17.0.0
吩,7,吩,unihan:identity,30,4,17.0.0
含,7,含,unihan:identity,30,4,17.0.0
听,22,聽,char-table:preferred-traditional+unihan:kTraditionalVariant,128,16,17.0.0
吭,7,吭,unihan:identity,30,4,17.0.0
吮,7,吮,unihan:identity,30,4,17.0.0
启,11,啓,char-table:preferred-traditional+unihan:kTraditionalVariant,30,8,17.0.0
吱,7,吱,unihan:identity,30,4,17.0.0
吲,7,吲,unihan:identity,30,4,17.0.0
吴,7,吳,unihan:kTraditionalVariant[17.0.0],30,4,17.0.0
吵,7,吵,unihan:identity,30,4,17.0.0
吸,7,吸,unihan:identity,30,4,17.0.0
吹,7,吹,unihan:identity,30,4,17.0.0
吻,7,吻,unihan:identity,30,4,17.0.0
吼,7,吼,unihan:identity,30,4,17.0.0
吽,7,吽,unihan:identity,30,4,17.0.0
吾,7,吾,unihan:identity,30,4,17.0.0
呀,7,呀,unihan:identity,30,4,17.0.0
呃,7,呃,unihan:identity,30,4,17.0.0
呆,7,呆,unihan:identity,30,4,17.0.0
呇,7,呇,unihan:identity,30,4,17.0.0
呈,7,呈,unihan:identity,30,4,17.0.0
告,7,告,unihan:identity,30,4,17.0.0
呋,7,呋,unihan:identity,30,4,17.0.0
呐,7,吶,unihan:kTraditionalVariant[17.0.0],30,4,17.0.0
呒,15,嘸,char-table:preferred-traditional+unihan:kTraditionalVariant,30,12,17.0.0
呓,22,囈,char-table:preferred-traditional+unihan:kTraditionalVariant,30,19,17.0.0
呔,7,呔,unihan:identity,30,4,17.0.0
呕,14,嘔,char-table:preferred-traditional+unihan:kTraditionalVariant,30,11,17.0.0
呖,19,嚦,char-table:preferred-traditional+unihan:kTraditionalVariant,30,16,17.0.0
呗,10,唄,char-table:preferred-traditional+unihan:kTraditionalVariant,30,7,17.0.0
员,10,員,char-table:preferred-traditional+unihan:kTraditionalVariant,30,7,17.0.0
呙,9,咼,char-table:preferred-traditional+unihan:kTraditionalVariant,30,6,17.0.0
呛,13,嗆,char-table:preferred-traditional+unihan:kTraditionalVariant,30,10,17.0.0
呜,13,嗚,char-table:preferred-traditional+unihan:kTraditionalVariant,30,10,17.0.0
呢,8,呢,unihan:identity,30,5,17.0.0
呣,8,呣,unihan:identity,30,5,17.0.0
呤,8,呤,unihan:identity,30,5,17.0.0
呦,8,呦,unihan:identity,30,5,17.0.0
周,8,周,unihan:identity,30,5,17.0.0
呱,8,呱,unihan:identity,30,5,17.0.0
呲,8,呲,unihan:identity,30,5,17.0.0
味,8,味,unihan:identity,30,5,17.0.0
呵,8,呵,unihan:identity,30,5,17.0.0
呶,8,呶,unihan:identity,30,5,17.0.0
呷,8,呷,unihan:identity,30,5,17.0.0
呸,8,呸,unihan:identity,30,5,17.0.0
呻,8,呻,unihan:identity,30,5,17.0.0
呼,8,呼,unihan:identity,30,5,17.0.0
命,8,命,unihan:identity,30,5,17.0.0
咀,8,咀,unihan:identity,30,5,17.0.0
咂,8,咂,unihan:identity,30,5,17.0.0
咄,8,咄,unihan:identity,30,5,17.0.0
咆,8,咆,unihan:identity,30,5,17.0.0
咇,8,咇,unihan:identity,30,5,17.0.0
咉,8,咉,unihan:identity,30,5,17.0.0
咋,8,咋,unihan:identity,30,5,17.0.0
和,8,和,unihan:identity,30,5,17.0.0
咍,8,咍,unihan:identity,30,5,17.0.0
咎,8,咎,unihan:identity,30,5,17.0.0
咏,12,詠,unihan:kTraditionalVariant[17.0.0],149,5,17.0.0
咐,8,咐,unihan:identity,30,5,17.0.0
咒,8,咒,unihan:identity,30,5,17.0.0
咔,8,咔,unihan:identity,30,5,17.0.0
咕,8,咕,unihan:identity,30,5,17.0.0
咖,8,咖,unihan:identity,30,5,17.0.0
咙,19,嚨,char-table:preferred-traditional+unihan:kTraditionalVariant,30,16,17.0.0
咚,8,咚,unihan:identity,30,5,17.0.0
咛,17,嚀,char-table:preferred-traditional+unihan:kTraditionalVariant,30,14,17.0.0
咝,15,噝,char-table:preferred-traditional+unihan:kTraditionalVariant,30,12,17.0.0
咡,9,咡,unihan:identity,30,6,17.0.0
咣,9,咣,unihan:identity,30,6,17.0.0
咤,6,吒,unihan:kTraditionalVariant[17.0.0],30,3,17.0.0
咥,9,咥,unihan:identity,30,6,17.0.0
咦,9,咦,unihan:identity,30,6,17.0.0
咧,9,咧,unihan:identity,30,6,17.0.0
咨,9,咨,unihan:identity,30,6,17.0.0
咩,9,咩,unihan:identity,30,6,17.0.0
咪,9,咪,unihan:identity,30,6,17.0.0
咫,9,咫,unihan:identity,30,6,17.0.0
咬,9,咬,unihan:identity,30,6,17.0.0
咯,9,咯,unihan:identity,30,6,17.0.0
咱,9,咱,unihan:identity,30,6,17.0.0
咳,9,咳,unihan:identity,30,6,17.0.0
咴,9,咴,unihan:identity,30,6,17.0.0
咸,20,鹹,char-table:preferred-traditional+unihan:kTraditionalVariant,197,9,17.0.0
咺,9,咺,unihan:identity,30,6,17.0.0
咻,9,咻,unihan:identity,30,6,17.0.0
咽,9,咽,unihan:identity,30,6,17.0.0
咿,9,咿,unihan:identity,30,6,17.0.0
哀,9,哀,unihan:identity,30,6,17.0.0
品,9,品,unihan:identity,30,6,17.0.0
哂,9,哂,unihan:identity,30,6,17.0.0
哃,9,哃,unihan:identity,30,6,17.0.0
哄,9,哄,unihan:identity,30,6,17.0.0
哆,9,哆,unihan:identity,30,6,17.0.0
哇,9,哇,unihan:identity,30,6,17.0.0
哈,9,哈,unihan:identity,30,6,17.0.0
哉,9,哉,unihan:identity,30,6,17.0.0
哌,9,哌,unihan:identity,30,6,17.0.0
响,20,響,char-table:preferred-traditional+unihan:kTraditionalVariant,180,11,17.0.0
哎,9,哎,unihan:identity,30,6,17.0.0
哏,9,哏,unihan:identity,30,6,17.0.0
哐,9,哐,unihan:identity,30,6,17.0.0
哑,11,啞,char-table:preferred-traditional+unihan:kTraditionalVariant,30,8,17.0.0
哒,16,噠,char-table:preferred-traditional+unihan:kTraditionalVariant,30,13,17.0.0
哓,15,嘵,char-table:preferred-traditional+unihan:kTraditionalVariant,30,12,17.0.0
哔,14,嗶,char-table:preferred-traditional+unihan:kTraditionalVariant,30,11,17.0.0
哕,16,噦,char-table:preferred-traditional+unihan:kTraditionalVariant,30,13,17.0.0
哗,15,嘩,char-table:preferred-traditional+unihan:kTraditionalVariant,30,12,17.0.0
哙,16,噲,char-table:preferred-traditional+unihan:kTraditionalVariant,30,13,17.0.0
哚,9,哚,unihan:identity,30,6,17.0.0
哝,16,噥,char-table:preferred-traditional+unihan:kTraditionalVariant,30,13,17.0.0
哞,9,哞,unihan:identity,30,6,17.0.0
哟,12,喲,char-table:preferred-traditional+unihan:kTraditionalVariant,30,9,17.0.0
哢,10,哢,unihan:identity,30,7,17.0.0
哥,10,哥,unihan:identity,30,7,17.0.0
哦,10,哦,unihan:identity,30,7,17.0.0
哧,10,哧,unihan:identity,30,7,17.0.0
哨,10,哨,unihan:identity,30,7,17.0.0
哩,10,哩,unihan:identity,30,7,17.0.0
哪,10,哪,unihan:identity,30,7,17.0.0
哭,10,哭,unihan:identity,30,7,17.0.0
哮,10,哮,unihan:identity,30,7,17.0.0
哱,10,哱,unihan:identity,30,7,17.0.0
哲,10,哲,unihan:identity,30,7,17.0.0
哳,10,哳,unihan:identity,30,7,17.0.0
哺,10,哺,unihan:identity,30,7,17.0.0
哼,10,哼,unihan:identity,30,7,17.0.0
哽,10,哽,unihan:identity,30,7,17.0.0
哿,10,哿,unihan:identity,30,7,17.0.0
唁,10,唁,unihan:identity,30,7,17.0.0
唆,10,唆,unihan:identity,30,7,17.0.0
唇,10,唇,unihan:identity,30,7,17.0.0
唉,10,唉,unihan:identity,30,7,17.0.0
唏,10,唏,unihan:identity,30,7,17.0.0
唐,10,唐,unihan:identity,30,7,17.0.0
唑,10,唑,unihan:identity,30,7,17.0.0
唔,10,唔,unihan:identity,30,7,17.0.0
唛,14,嘜,char-table:preferred-traditional+unihan:kTraditionalVariant,30,11,17.0.0
唝,13,嗊,char-table:preferred-traditional+unihan:kTraditionalVariant,30,10,17.0.0
唠,15,嘮,char-table:preferred-traditional+unihan:kTraditionalVariant,30,12,17.0.0
唢,13,嗩,char-table:preferred-traditional+unihan:kTraditionalVariant,30,10,17.0.0
唣,10,唣,unihan:identity,30,7,17.0.0
唤,12,喚,unihan:kTraditionalVariant[17.0.0],30,9,17.0.0
唧,10,唧,unihan:identity,30,7,17.0.0
唪,11,唪,unihan:identity,30,8,17.0.0
唬,11,唬,unihan:identity,30,8,17.0.0
售,11,售,unihan:identity,30,8,17.0.0
唯,11,唯,unihan:identity,30,8,17.0.0
唰,11,唰,unihan:identity,30,8,17.0.0
唱,11,唱,unihan:identity,30,8,17.0.0
唳,11,唳,unihan:identity,30,8,17.0.0
唵,11,唵,unihan:identity,30,8,17.0.0
唷,11,唷,unihan:identity,30,8,17.0.0
唼,11,唼,unihan:identity,30,8,17.0.0
唾,12,唾,unihan:identity,30,9,17.0.0
唿,11,唿,unihan:identity,30,8,17.0.0
啁,11,啁,unihan:identity,30,8,17.0.0
啃,11,啃,unihan:identity,30,8,17.0.0
啄,11,啄,unihan:identity,30,8,17.0.0
商,11,商,unihan:identity,30,8,17.0.0
啉,11,啉,unihan:identity,30,8,17.0.0
啊,11,啊,unihan:identity,30,8,17.0.0
啐,11,啐,unihan:identity,30,8,17.0.0
啕,11,啕,unihan:identity,30,8,17.0.0
啖,11,啖,unihan:identity,30,8,17.0.0
啜,11,啜,unihan:identity,30,8,17.0.0
啡,11,啡,unihan:identity,30,8,17.0.0
啤,11,啤,unihan:identity,30,8,17.0.0
啥,11,啥,unihan:identity,30,8,17.0.0
啦,11,啦,unihan:identity,30,8,17.0.0
啧,14,嘖,char-table:preferred-traditional+unihan:kTraditionalVariant,30,11,17.0.0
啪,11,啪,unihan:identity,30,8,17.0.0
啫,12,啫,unihan:identity,30,9,17.0.0
啬,13,嗇,char-table:preferred-traditional+unihan:kTraditionalVariant,30,10,17.0.0
啭,21,囀,char-table:preferred-traditional+unihan:kTraditionalVariant,30,18,17.0.0
啮,18,嚙,char-table:preferred-traditional+unihan:kTraditionalVariant,30,15,17.0.0
啰,22,囉,char-table:preferred-traditional+unihan:kTraditionalVariant,30,19,17.0.0
啴,15,嘽,char-table:preferred-traditional+unihan:kTraditionalVariant,30,12,17.0.0
啵,11,啵,unihan:identity,30,8,17.0.0
啶,11,啶,unihan:identity,30,8,17.0.0
啷,11,啷,unihan:identity,30,8,17.0.0
啸,15,嘯,char-table:preferred-traditional+unihan:kTraditionalVariant,30,12,17.0.0
啻,12,啻,unihan:identity,30,9,17.0.0
啼,12,啼,unihan:identity,30,9,17.0.0
啾,12,啾,unihan:identity,30,9,17.0.0
喀,12,喀,unihan:identity,30,9,17.0.0
喁,12,喁,unihan:identity,30,9,17.0.0
喂,12,喂,unihan:identity,30,9,17.0.0
喃,12,喃,unihan:identity,30,9,17.0.0
善,12,善,unihan:identity,30,9,17.0.0
喆,12,喆,unihan:identity,30,9,17.0.0
喇,12,喇,unihan:identity,30,9,17.0.0
喈,12,喈,unihan:identity,30,9,17.0.0
喉,12,喉,unihan:identity,30,9,17.0.0
喊,12,喊,unihan:identity,30,9,17.0.0
喋,12,喋,unihan:identity,30,9,17.0.0
喏,12,喏,unihan:identity,30,9,17.0.0
喑,12,喑,unihan:identity,30,9,17.0.0
喔,12,喔,unihan:identity,30,9,17.0.0
喘,12,喘,unihan:identity,30,9,17.0.0
喙,12,喙,unihan:identity,30,9,17.0.0
喜,12,喜,unihan:identity,30,9,17.0.0
喝,12,喝,unihan:identity,30,9,17.0.0
喟,12,喟,unihan:identity,30,9,17.0.0
喤,12,喤,unihan:identity,30,9,17.0.0
喧,12,喧,unihan:identity,30,9,17.0.0
喱,12,喱,unihan:identity,30,9,17.0.0
喳,12,喳,unihan:identity,30,9,17.0.0
喵,12,喵,unihan:identity,30,9,17.0.0
喷,15,噴,char-table:preferred-traditional+unihan:kTraditionalVariant,30,12,17.0.0
喹,12,喹,unihan:identity,30,9,17.0.0
喻,12,喻,unihan:identity,30,9,17.0.0
喽,14,嘍,char-table:preferred-traditional+unihan:kTraditionalVariant,30,11,17.0.0
喾,20,嚳,char-table:preferred-traditional+unihan:kTraditionalVariant,30,17,17.0.0
嗄,13,嗄,unihan:identity,30,10,17.0.0
嗅,13,嗅,unihan:identity,30,10,17.0.0
嗉,13,嗉,unihan:identity,30,10,17.0.0
嗌,13,嗌,unihan:identity,30,10,17.0.0
嗍,13,嗍,unihan:identity,30,10,17.0.0
嗐,13,嗐,unihan:identity,30,10,17.0.0
嗑,13,嗑,unihan:identity,30,10,17.0.0
嗒,13,嗒,unihan:identity,30,10,17.0.0
嗓,13,嗓,unihan:identity,30,10,17.0.0
嗔,13,嗔,unihan:identity,30,10,17.0.0
嗖,13,嗖,unihan:identity,30,10,17.0.0
嗜,13,嗜,unihan:identity,30,10,17.0.0
嗝,13,嗝,unihan:identity,30,10,17.0.0
嗞,13,嗞,unihan:identity,30,10,17.0.0
嗟,13,嗟,unihan:identity,30,10,17.0.0
嗡,13,嗡,unihan:identity,30,10,17.0.0
嗣,13,嗣,unihan:identity,30,10,17.0.0
嗤,13,嗤,unihan:identity,30,10,17.0.0
嗥,13,嗥,unihan:identity,30,10,17.0.0
嗦,13,嗦,unihan:identity,30,10,17.0.0
嗨,13,嗨,unihan:identity,30,10,17.0.0
嗪,13,嗪,unihan:identity,30,10,17.0.0
嗫,21,囁,char-table:preferred-traditional+unihan:kTraditionalVariant,30,18,17.0.0
嗬,13,嗬,unihan:identity,30,10,17.0.0
嗯,13,嗯,unihan:identity,30,10,17.0.0
嗲,13,嗲,unihan:identity,30,10,17.0.0
嗳,16,噯,char-table:preferred-traditional+unihan:kTraditionalVariant,30,13,17.0.0
嗵,13,嗵,unihan:identity,30,10,17.0.0
嗷,14,嗷,unihan:identity,30,11,17.0.0
嗽,14,嗽,unihan:identity,30,11,17.0.0
嗾,14,嗾,unihan:identity,30,11,17.0.0
嘀,14,嘀,unihan:identity,30,11,17.0.0
嘁,14,嘁,unihan:identity,30,11,17.0.0
嘈,14,嘈,unihan:identity,30,11,17.0.0
嘉,14,嘉,unihan:identity,30,11,17.0.0
嘌,14,嘌,unihan:identity,30,11,17.0.0
嘎,14,嘎,unihan:identity,30,11,17.0.0
嘏,14,嘏,unihan:identity,30,11,17.0.0
嘘,14,噓,unihan:kTraditionalVariant[17.0.0],30,11,17.0.0
嘚,14,嘚,unihan:identity,30,11,17.0.0
嘛,14,嘛,unihan:identity,30,11,17.0.0
嘞,14,嘞,unihan:identity,30,11,17.0.0
嘟,15,嘟,unihan:identity,30,12,17.0.0
嘡,14,嘡,unihan:identity,30,11,17.0.0
嘣,14,嘣,unihan:identity,30,11,17.0.0
嘤,20,嚶,char-table:preferred-traditional+unihan:kTraditionalVariant,30,17,17.0.0
嘧,14,嘧,unihan:identity,30,11,17.0.0
嘬,15,嘬,unihan:identity,30,12,17.0.0
嘭,15,嘭,unihan:identity,30,12,17.0.0
嘱,24,囑,char-table:preferred-traditional+unihan:kTraditionalVariant,30,21,17.0.0
嘲,15,嘲,unihan:identity,30,12,17.0.0
嘴,15,嘴,unihan:identity,30,12,17.0.0
嘶,15,嘶,unihan:identity,30,12,17.0.0
嘹,15,嘹,unihan:identity,30,12,17.0.0
嘻,15,嘻,unihan:identity,30,12,17.0.0
嘿,15,嘿,unihan:identity,30,12,17.0.0
噀,15,噀,unihan:identity,30,12,17.0.0
噂,15,噂,unihan:identity,30,12,17.0.0
噇,15,噇,unihan:identity,30,12,17.0.0
噌,15,噌,unihan:identity,30,12,17.0.0
噍,15,噍,unihan:identity,30,12,17.0.0
噎,15,噎,unihan:identity,30,12,17.0.0
噔,15,噔,unihan:identity,30,12,17.0.0
噗,15,噗,unihan:identity,30,12,17.0.0
噘,15,噘,unihan:identity,30,12,17.0.0
噙,15,噙,unihan:identity,30,12,17.0.0
噜,18,嚕,char-table:preferred-traditional+unihan:kTraditionalVariant,30,15,17.0.0
噢,16,噢,unihan:identity,30,13,17.0.0
噤,16,噤,unihan:identity,30,13,17.0.0
器,16,器,unihan:identity,30,13,17.0.0
噩,16,噩,unihan:identity,30,13,17.0.0
噪,16,噪,unihan:identity,30,13,17.0.0
噫,16,噫,unihan:identity,30,13,17.0.0
噬,16,噬,unihan:identity,30,13,17.0.0
噱,16,噱,unihan:identity,30,13,17.0.0
噶,16,噶,unihan:identity,30,13,17.0.0
噻,16,噻,unihan:identity,30,13,17.0.0
噼,16,噼,unihan:identity,30,13,17.0.0
嚄,17,嚄,unihan:identity,30,14,17.0.0
嚅,17,嚅,unihan:identity,30,14,17.0.0
嚆,17,嚆,unihan:identity,30,14,17.0.0
嚎,17,嚎,unihan:identity,30,14,17.0.0
嚏,17,嚏,unihan:identity,30,14,17.0.0
嚓,17,嚓,unihan:identity,30,14,17.0.0
嚚,18,嚚,unihan:identity,30,15,17.0.0
嚣,21,囂,char-table:preferred-traditional+unihan:kTraditionalVariant,30,18,17.0.0
嚭,19,嚭,unihan:identity,30,16,17.0.0
嚯,19,嚯,unihan:identity,30,16,17.0.0
嚷,20,嚷,unihan:identity,30,17,17.0.0
嚼,21,嚼,unihan:identity,30,18,17.0.0
囊,22,囊,unihan:identity,30,19,17.0.0
囔,25,囔,unihan:identity,30,22,17.0.0
囚,5,囚,unihan:identity,31,2,17.0.0
四,5,四,unihan:identity,31,2,17.0.0
回,13,迴,char-table:preferred-traditional+unihan:kTraditionalVariant,162,6,17.0.0
囟,6,囟,unihan:identity,31,3,17.0.0
因,6,因,unihan:identity,31,3,17.0.0
囡,6,囡,unihan:identity,31,3,17.0.0
团,14,團,char-table:preferred-traditional+unihan:kTraditionalVariant,31,11,17.0.0
囤,7,囤,unihan:identity,31,4,17.0.0
囫,7,囫,unihan:identity,31,4,17.0.0
园,13,園,char-table:preferred-traditional+unihan:kTraditionalVariant,31,10,17.0.0
困,12,睏,char-table:preferred-traditional+unihan:kTraditionalVariant,109,7,17.0.0
囱,7,囪,unihan:kTraditionalVariant[17.0.0],31,4,17.0.0
围,12,圍,char-table:preferred-traditional+unihan:kTraditionalVariant,31,9,17.0.0
囵,11,圇,char-table:preferred-traditional+unihan:kTraditionalVariant,31,8,17.0.0
囷,8,囷,unihan:identity,31,5,17.0.0
囹,8,囹,unihan:identity,31,5,17.0.0
固,8,固,unihan:identity,31,5,17.0.0
国,11,國,char-table:preferred-traditional+unihan:kTraditionalVariant,31,8,17.0.0
图,14,圖,char-table:preferred-traditional+unihan:kTraditionalVariant,31,11,17.0.0
囿,9,囿,unihan:identity,31,6,17.0.0
圃,10,圃,unihan:identity,31,7,17.0.0
圄,10,圄,unihan:identity,31,7,17.0.0
圆,13,圓,char-table:preferred-traditional+unihan:kTraditionalVariant,31,10,17.0.0
圈,11,圈,unihan:identity,31,8,17.0.0
圉,11,圉,unihan:identity,31,8,17.0.0
圊,11,圊,unihan:identity,31,8,17.0.0
圌,12,圌,unihan:identity,31,9,17.0.0
圐,12,圐,unihan:identity,31,9,17.0.0
圙,14,圙,unihan:identity,31,11,17.0.0
圜,16,圜,unihan:identity,31,13,17.0.0
土,3,土,unihan:identity,32,0,17.0.0
圢,5,圢,unihan:identity,32,2,17.0.0
圣,13,聖,char-table:preferred-traditional+unihan:kTraditionalVariant,128,7,17.0.0
在,6,在,unihan:identity,32,3,17.0.0
圩,6,圩,unihan:identity,32,3,17.0.0
圪,6,圪,unihan:identity,32,3,17.0.0
圫,6,圫,unihan:identity,32,3,17.0.0
圬,6,圬,unihan:identity,32,3,17.0.0
圭,6,圭,unihan:identity,32,3,17.0.0
圮,6,圮,unihan:identity,32,3,17.0.0
圯,6,圯,unihan:identity,32,3,17.0.0
地,6,地,unihan:identity,32,3,17.0.0
圲,6,圲,unihan:identity,32,3,17.0.0
圳,6,圳,unihan:identity,32,3,17.0.0
圹,18,壙,char-table:preferred-traditional+unihan:kTraditionalVariant,32,15,17.0.0
场,12,場,char-table:preferred-traditional+unihan:kTraditionalVariant,32,9,17.0.0
圻,7,圻,unihan:identity,32,4,17.0.0
圾,7,圾,unihan:identity,32,4,17.0.0
址,7,址,unihan:identity,32,4,17.0.0
坂,12,阪,unihan:kTraditionalVariant[17.0.0],170,4,17.0.0
均,7,均,unihan:identity,32,4,17.0.0
坉,7,坉,unihan:identity,32,4,17.0.0
坊,7,坊,unihan:identity,32,4,17.0.0
坋,7,坋,unihan:identity,32,4,17.0.0
坌,7,坌,unihan:identity,32,4,17.0.0
坍,7,坍,unihan:identity,32,4,17.0.0
坎,7,坎,unihan:identity,32,4,17.0.0
坏,19,壞,char-table:preferred-traditional+unihan:kTraditionalVariant,32,16,17.0.0
坐,7,坐,unihan:identity,32,4,17.0.0
坑,7,坑,unihan:identity,32,4,17.0.0
坒,7,坒,unihan:identity,32,4,17.0.0
块,13,塊,char-table:preferred-traditional+unihan:kTraditionalVariant,32,10,17.0.0
坚,11,堅,char-table:preferred-traditional+unihan:kTraditionalVariant,32,8,17.0.0
坛,16,壇,char-table:preferred-traditional+unihan:kTraditionalVariant,32,13,17.0.0
坜,19,壢,char-table:preferred-traditional+unihan:kTraditionalVariant,32,16,17.0.0
坝,10,垻,char-table:preferred-traditional+unihan:kTraditionalVariant,32,7,17.0.0
坞,13,塢,char-table:preferred-traditional+unihan:kTraditionalVariant,32,10,17.0.0
坟,15,墳,unihan:kTraditionalVariant[17.0.0],32,12,17.0.0
坠,15,墜,char-table:preferred-traditional+unihan:kTraditionalVariant,32,12,17.0.0
坡,8,坡,unihan:identity,32,5,17.0.0
坤,8,坤,unihan:identity,32,5,17.0.0
坥,8,坥,unihan:identity,32,5,17.0.0
坦,8,坦,unihan:identity,32,5,17.0.0
坨,8,坨,unihan:identity,32,5,17.0.0
坩,8,坩,unihan:identity,32,5,17.0.0
坪,8,坪,unihan:identity,32,5,17.0.0
坫,8,坫,unihan:identity,32,5,17.0.0
坬,8,坬,unihan:identity,32,5,17.0.0
坭,8,坭,unihan:identity,32,5,17.0.0
坯,8,坯,unihan:identity,32,5,17.0.0
坰,8,坰,unihan:identity,32,5,17.0.0
坳,8,坳,unihan:identity,32,5,17.0.0
坷,8,坷,unihan:identity,32,5,17.0.0
坻,8,坻,unihan:identity,32,5,17.0.0
坼,8,坼,unihan:identity,32,5,17.0.0
坽,8,坽,unihan:identity,32,5,17.0.0
垂,8,垂,unihan:identity,32,5,17.0.0
垃,8,垃,unihan:identity,32,5,17.0.0
垄,19,壟,char-table:preferred-traditional+unihan:kTraditionalVariant,32,16,17.0.0
垆,19,壚,char-table:preferred-traditional+unihan:kTraditionalVariant,32,16,17.0.0
垈,8,垈,unihan:identity,32,5,17.0.0
型,9,型,unihan:identity,32,6,17.0.0
垌,9,垌,unihan:identity,32,6,17.0.0
垍,9,垍,unihan:identity,32,6,17.0.0
垎,9,垎,unihan:identity,32,6,17.0.0
垏,9,垏,unihan:identity,32,6,17.0.0
垒,18,壘,char-table:preferred-traditional+unihan:kTraditionalVariant,32,15,17.0.0
垓,9,垓,unihan:identity,32,6,17.0.0
垕,9,垕,unihan:identity,32,6,17.0.0
垙,9,垙,unihan:identity,32,6,17.0.0
垚,9,垚,unihan:identity,32,6,17.0.0
垛,9,垛,unihan:identity,32,6,17.0.0
垞,9,垞,unihan:identity,32,6,17.0.0
垟,9,垟,unihan:identity,32,6,17.0.0
垠,9,垠,unihan:identity,32,6,17.0.0
垡,9,垡,unihan:identity,32,6,17.0.0
垢,9,垢,unihan:identity,32,6,17.0.0
垣,9,垣,unihan:identity,32,6,17.0.0
垤,9,垤,unihan:identity,32,6,17.0.0
垦,16,墾,char-table:preferred-traditional+unihan:kTraditionalVariant,32,13,17.0.0
垧,9,垧,unihan:identity,32,6,17.0.0
垩,11,堊,char-table:preferred-traditional+unihan:kTraditionalVariant,32,8,17.0.0
垫,14,墊,char-table:preferred-traditional+unihan:kTraditionalVariant,32,11,17.0.0
垭,11,埡,char-table:preferred-traditional+unihan:kTraditionalVariant,32,8,17.0.0
垮,9,垮,unihan:identity,32,6,17.0.0
垯,15,墶,char-table:preferred-traditional+unihan:kTraditionalVariant,32,12,17.0.0
垱,16,壋,char-table:preferred-traditional+unihan:kTraditionalVariant,32,13,17.0.0
垲,13,塏,char-table:preferred-traditional+unihan:kTraditionalVariant,32,10,17.0.0
垴,12,堖,unihan:kTraditionalVariant[17.0.0],32,9,17.0.0
垵,9,垵,unihan:identity,32,6,17.0.0
垸,10,垸,unihan:identity,32,7,17.0.0
垺,10,垺,unihan:identity,32,7,17.0.0
垾,10,垾,unihan:identity,32,7,17.0.0
垿,10,垿,unihan:identity,32,7,17.0.0
埂,10,埂,unihan:identity,32,7,17.0.0
埃,10,埃,unihan:identity,32,7,17.0.0
埆,10,埆,unihan:identity,32,7,17.0.0
埇,10,埇,unihan:identity,32,7,17.0.0
埋,10,埋,unihan:identity,32,7,17.0.0
埌,10,埌,unihan:identity,32,7,17.0.0
城,9,城,unihan:identity,32,6,17.0.0
埏,10,埏,unihan:identity,32,7,17.0.0
埒,10,埒,unihan:identity,32,7,17.0.0
埔,10,埔,unihan:identity,32,7,17.0.0
埕,10,埕,unihan:identity,32,7,17.0.0
埗,10,埗,unihan:identity,32,7,17.0.0
埘,13,塒,char-table:preferred-traditional+unihan:kTraditionalVariant,32,10,17.0.0
埙,13,塤,char-table:preferred-traditional+unihan:kTraditionalVariant,32,10,17.0.0
埚,12,堝,char-table:preferred-traditional+unihan:kTraditionalVariant,32,9,17.0.0
埝,11,埝,unihan:identity,32,8,17.0.0
域,11,域,unihan:identity,32,8,17.0.0
埠,11,埠,unihan:identity,32,8,17.0.0
埤,11,埤,unihan:identity,32,8,17.0.0
埪,12,埪,unihan:identity,32,9,17.0.0
埫,11,埫,unihan:identity,32,8,17.0.0
埭,11,埭,unihan:identity,32,8,17.0.0
埯,9,垵,unihan:kTraditionalVariant[17.0.0],32,6,17.0.0
埴,11,埴,unihan:identity,32,8,17.0.0
埵,11,埵,unihan:identity,32,8,17.0.0
埸,11,埸,unihan:identity,32,8,17.0.0
培,11,培,unihan:identity,32,8,17.0.0
基,11,基,unihan:identity,32,8,17.0.0
埼,11,埼,unihan:identity,32,8,17.0.0
埽,11,埽,unihan:identity,32,8,17.0.0
堂,11,堂,unihan:identity,32,8,17.0.0
堃,11,堃,unihan:identity,32,8,17.0.0
堆,11,堆,unihan:identity,32,8,17.0.0
堇,11,堇,unihan:identity,32,8,17.0.0
堉,11,堉,unihan:identity,32,8,17.0.0
堋,11,堋,unihan:identity,32,8,17.0.0
堌,11,堌,unihan:identity,32,8,17.0.0
堍,11,堍,unihan:identity,32,8,17.0.0
堎,11,堎,unihan:identity,32,8,17.0.0
堐,11,堐,unihan:identity,32,8,17.0.0
堑,14,塹,char-table:preferred-traditional+unihan:kTraditionalVariant,32,11,17.0.0
堕,15,墮,char-table:preferred-traditional+unihan:kTraditionalVariant,32,12,17.0.0
堙,12,堙,unihan:identity,32,9,17.0.0
堞,12,堞,unihan:identity,32,9,17.0.0
堠,12,堠,unihan:identity,32,9,17.0.0
堡,12,堡,unihan:identity,32,9,17.0.0
堤,12,堤,unihan:identity,32,9,17.0.0
堧,12,堧,unihan:identity,32,9,17.0.0
堨,12,堨,unihan:identity,32,9,17.0.0
堪,12,堪,unihan:identity,32,9,17.0.0
堰,12,堰,unihan:identity,32,9,17.0.0
堲,12,堲,unihan:identity,32,9,17.0.0
堵,12,堵,unihan:identity,32,9,17.0.0
堼,12,堼,unihan:identity,32,9,17.0.0
堽,13,堽,unihan:identity,32,10,17.0.0
堾,12,堾,unihan:identity,32,9,17.0.0
塄,12,塄,unihan:identity,32,9,17.0.0
塅,12,塅,unihan:identity,32,9,17.0.0
塆,25,壪,char-table:preferred-traditional+unihan:kTraditionalVariant,32,22,17.0.0
塌,13,塌,unihan:identity,32,10,17.0.0
塍,13,塍,unihan:identity,32,10,17.0.0
塑,13,塑,unihan:identity,32,10,17.0.0
塔,13,塔,unihan:identity,32,10,17.0.0
塘,13,塘,unihan:identity,32,10,17.0.0
塝,13,塝,unihan:identity,32,10,17.0.0
塞,13,塞,unihan:identity,32,10,17.0.0
塥,13,塥,unihan:identity,32,10,17.0.0
填,13,填,unihan:identity,32,10,17.0.0
塬,13,塬,unihan:identity,32,10,17.0.0
塱,13,塱,unihan:identity,32,10,17.0.0
塾,14,塾,unihan:identity,32,11,17.0.0
墀,14,墀,unihan:identity,32,11,17.0.0
墁,14,墁,unihan:identity,32,11,17.0.0
境,14,境,unihan:identity,32,11,17.0.0
墅,14,墅,unihan:identity,32,11,17.0.0
墈,14,墈,unihan:identity,32,11,17.0.0
墉,14,墉,unihan:identity,32,11,17.0.0
墐,14,墐,unihan:identity,32,11,17.0.0
墒,14,墒,unihan:identity,32,11,17.0.0
墓,14,墓,unihan:identity,32,11,17.0.0
墕,14,墕,unihan:identity,32,11,17.0.0
墘,14,墘,unihan:identity,32,11,17.0.0
墙,16,墻,char-table:preferred-traditional+unihan:kTraditionalVariant,32,13,17.0.0
墚,14,墚,unihan:identity,32,11,17.0.0
增,15,增,unihan:identity,32,12,17.0.0
墟,15,墟,unihan:identity,32,12,17.0.0
墡,15,墡,unihan:identity,32,12,17.0.0
墣,15,墣,unihan:identity,32,12,17.0.0
墦,15,墦,unihan:identity,32,12,17.0.0
墨,15,墨,unihan:identity,32,12,17.0.0
墩,15,墩,unihan:identity,32,12,17.0.0
墼,16,墼,unihan:identity,32,13,17.0.0
壁,16,壁,unihan:identity,32,13,17.0.0
壅,16,壅,unihan:identity,32,13,17.0.0
壑,17,壑,unihan:identity,32,14,17.0.0
壕,17,壕,unihan:identity,32,14,17.0.0
壤,20,壤,unihan:identity,32,17,17.0.0
士,3,士,unihan:identity,33,0,17.0.0
壬,4,壬,unihan:identity,33,1,17.0.0
壮,7,壯,char-table:preferred-traditional+unihan:kTraditionalVariant,33,4,17.0.0
声,17,聲,char-table:preferred-traditional+unihan:kTraditionalVariant,128,11,17.0.0
壳,12,殼,char-table:preferred-traditional+unihan:kTraditionalVariant,79,8,17.0.0
壶,12,壺,char-table:preferred-traditional+unihan:kTraditionalVariant,33,9,17.0.0
壸,13,壼,char-table:preferred-traditional+unihan:kTraditionalVariant,33,10,17.0.0
壹,12,壹,unihan:identity,33,9,17.0.0
处,11,處,char-table:preferred-traditional+unihan:kTraditionalVariant,141,5,17.0.0
备,12,備,char-table:preferred-traditional+unihan:kTraditionalVariant,9,10,17.0.0
复,12,復,char-table:preferred-traditional+unihan:kTraditionalVariant,60,9,17.0.0
夏,10,夏,unihan:identity,35,7,17.0.0
夐,14,夐,unihan:identity,35,11,17.0.0
夔,22,夔,unihan:identity,35,19,17.0.0
夕,3,夕,unihan:identity,36,0,17.0.0
外,5,外,unihan:identity,36,2,17.0.0
夙,6,夙,unihan:identity,36,3,17.0.0
多,6,多,unihan:identity,36,3,17.0.0
夜,8,夜,unihan:identity,36,5,17.0.0
够,11,夠,unihan:kTraditionalVariant[17.0.0],36,8,17.0.0
夤,14,夤,unihan:identity,36,11,17.0.0
夥,14,夥,unihan:identity,36,11,17.0.0
大,3,大,unihan:identity,37,0,17.0.0
天,4,天,unihan:identity,37,1,17.0.0
太,4,太,unihan:identity,37,1,17.0.0
夫,4,夫,unihan:identity,37,1,17.0.0
夬,4,夬,unihan:identity,37,1,17.0.0
夭,4,夭,unihan:identity,37,1,17.0.0
央,5,央,unihan:identity,37,2,17.0.0
夯,5,夯,unihan:identity,37,2,17.0.0
失,5,失,unihan:identity,37,2,17.0.0
头,16,頭,char-table:preferred-traditional+unihan:kTraditionalVariant,181,7,17.0.0
夷,6,夷,unihan:identity,37,3,17.0.0
夸,13,誇,char-table:preferred-traditional+unihan:kTraditionalVariant,149,6,17.0.0
夹,7,夾,char-table:preferred-traditional+unihan:kTraditionalVariant,37,4,17.0.0
夺,14,奪,char-table:preferred-traditional+unihan:kTraditionalVariant,37,11,17.0.0
夼,6,夼,unihan:identity,37,3,17.0.0
奁,14,奩,char-table:preferred-traditional+unihan:kTraditionalVariant,37,11,17.0.0
奂,9,奐,unihan:kTraditionalVariant[17.0.0],37,6,17.0.0
奄,8,奄,unihan:identity,37,5,17.0.0
奇,8,奇,unihan:identity,37,5,17.0.0
奈,8,奈,unihan:identity,37,5,17.0.0
奉,8,奉,unihan:identity,37,5,17.0.0
奋,16,奮,char-table:preferred-traditional+unihan:kTraditionalVariant,37,13,17.0.0
奎,9,奎,unihan:identity,37,6,17.0.0
奏,9,奏,unihan:identity,37,6,17.0.0
契,9,契,unihan:identity,37,6,17.0.0
奓,9,奓,unihan:identity,37,6,17.0.0
奔,8,奔,unihan:identity,37,5,17.0.0
奕,9,奕,unihan:identity,37,6,17.0.0
奖,14,奬,char-table:preferred-traditional+unihan:kTraditionalVariant,37,11,17.0.0
套,10,套,unihan:identity,37,7,17.0.0
奘,10,奘,unihan:identity,37,7,17.0.0
奚,10,奚,unihan:identity,37,7,17.0.0
奠,12,奠,unihan:identity,37,9,17.0.0
奡,12,奡,unihan:identity,37,9,17.0.0
奢,12,奢,unihan:identity,37,9,17.0.0
奥,13,奧,unihan:kTraditionalVariant[17.0.0],37,10,17.0.0
奭,15,奭,unihan:identity,37,12,17.0.0
女,3,女,unihan:identity,38,0,17.0.0
奴,5,奴,unihan:identity,38,2,17.0.0
奶,5,奶,unihan:identity,38,2,17.0.0
奸,9,姦,unihan:kTraditionalVariant[17.0.0],38,6,17.0.0
她,6,她,unihan:identity,38,3,17.0.0
好,6,好,unihan:identity,38,3,17.0.0
妁,6,妁,unihan:identity,38,3,17.0.0
如,6,如,unihan:identity,38,3,17.0.0
妃,6,妃,unihan:identity,38,3,17.0.0
妄,6,妄,unihan:identity,38,3,17.0.0
妆,7,妝,char-table:preferred-traditional+unihan:kTraditionalVariant,38,4,17.0.0
妇,11,婦,char-table:preferred-traditional+unihan:kTraditionalVariant,38,8,17.0.0
妈,13,媽,char-table:preferred-traditional+unihan:kTraditionalVariant,38,10,17.0.0
妊,7,妊,unihan:identity,38,4,17.0.0
妍,9,妍,unihan:identity,38,6,17.0.0
妒,7,妒,unihan:identity,38,4,17.0.0
妓,7,妓,unihan:identity,38,4,17.0.0
妖,7,妖,unihan:identity,38,4,17.0.0
妗,7,妗,unihan:identity,38,4,17.0.0
妘,7,妘,unihan:identity,38,4,17.0.0
妙,7,妙,unihan:identity,38,4,17.0.0
妞,7,妞,unihan:identity,38,4,17.0.0
妣,7,妣,unihan:identity,38,4,17.0.0
妤,7,妤,unihan:identity,38,4,17.0.0
妥,7,妥,unihan:identity,38,4,17.0.0
妧,7,妧,unihan:identity,38,4,17.0.0
妨,7,妨,unihan:identity,38,4,17.0.0
妩,15,嫵,char-table:preferred-traditional+unihan:kTraditionalVariant,38,12,17.0.0
妪,14,嫗,char-table:preferred-traditional+unihan:kTraditionalVariant,38,11,17.0.0
妫,15,嬀,char-table:preferred-traditional+unihan:kTraditionalVariant,38,12,17.0.0
妭,8,妭,unihan:identity,38,5,17.0.0
妮,8,妮,unihan:identity,38,5,17.0.0
妯,8,妯,unihan:identity,38,5,17.0.0
妲,8,妲,unihan:identity,38,5,17.0.0
妹,8,妹,unihan:identity,38,5,17.0.0
妻,8,妻,unihan:identity,38,5,17.0.0
妾,8,妾,unihan:identity,38,5,17.0.0
姆,8,姆,unihan:identity,38,5,17.0.0
姈,8,姈,unihan:identity,38,5,17.0.0
姊,8,姊,unihan:identity,38,5,17.0.0
始,8,始,unihan:identity,38,5,17.0.0
姐,8,姐,unihan:identity,38,5,17.0.0
姑,8,姑,unihan:identity,38,5,17.0.0
姒,8,姒,unihan:identity,38,5,17.0.0
姓,8,姓,unihan:identity,38,5,17.0.0
委,8,委,unihan:identity,38,5,17.0.0
姗,8,姍,unihan:kTraditionalVariant[17.0.0],38,5,17.0.0
姘,9,姘,unihan:identity,38,6,17.0.0
姚,9,姚,unihan:identity,38,6,17.0.0
姜,19,薑,char-table:preferred-traditional+unihan:kTraditionalVariant,140,13,17.0.0
姝,9,姝,unihan:identity,38,6,17.0.0
姞,9,姞,unihan:identity,38,6,17.0.0
姣,9,姣,unihan:identity,38,6,17.0.0
姤,9,姤,unihan:identity,38,6,17.0.0
姥,9,姥,unihan:identity,38,6,17.0.0
姨,9,姨,unihan:identity,38,6,17.0.0
姬,10,姬,unihan:identity,38,7,17.0.0
姮,9,姮,unihan:identity,38,6,17.0.0
姱,9,姱,unihan:identity,38,6,17.0.0
姶,9,姶,unihan:identity,38,6,17.0.0
姹,6,奼,unihan:kTraditionalVariant[17.0.0],38,3,17.0.0
姻,9,姻,unihan:identity,38,6,17.0.0
姽,9,姽,unihan:identity,38,6,17.0.0
姿,9,姿,unihan:identity,38,6,17.0.0
娀,9,娀,unihan:identity,38,6,17.0.0
威,9,威,unihan:identity,38,6,17.0.0
娃,9,娃,unihan:identity,38,6,17.0.0
娄,11,婁,char-table:preferred-traditional+unihan:kTraditionalVariant,38,8,17.0.0
娅,11,婭,char-table:preferred-traditional+unihan:kTraditionalVariant,38,8,17.0.0
娆,15,嬈,char-table:preferred-traditional+unihan:kTraditionalVariant,38,12,17.0.0
娇,15,嬌,char-table:preferred-traditional+unihan:kTraditionalVariant,38,12,17.0.0
娈,22,孌,char-table:preferred-traditional+unihan:kTraditionalVariant,38,19,17.0.0
娉,10,娉,unihan:identity,38,7,17.0.0
娌,10,娌,unihan:identity,38,7,17.0.0
娑,10,娑,unihan:identity,38,7,17.0.0
娓,10,娓,unihan:identity,38,7,17.0.0
娘,10,娘,unihan:identity,38,7,17.0.0
娜,10,娜,unihan:identity,38,7,17.0.0
娟,10,娟,unihan:identity,38,7,17.0.0
娠,10,娠,unihan:identity,38,7,17.0.0
娣,10,娣,unihan:identity,38,7,17.0.0
娥,10,娥,unihan:identity,38,7,17.0.0
娩,10,娩,unihan:identity,38,7,17.0.0
娱,10,娛,unihan:kTraditionalVariant[17.0.0],38,7,17.0.0
娲,12,媧,char-table:preferred-traditional+unihan:kTraditionalVariant,38,9,17.0.0
娴,15,嫻,char-table:preferred-traditional+unihan:kTraditionalVariant,38,12,17.0.0
娵,11,娵,unihan:identity,38,8,17.0.0
娶,11,娶,unihan:identity,38,8,17.0.0
娼,11,娼,unihan:identity,38,8,17.0.0
婀,11,婀,unihan:identity,38,8,17.0.0
婆,11,婆,unihan:identity,38,8,17.0.0
婉,11,婉,unihan:identity,38,8,17.0.0
婊,11,婊,unihan:identity,38,8,17.0.0
婌,11,婌,unihan:identity,38,8,17.0.0
婍,11,婍,unihan:identity,38,8,17.0.0
婕,11,婕,unihan:identity,38,8,17.0.0
婘,11,婘,unihan:identity,38,8,17.0.0
婚,11,婚,unihan:identity,38,8,17.0.0
婞,11,婞,unihan:identity,38,8,17.0.0
婠,11,婠,unihan:identity,38,8,17.0.0
婢,11,婢,unihan:identity,38,8,17.0.0
婤,11,婤,unihan:identity,38,8,17.0.0
婧,11,婧,unihan:identity,38,8,17.0.0
婪,11,婪,unihan:identity,38,8,17.0.0
婫,11,婫,unihan:identity,38,8,17.0.0
婳,15,嫿,char-table:preferred-traditional+unihan:kTraditionalVariant,38,12,17.0.0
婴,17,嬰,char-table:preferred-traditional+unihan:kTraditionalVariant,38,14,17.0.0
婵,15,嬋,char-table:preferred-traditional+unihan:kTraditionalVariant,38,12,17.0.0
婶,18,嬸,char-table:preferred-traditional+unihan:kTraditionalVariant,38,15,17.0.0
婷,12,婷,unihan:identity,38,9,17.0.0
婺,12,婺,unihan:identity,38,9,17.0.0
婻,12,婻,unihan:identity,38,9,17.0.0
婼,12,婼,unihan:identity,38,9,17.0.0
婿,12,婿,unihan:identity,38,9,17.0.0
媂,12,媂,unihan:identity,38,9,17.0.0
媄,12,媄,unihan:identity,38,9,17.0.0
媆,12,媆,unihan:identity,38,9,17.0.0
媒,12,媒,unihan:identity,38,9,17.0.0
媓,12,媓,unihan:identity,38,9,17.0.0
媖,12,媖,unihan:identity,38,9,17.0.0
媚,12,媚,unihan:identity,38,9,17.0.0
媛,12,媛,unihan:identity,38,9,17.0.0
媞,12,媞,unihan:identity,38,9,17.0.0
媪,13,媼,unihan:kTraditionalVariant[17.0.0],38,10,17.0.0
媭,15,嬃,char-table:preferred-traditional+unihan:kTraditionalVariant,38,12,17.0.0
媱,13,媱,unihan:identity,38,10,17.0.0
媲,13,媲,unihan:identity,38,10,17.0.0
媳,13,媳,unihan:identity,38,10,17.0.0
媵,13,媵,unihan:identity,38,10,17.0.0
媸,13,媸,unihan:identity,38,10,17.0.0
媾,13,媾,unihan:identity,38,10,17.0.0
嫁,13,嫁,unihan:identity,38,10,17.0.0
嫂,13,嫂,unihan:identity,38,10,17.0.0
嫄,13,嫄,unihan:identity,38,10,17.0.0
嫉,13,嫉,unihan:identity,38,10,17.0.0
嫌,13,嫌,unihan:identity,38,10,17.0.0
嫒,16,嬡,char-table:preferred-traditional+unihan:kTraditionalVariant,38,13,17.0.0
嫔,17,嬪,char-table:preferred-traditional+unihan:kTraditionalVariant,38,14,17.0.0
嫕,14,嫕,unihan:identity,38,11,17.0.0
嫖,14,嫖,unihan:identity,38,11,17.0.0
嫘,14,嫘,unihan:identity,38,11,17.0.0
嫚,14,嫚,unihan:identity,38,11,17.0.0
嫜,14,嫜,unihan:identity,38,11,17.0.0
嫠,14,嫠,unihan:identity,38,11,17.0.0
嫡,14,嫡,unihan:identity,38,11,17.0.0
嫣,14,嫣,unihan:identity,38,11,17.0.0
嫦,14,嫦,unihan:identity,38,11,17.0.0
嫩,14,嫩,unihan:identity,38,11,17.0.0
嫪,14,嫪,unihan:identity,38,11,17.0.0
嫫,14,嫫,unihan:identity,38,11,17.0.0
嫭,14,嫭,unihan:identity,38,11,17.0.0
嫱,16,嬙,char-table:preferred-traditional+unihan:kTraditionalVariant,38,13,17.0.0
嫽,15,嫽,unihan:identity,38,12,17.0.0
嬉,15,嬉,unihan:identity,38,12,17.0.0
嬖,16,嬖,unihan:identity,38,13,17.0.0
嬗,16,嬗,unihan:identity,38,13,17.0.0
嬛,16,嬛,unihan:identity,38,13,17.0.0
嬥,17,嬥,unihan:identity,38,14,17.0.0
嬬,17,嬬,unihan:identity,38,14,17.0.0
嬴,16,嬴,unihan:identity,38,13,17.0.0
嬷,17,嬤,unihan:kTraditionalVariant[17.0.0],38,14,17.0.0
嬿,19,嬿,unihan:identity,38,16,17.0.0
孀,20,孀,unihan:identity,38,17,17.0.0
孅,20,孅,unihan:identity,38,17,17.0.0
子,3,子,unihan:identity,39,0,17.0.0
孑,3,孑,unihan:identity,39,0,17.0.0
孓,3,孓,unihan:identity,39,0,17.0.0
孔,4,孔,unihan:identity,39,1,17.0.0
孕,5,孕,unihan:identity,39,2,17.0.0
孖,6,孖,unihan:identity,39,3,17.0.0
字,6,字,unihan:identity,39,3,17.0.0
存,6,存,unihan:identity,39,3,17.0.0
孙,10,孫,char-table:preferred-traditional+unihan:kTraditionalVariant,39,7,17.0.0
孚,7,孚,unihan:identity,39,4,17.0.0
孛,7,孛,unihan:identity,39,4,17.0.0
孜,7,孜,unihan:identity,39,4,17.0.0
孝,7,孝,unihan:identity,39,4,17.0.0
孟,8,孟,unihan:identity,39,5,17.0.0
孢,8,孢,unihan:identity,39,5,17.0.0
季,8,季,unihan:identity,39,5,17.0.0
孤,8,孤,unihan:identity,39,5,17.0.0
孥,8,孥,unihan:identity,39,5,17.0.0
学,16,學,char-table:preferred-traditional+unihan:kTraditionalVariant,39,13,17.0.0
孩,9,孩,unihan:identity,39,6,17.0.0
孪,22,孿,char-table:preferred-traditional+unihan:kTraditionalVariant,39,19,17.0.0
孬,10,孬,unihan:identity,39,7,17.0.0
孰,11,孰,unihan:identity,39,8,17.0.0
孱,12,孱,unihan:identity,39,9,17.0.0
孳,13,孳,unihan:identity,39,10,17.0.0
孵,14,孵,unihan:identity,39,11,17.0.0
孺,17,孺,unihan:identity,39,14,17.0.0
孽,20,孽,unihan:identity,39,17,17.0.0
宁,14,寧,repo:form-override,40,11,17.0.0
它,5,它,unihan:identity,40,2,17.0.0
宄,5,宄,unihan:identity,40,2,17.0.0
宅,6,宅,unihan:identity,40,3,17.0.0
宇,6,宇,unihan:identity,40,3,17.0.0
守,6,守,unihan:identity,40,3,17.0.0
安,6,安,unihan:identity,40,3,17.0.0
宋,7,宋,unihan:identity,40,4,17.0.0
完,7,完,unihan:identity,40,4,17.0.0
宏,7,宏,unihan:identity,40,4,17.0.0
宓,8,宓,unihan:identity,40,5,17.0.0
宕,8,宕,unihan:identity,40,5,17.0.0
宗,8,宗,unihan:identity,40,5,17.0.0
官,8,官,unihan:identity,40,5,17.0.0
宙,8,宙,unihan:identity,40,5,17.0.0
定,8,定,unihan:identity,40,5,17.0.0
宛,8,宛,unihan:identity,40,5,17.0.0
宜,8,宜,unihan:identity,40,5,17.0.0
宝,20,寶,char-table:preferred-traditional+unihan:kTraditionalVariant,40,17,17.0.0
实,14,實,char-table:preferred-traditional+unihan:kTraditionalVariant,40,11,17.0.0
宠,19,寵,char-table:preferred-traditional+unihan:kTraditionalVariant,40,16,17.0.0
审,15,審,char-table:preferred-traditional+unihan:kTraditionalVariant,40,12,17.0.0
客,9,客,unihan:identity,40,6,17.0.0
宣,9,宣,unihan:identity,40,6,17.0.0
室,9,室,unihan:identity,40,6,17.0.0
宥,9,宥,unihan:identity,40,6,17.0.0
宦,9,宦,unihan:identity,40,6,17.0.0
宧,10,宧,unihan:identity,40,7,17.0.0
宪,16,憲,char-table:preferred-traditional+unihan:kTraditionalVariant,61,12,17.0.0
宫,10,宮,unihan:kTraditionalVariant[17.0.0],40,7,17.0.0
宬,10,宬,unihan:identity,40,7,17.0.0
宰,10,宰,unihan:identity,40,7,17.0.0
害,10,害,unihan:identity,40,7,17.0.0
宴,10,宴,unihan:identity,40,7,17.0.0
宵,10,宵,unihan:identity,40,7,17.0.0
家,12,傢,char-table:preferred-traditional+unihan:kTraditionalVariant,9,10,17.0.0
宸,10,宸,unihan:identity,40,7,17.0.0
容,10,容,unihan:identity,40,7,17.0.0
宽,15,寬,char-table:preferred-traditional+unihan:kTraditionalVariant,40,12,17.0.0
宾,14,賓,char-table:preferred-traditional+unihan:kTraditionalVariant,154,7,17.0.0
宿,11,宿,unihan:identity,40,8,17.0.0
寁,11,寁,unihan:identity,40,8,17.0.0
寂,11,寂,unihan:identity,40,8,17.0.0
寄,11,寄,unihan:identity,40,8,17.0.0
寅,11,寅,unihan:identity,40,8,17.0.0
密,11,密,unihan:identity,40,8,17.0.0
寇,11,寇,unihan:identity,40,8,17.0.0
富,12,富,unihan:identity,40,9,17.0.0
寐,12,寐,unihan:identity,40,9,17.0.0
寒,12,寒,unihan:identity,40,9,17.0.0
寓,12,寓,unihan:identity,40,9,17.0.0
寝,14,寢,char-table:preferred-traditional+unihan:kTraditionalVariant,40,11,17.0.0
寞,14,寞,unihan:identity,40,11,17.0.0
察,14,察,unihan:identity,40,11,17.0.0
寡,14,寡,unihan:identity,40,11,17.0.0
寤,14,寤,unihan:identity,40,11,17.0.0
寥,14,寥,unihan:identity,40,11,17.0.0
寨,14,寨,unihan:identity,40,11,17.0.0
寮,15,寮,unihan:identity,40,12,17.0.0
寰,16,寰,unihan:identity,40,13,17.0.0
寸,3,寸,unihan:identity,41,0,17.0.0
对,14,對,char-table:preferred-traditional+unihan:kTraditionalVariant,41,11,17.0.0
寺,6,寺,unihan:identity,41,3,17.0.0
寻,12,尋,char-table:preferred-traditional+unihan:kTraditionalVariant,41,9,17.0.0
导,15,導,char-table:preferred-traditional+unihan:kTraditionalVariant,41,12,17.0.0
寿,14,壽,char-table:preferred-traditional+unihan:kTraditionalVariant,33,11,17.0.0
封,9,封,unihan:identity,41,6,17.0.0
射,10,射,unihan:identity,41,7,17.0.0
将,11,將,char-table:preferred-traditional+unihan:kTraditionalVariant,41,8,17.0.0
尉,11,尉,unihan:identity,41,8,17.0.0
尊,12,尊,unihan:identity,41,9,17.0.0
小,3,小,unihan:identity,42,0,17.0.0
少,4,少,unihan:identity,42,1,17.0.0
尔,14,爾,char-table:preferred-traditional+unihan:kTraditionalVariant,89,10,17.0.0
尕,5,尕,unihan:identity,42,2,17.0.0
尖,6,尖,unihan:identity,42,3,17.0.0
尘,14,塵,char-table:preferred-traditional+unihan:kTraditionalVariant,32,11,17.0.0
尚,8,尚,unihan:identity,42,5,17.0.0
尜,9,尜,unihan:identity,42,6,17.0.0
尝,14,嘗,char-table:preferred-traditional+unihan:kTraditionalVariant,30,11,17.0.0
尢,3,尢,unihan:identity,43,0,17.0.0
尤,4,尤,unihan:identity,43,1,17.0.0
尥,6,尥,unihan:identity,43,3,17.0.0
尧,12,堯,char-table:preferred-traditional+unihan:kTraditionalVariant,32,9,17.0.0
尨,7,尨,unihan:identity,43,4,17.0.0
尪,7,尪,unihan:identity,43,4,17.0.0
尬,7,尬,unihan:identity,43,4,17.0.0
就,12,就,unihan:identity,43,9,17.0.0
尴,17,尷,char-table:preferred-traditional+unihan:kTraditionalVariant,43,14,17.0.0
尸,9,屍,unihan:kTraditionalVariant[17.0.0],44,6,17.0.0
尹,4,尹,unihan:identity,44,1,17.0.0
尺,4,尺,unihan:identity,44,1,17.0.0
尻,5,尻,unihan:identity,44,2,17.0.0
尼,5,尼,unihan:identity,44,2,17.0.0
尽,14,盡,char-table:preferred-traditional+unihan:kTraditionalVariant,108,9,17.0.0
尾,7,尾,unihan:identity,44,4,17.0.0
尿,7,尿,unihan:identity,44,4,17.0.0
局,7,局,unihan:identity,44,4,17.0.0
屁,7,屁,unihan:identity,44,4,17.0.0
层,15,層,char-table:preferred-traditional+unihan:kTraditionalVariant,44,12,17.0.0
屃,10,屓,char-table:preferred-traditional+unihan:kTraditionalVariant,44,7,17.0.0
居,8,居,unihan:identity,44,5,17.0.0
屈,8,屈,unihan:identity,44,5,17.0.0
屉,11,屜,unihan:kTraditionalVariant[17.0.0],44,8,17.0.0
届,8,屆,unihan:kTraditionalVariant[17.0.0],44,5,17.0.0
屋,9,屋,unihan:identity,44,6,17.0.0
屎,9,屎,unihan:identity,44,6,17.0.0
屏,9,屏,unihan:identity,44,6,17.0.0
屐,10,屐,unihan:identity,44,7,17.0.0
屑,10,屑,unihan:identity,44,7,17.0.0
展,10,展,unihan:identity,44,7,17.0.0
屙,11,屙,unihan:identity,44,8,17.0.0
属,21,屬,char-table:preferred-traditional+unihan:kTraditionalVariant,44,18,17.0.0
屠,12,屠,unihan:identity,44,9,17.0.0
屡,14,屢,char-table:preferred-traditional+unihan:kTraditionalVariant,44,11,17.0.0
屣,14,屣,unihan:identity,44,11,17.0.0
履,15,履,unihan:identity,44,12,17.0.0
屦,17,屨,char-table:preferred-traditional+unihan:kTraditionalVariant,44,14,17.0.0
屯,4,屯,unihan:identity,45,1,17.0.0
山,3,山,unihan:identity,46,0,17.0.0
屹,6,屹,unihan:identity,46,3,17.0.0
屺,6,屺,unihan:identity,46,3,17.0.0
屼,6,屼,unihan:identity,46,3,17.0.0
屾,6,屾,unihan:identity,46,3,17.0.0
屿,17,嶼,char-table:preferred-traditional+unihan:kTraditionalVariant,46,14,17.0.0
岁,13,歲,char-table:preferred-traditional+unihan:kTraditionalVariant,77,9,17.0.0
岂,10,豈,char-table:preferred-traditional+unihan:kTraditionalVariant,151,3,17.0.0
岈,7,岈,unihan:identity,46,4,17.0.0
岊,7,岊,unihan:identity,46,4,17.0.0
岌,7,岌,unihan:identity,46,4,17.0.0
岍,9,岍,unihan:identity,46,6,17.0.0
岐,7,岐,unihan:identity,46,4,17.0.0
岑,7,岑,unihan:identity,46,4,17.0.0
岔,7,岔,unihan:identity,46,4,17.0.0
岖,14,嶇,char-table:preferred-traditional+unihan:kTraditionalVariant,46,11,17.0.0
岗,11,崗,char-table:preferred-traditional+unihan:kTraditionalVariant,46,8,17.0.0
岘,10,峴,char-table:preferred-traditional+unihan:kTraditionalVariant,46,7,17.0.0
岙,16,嶴,unihan:kTraditionalVariant[17.0.0],46,13,17.0.0
岚,12,嵐,char-table:preferred-traditional+unihan:kTraditionalVariant,46,9,17.0.0
岛,10,島,char-table:preferred-traditional+unihan:kTraditionalVariant,46,7,17.0.0
岜,7,岜,unihan:identity,46,4,17.0.0
岞,8,岞,unihan:identity,46,5,17.0.0
岠,8,岠,unihan:identity,46,5,17.0.0
岢,8,岢,unihan:identity,46,5,17.0.0
岣,8,岣,unihan:identity,46,5,17.0.0
岨,8,岨,unihan:identity,46,5,17.0.0
岩,8,岩,unihan:identity,46,5,17.0.0
岫,8,岫,unihan:identity,46,5,17.0.0
岬,8,岬,unihan:identity,46,5,17.0.0
岭,17,嶺,char-table:preferred-traditional+unihan:kTraditionalVariant,46,14,17.0.0
岱,8,岱,unihan:identity,46,5,17.0.0
岳,8,岳,unihan:identity,46,5,17.0.0
岵,8,岵,unihan:identity,46,5,17.0.0
岷,8,岷,unihan:identity,46,5,17.0.0
岸,8,岸,unihan:identity,46,5,17.0.0
岽,11,崬,char-table:preferred-traditional+unihan:kTraditionalVariant,46,8,17.0.0
岿,20,巋,char-table:preferred-traditional+unihan:kTraditionalVariant,46,17,17.0.0
峁,8,峁,unihan:identity,46,5,17.0.0
峂,8,峂,unihan:identity,46,5,17.0.0
峃,16,嶨,char-table:preferred-traditional+unihan:kTraditionalVariant,46,13,17.0.0
峄,16,嶧,char-table:preferred-traditional+unihan:kTraditionalVariant,46,13,17.0.0
峋,9,峋,unihan:identity,46,6,17.0.0
峒,9,峒,unihan:identity,46,6,17.0.0
峗,9,峗,unihan:identity,46,6,17.0.0
峘,9,峘,unihan:identity,46,6,17.0.0
峙,9,峙,unihan:identity,46,6,17.0.0
峛,9,峛,unihan:identity,46,6,17.0.0
峡,10,峽,char-table:preferred-traditional+unihan:kTraditionalVariant,46,7,17.0.0
峣,15,嶢,char-table:preferred-traditional+unihan:kTraditionalVariant,46,12,17.0.0
峤,15,嶠,char-table:preferred-traditional+unihan:kTraditionalVariant,46,12,17.0.0
峥,11,崢,unihan:kTraditionalVariant[17.0.0],46,8,17.0.0
峦,22,巒,char-table:preferred-traditional+unihan:kTraditionalVariant,46,19,17.0.0
峧,9,峧,unihan:identity,46,6,17.0.0
峨,10,峨,unihan:identity,46,7,17.0.0
峪,10,峪,unihan:identity,46,7,17.0.0
峭,10,峭,unihan:identity,46,7,17.0.0
峰,10,峰,unihan:identity,46,7,17.0.0
峱,10,峱,unihan:identity,46,7,17.0.0
峻,10,峻,unihan:identity,46,7,17.0.0
峿,10,峿,unihan:identity,46,7,17.0.0
崀,10,崀,unihan:identity,46,7,17.0.0
崁,10,崁,unihan:identity,46,7,17.0.0
崂,15,嶗,char-table:preferred-traditional+unihan:kTraditionalVariant,46,12,17.0.0
崃,11,崍,char-table:preferred-traditional+unihan:kTraditionalVariant,46,8,17.0.0
崄,16,嶮,char-table:preferred-traditional+unihan:kTraditionalVariant,46,13,17.0.0
崆,11,崆,unihan:identity,46,8,17.0.0
崇,11,崇,unihan:identity,46,8,17.0.0
崌,11,崌,unihan:identity,46,8,17.0.0
崎,11,崎,unihan:identity,46,8,17.0.0
崒,11,崒,unihan:identity,46,8,17.0.0
崔,11,崔,unihan:identity,46,8,17.0.0
崖,11,崖,unihan:identity,46,8,17.0.0
崚,11,崚,unihan:identity,46,8,17.0.0
崛,11,崛,unihan:identity,46,8,17.0.0
崞,11,崞,unihan:identity,46,8,17.0.0
崟,11,崟,unihan:identity,46,8,17.0.0
崡,11,崡,unihan:identity,46,8,17.0.0
崤,11,崤,unihan:identity,46,8,17.0.0
崦,11,崦,unihan:identity,46,8,17.0.0
崧,11,崧,unihan:identity,46,8,17.0.0
崩,11,崩,unihan:identity,46,8,17.0.0
崭,14,嶄,char-table:preferred-traditional+unihan:kTraditionalVariant,46,11,17.0.0
崮,11,崮,unihan:identity,46,8,17.0.0
崴,12,崴,unihan:identity,46,9,17.0.0
崶,12,崶,unihan:identity,46,9,17.0.0
崽,12,崽,unihan:identity,46,9,17.0.0
崾,12,崾,unihan:identity,46,9,17.0.0
崿,12,崿,unihan:identity,46,9,17.0.0
嵁,12,嵁,unihan:identity,46,9,17.0.0
嵅,12,嵅,unihan:identity,46,9,17.0.0
嵇,12,嵇,unihan:identity,46,9,17.0.0
嵊,13,嵊,unihan:identity,46,10,17.0.0
嵋,12,嵋,unihan:identity,46,9,17.0.0
嵌,12,嵌,unihan:identity,46,9,17.0.0
嵎,12,嵎,unihan:identity,46,9,17.0.0
嵖,12,嵖,unihan:identity,46,9,17.0.0
嵘,17,嶸,char-table:preferred-traditional+unihan:kTraditionalVariant,46,14,17.0.0
嵚,15,嶔,char-table:preferred-traditional+unihan:kTraditionalVariant,46,12,17.0.0
嵛,12,嵛,unihan:identity,46,9,17.0.0
嵝,14,嶁,char-table:preferred-traditional+unihan:kTraditionalVariant,46,11,17.0.0
嵩,13,嵩,unihan:identity,46,10,17.0.0
嵫,13,嵫,unihan:identity,46,10,17.0.0
嵬,13,嵬,unihan:identity,46,10,17.0.0
嵯,13,嵯,unihan:identity,46,10,17.0.0
嵲,13,嵲,unihan:identity,46,10,17.0.0
嵴,13,嵴,unihan:identity,46,10,17.0.0
嶂,14,嶂,unihan:identity,46,11,17.0.0
嶅,14,嶅,unihan:identity,46,11,17.0.0
嶍,14,嶍,unihan:identity,46,11,17.0.0
嶒,15,嶒,unihan:identity,46,12,17.0.0
嶓,15,嶓,unihan:identity,46,12,17.0.0
嶙,15,嶙,unihan:identity,46,12,17.0.0
嶝,15,嶝,unihan:identity,46,12,17.0.0
嶟,15,嶟,unihan:identity,46,12,17.0.0
嶦,16,嶦,unihan:identity,46,13,17.0.0
嶲,16,嶲,unihan:identity,46,13,17.0.0
嶷,17,嶷,unihan:identity,46,14,17.0.0
巅,22,巔,unihan:kTraditionalVariant[17.0.0],46,19,17.0.0
巇,20,巇,unihan:identity,46,17,17.0.0
巉,20,巉,unihan:identity,46,17,17.0.0
巍,21,巍,unihan:identity,46,18,17.0.0
川,3,川,unihan:identity,47,0,17.0.0
州,6,州,unihan:identity,47,3,17.0.0
巡,7,巡,unihan:identity,47,4,17.0.0
巢,11,巢,unihan:identity,47,8,17.0.0
工,3,工,unihan:identity,48,0,17.0.0
左,5,左,unihan:identity,48,2,17.0.0
巧,5,巧,unihan:identity,48,2,17.0.0
巨,5,巨,unihan:identity,48,2,17.0.0
巩,15,鞏,char-table:preferred-traditional+unihan:kTraditionalVariant,177,6,17.0.0
巫,7,巫,unihan:identity,48,4,17.0.0
差,10,差,unihan:identity,48,7,17.0.0
巯,13,巰,char-table:preferred-traditional+unihan:kTraditionalVariant,48,10,17.0.0
己,3,己,unihan:identity,49,0,17.0.0
已,3,已,unihan:identity,49,0,17.0.0
巳,3,巳,unihan:identity,49,0,17.0.0
巴,4,巴,unihan:identity,49,1,17.0.0
巷,9,巷,unihan:identity,49,6,17.0.0
巽,12,巽,unihan:identity,49,9,17.0.0
巾,3,巾,unihan:identity,50,0,17.0.0
币,15,幣,char-table:preferred-traditional+unihan:kTraditionalVariant,50,12,17.0.0
市,5,市,unihan:identity,50,2,17.0.0
布,5,布,unihan:identity,50,2,17.0.0
帅,9,帥,char-table:preferred-traditional+unihan:kTraditionalVariant,50,6,17.0.0
帆,6,帆,unihan:identity,50,3,17.0.0
师,10,師,char-table:preferred-traditional+unihan:kTraditionalVariant,50,7,17.0.0
希,7,希,unihan:identity,50,4,17.0.0
帏,12,幃,char-table:preferred-traditional+unihan:kTraditionalVariant,50,9,17.0.0
帐,11,帳,char-table:preferred-traditional+unihan:kTraditionalVariant,50,8,17.0.0
帑,8,帑,unihan:identity,50,5,17.0.0
帔,8,帔,unihan:identity,50,5,17.0.0
帕,8,帕,unihan:identity,50,5,17.0.0
帖,8,帖,unihan:identity,50,5,17.0.0
帘,19,簾,char-table:preferred-traditional+unihan:kTraditionalVariant,118,13,17.0.0
帙,8,帙,unihan:identity,50,5,17.0.0
帚,8,帚,unihan:identity,50,5,17.0.0
帛,8,帛,unihan:identity,50,5,17.0.0
帜,15,幟,char-table:preferred-traditional+unihan:kTraditionalVariant,50,12,17.0.0
帝,9,帝,unihan:identity,50,6,17.0.0
帡,9,帡,unihan:identity,50,6,17.0.0
带,11,帶,char-table:preferred-traditional+unihan:kTraditionalVariant,50,8,17.0.0
帧,12,幀,char-table:preferred-traditional+unihan:kTraditionalVariant,50,9,17.0.0
帨,10,帨,unihan:identity,50,7,17.0.0
席,10,席,unihan:identity,50,7,17.0.0
帮,17,幫,char-table:preferred-traditional+unihan:kTraditionalVariant,50,14,17.0.0
帱,17,幬,char-table:preferred-traditional+unihan:kTraditionalVariant,50,14,17.0.0
帷,11,帷,unihan:identity,50,8,17.0.0
常,11,常,unihan:identity,50,8,17.0.0
帻,14,幘,char-table:preferred-traditional+unihan:kTraditionalVariant,50,11,17.0.0
帼,14,幗,char-table:preferred-traditional+unihan:kTraditionalVariant,50,11,17.0.0
帽,12,帽,unihan:identity,50,9,17.0.0
幂,16,冪,unihan:kTraditionalVariant[17.0.0],14,14,17.0.0
幄,12,幄,unihan:identity,50,9,17.0.0
幅,12,幅,unihan:identity,50,9,17.0.0
幌,13,幌,unihan:identity,50,10,17.0.0
幔,14,幔,unihan:identity,50,11,17.0.0
幕,14,幕,unihan:identity,50,11,17.0.0
幖,14,幖,unihan:identity,50,11,17.0.0
幛,14,幛,unihan:identity,50,11,17.0.0
幞,15,幞,unihan:identity,50,12,17.0.0
幡,15,幡,unihan:identity,50,12,17.0.0
幢,15,幢,unihan:identity,50,12,17.0.0
幪,17,幪,unihan:identity,50,14,17.0.0
干,11,乾,char-table:preferred-traditional+unihan:kTraditionalVariant,5,10,17.0.0
平,5,平,unihan:identity,51,2,17.0.0
年,6,年,unihan:identity,51,3,17.0.0
并,8,並,unihan:kTraditionalVariant[17.0.0],1,7,17.0.0
幸,8,幸,unihan:identity,51,5,17.0.0
幺,3,幺,unihan:identity,52,0,17.0.0
幻,4,幻,unihan:identity,52,1,17.0.0
幼,5,幼,unihan:identity,52,2,17.0.0
幽,9,幽,unihan:identity,52,6,17.0.0
广,15,廣,char-table:preferred-traditional+unihan:kTraditionalVariant,53,12,17.0.0
庄,13,莊,char-table:preferred-traditional+unihan:kTraditionalVariant,140,7,17.0.0
庆,15,慶,char-table:preferred-traditional+unihan:kTraditionalVariant,61,11,17.0.0
庇,7,庇,unihan:identity,53,4,17.0.0
床,7,床,unihan:identity,53,4,17.0.0
庋,7,庋,unihan:identity,53,4,17.0.0
序,7,序,unihan:identity,53,4,17.0.0
庐,19,廬,char-table:preferred-traditional+unihan:kTraditionalVariant,53,16,17.0.0
庑,15,廡,char-table:preferred-traditional+unihan:kTraditionalVariant,53,12,17.0.0
库,10,庫,char-table:preferred-traditional+unihan:kTraditionalVariant,53,7,17.0.0
应,17,應,char-table:preferred-traditional+unihan:kTraditionalVariant,61,13,17.0.0
底,8,底,unihan:identity,53,5,17.0.0
庖,8,庖,unihan:identity,53,5,17.0.0
店,8,店,unihan:identity,53,5,17.0.0
庙,15,廟,char-table:preferred-traditional+unihan:kTraditionalVariant,53,12,17.0.0
庚,8,庚,unihan:identity,53,5,17.0.0
府,8,府,unihan:identity,53,5,17.0.0
庞,19,龐,char-table:preferred-traditional+unihan:kTraditionalVariant,212,3,17.0.0
废,15,廢,char-table:preferred-traditional+unihan:kTraditionalVariant,53,12,17.0.0
庠,9,庠,unihan:identity,53,6,17.0.0
庤,9,庤,unihan:identity,53,6,17.0.0
庥,9,庥,unihan:identity,53,6,17.0.0
度,9,度,unihan:identity,53,6,17.0.0
座,10,座,unihan:identity,53,7,17.0.0
庭,10,庭,unihan:identity,53,7,17.0.0
庱,11,庱,unihan:identity,53,8,17.0.0
庳,11,庳,unihan:identity,53,8,17.0.0
庵,11,庵,unihan:identity,53,8,17.0.0
庶,11,庶,unihan:identity,53,8,17.0.0
康,11,康,unihan:identity,53,8,17.0.0
庸,11,庸,unihan:identity,53,8,17.0.0
庹,11,庹,unihan:identity,53,8,17.0.0
庼,14,廎,char-table:preferred-traditional+unihan:kTraditionalVariant,53,11,17.0.0
庾,12,庾,unihan:identity,53,9,17.0.0
廆,13,廆,unihan:identity,53,10,17.0.0
廉,13,廉,unihan:identity,53,10,17.0.0
廊,12,廊,unihan:identity,53,9,17.0.0
廋,13,廋,unihan:identity,53,10,17.0.0
廑,14,廑,unihan:identity,53,11,17.0.0
廒,14,廒,unihan:identity,53,11,17.0.0
廓,14,廓,unihan:identity,53,11,17.0.0
廖,14,廖,unihan:identity,53,11,17.0.0
廙,15,廙,unihan:identity,53,12,17.0.0
廛,15,廛,unihan:identity,53,12,17.0.0
廨,16,廨,unihan:identity,53,13,17.0.0
廪,16,廩,unihan:kTraditionalVariant[17.0.0],53,13,17.0.0
延,7,延,unihan:identity,54,4,17.0.0
廷,7,廷,unihan:identity,54,4,17.0.0
建,9,建,unihan:identity,54,6,17.0.0
廿,4,廿,unihan:identity,55,1,17.0.0
开,12,開,char-table:preferred-traditional+unihan:kTraditionalVariant,169,4,17.0.0
弁,5,弁,unihan:identity,55,2,17.0.0
异,11,異,unihan:kTraditionalVariant[17.0.0],102,6,17.0.0
弃,12,棄,unihan:kTraditionalVariant[17.0.0],75,8,17.0.0
弄,7,弄,unihan:identity,55,4,17.0.0
弆,8,弆,unihan:identity,55,5,17.0.0
弇,9,弇,unihan:identity,55,6,17.0.0
弈,9,弈,unihan:identity,55,6,17.0.0
弊,15,弊,unihan:identity,55,12,17.0.0
弋,3,弋,unihan:identity,56,0,17.0.0
式,6,式,unihan:identity,56,3,17.0.0
弑,13,弒,unihan:kTraditionalVariant[17.0.0],56,10,17.0.0
弓,3,弓,unihan:identity,57,0,17.0.0
引,4,引,unihan:identity,57,1,17.0.0
弗,5,弗,unihan:identity,57,2,17.0.0
弘,5,弘,unihan:identity,57,2,17.0.0
弛,6,弛,unihan:identity,57,3,17.0.0
弟,7,弟,unihan:identity,57,4,17.0.0
张,11,張,char-table:preferred-traditional+unihan:kTraditionalVariant,57,8,17.0.0
弢,8,弢,unihan:identity,57,5,17.0.0
弥,17,彌,char-table:preferred-traditional+unihan:kTraditionalVariant,57,14,17.0.0
弦,8,弦,unihan:identity,57,5,17.0.0
弧,8,弧,unihan:identity,57,5,17.0.0
弨,8,弨,unihan:identity,57,5,17.0.0
弩,8,弩,unihan:identity,57,5,17.0.0
弭,9,弭,unihan:identity,57,6,17.0.0
弯,22,彎,char-table:preferred-traditional+unihan:kTraditionalVariant,57,19,17.0.0
弱,10,弱,unihan:identity,57,7,17.0.0
弶,11,弶,unihan:identity,57,8,17.0.0
弸,11,弸,unihan:identity,57,8,17.0.0
弹,15,彈,char-table:preferred-traditional+unihan:kTraditionalVariant,57,12,17.0.0
强,11,強,unihan:kTraditionalVariant[17.0.0],57,8,17.0.0
弼,12,弼,unihan:identity,57,9,17.0.0
彀,13,彀,unihan:identity,57,10,17.0.0
归,18,歸,char-table:preferred-traditional+unihan:kTraditionalVariant,77,14,17.0.0
当,13,當,char-table:preferred-traditional+unihan:kTraditionalVariant,102,8,17.0.0
录,16,録,char-table:preferred-traditional+unihan:kTraditionalVariant,167,8,17.0.0
彖,9,彖,unihan:identity,58,6,17.0.0
彗,11,彗,unihan:identity,58,8,17.0.0
彘,12,彘,unihan:identity,58,9,17.0.0
彝,18,彞,unihan:kTraditionalVariant[17.0.0],58,15,17.0.0
彟,26,彠,char-table:preferred-traditional+unihan:kTraditionalVariant,58,23,17.0.0
形,7,形,unihan:identity,59,4,17.0.0
彤,7,彤,unihan:identity,59,4,17.0.0
彦,9,彥,unihan:kTraditionalVariant[17.0.0],59,6,17.0.0
彧,10,彧,unihan:identity,59,7,17.0.0
彩,11,彩,unihan:identity,59,8,17.0.0
彪,11,彪,unihan:identity,59,8,17.0.0
彬,11,彬,unihan:identity,59,8,17.0.0
彭,12,彭,unihan:identity,59,9,17.0.0
彰,14,彰,unihan:identity,59,11,17.0.0
影,15,影,unihan:identity,59,12,17.0.0
彳,3,彳,unihan:identity,60,0,17.0.0
彷,7,彷,unihan:identity,60,4,17.0.0
役,7,役,unihan:identity,60,4,17.0.0
彻,15,徹,char-table:preferred-traditional+unihan:kTraditionalVariant,60,12,17.0.0
彼,8,彼,unihan:identity,60,5,17.0.0
往,8,往,unihan:identity,60,5,17.0.0
征,15,徵,char-table:preferred-traditional+unihan:kTraditionalVariant,60,12,17.0.0
徂,8,徂,unihan:identity,60,5,17.0.0
径,10,徑,char-table:preferred-traditional+unihan:kTraditionalVariant,60,7,17.0.0
待,9,待,unihan:identity,60,6,17.0.0
徇,9,徇,unihan:identity,60,6,17.0.0
很,9,很,unihan:identity,60,6,17.0.0
徉,9,徉,unihan:identity,60,6,17.0.0
徊,9,徊,unihan:identity,60,6,17.0.0
律,9,律,unihan:identity,60,6,17.0.0
徐,10,徐,unihan:identity,60,7,17.0.0
徒,10,徒,unihan:identity,60,7,17.0.0
徕,11,徠,char-table:preferred-traditional+unihan:kTraditionalVariant,60,8,17.0.0
得,11,得,unihan:identity,60,8,17.0.0
徘,11,徘,unihan:identity,60,8,17.0.0
徙,11,徙,unihan:identity,60,8,17.0.0
徛,11,徛,unihan:identity,60,8,17.0.0
徜,11,徜,unihan:identity,60,8,17.0.0
御,16,禦,char-table:preferred-traditional+unihan:kTraditionalVariant,113,11,17.0.0
徨,12,徨,unihan:identity,60,9,17.0.0
循,12,循,unihan:identity,60,9,17.0.0
徭,13,徭,unihan:identity,60,10,17.0.0
微,13,微,unihan:identity,60,10,17.0.0
徵,15,徵,unihan:identity,60,12,17.0.0
德,15,德,unihan:identity,60,12,17.0.0
徼,16,徼,unihan:identity,60,13,17.0.0
徽,17,徽,unihan:identity,60,14,17.0.0
心,4,心,unihan:identity,61,0,17.0.0
必,5,必,unihan:identity,61,1,17.0.0
忆,17,憶,char-table:preferred-traditional+unihan:kTraditionalVariant,61,13,17.0.0
忉,6,忉,unihan:identity,61,2,17.0.0
忌,7,忌,unihan:identity,61,3,17.0.0
忍,7,忍,unihan:identity,61,3,17.0.0
忏,21,懺,char-table:preferred-traditional+unihan:kTraditionalVariant,61,17,17.0.0
忐,7,忐,unihan:identity,61,3,17.0.0
忑,7,忑,unihan:identity,61,3,17.0.0
忒,7,忒,unihan:identity,61,3,17.0.0
忖,7,忖,unihan:identity,61,3,17.0.0
志,14,誌,unihan:kTraditionalVariant[17.0.0],149,7,17.0.0
忘,7,忘,unihan:identity,61,3,17.0.0
忙,7,忙,unihan:identity,61,3,17.0.0
忝,8,忝,unihan:identity,61,4,17.0.0
忞,8,忞,unihan:identity,61,4,17.0.0
忠,8,忠,unihan:identity,61,4,17.0.0
忡,8,忡,unihan:identity,61,4,17.0.0
忤,8,忤,unihan:identity,61,4,17.0.0
忧,15,憂,char-table:preferred-traditional+unihan:kTraditionalVariant,61,11,17.0.0
忪,8,忪,unihan:identity,61,4,17.0.0
快,8,快,unihan:identity,61,4,17.0.0
忭,8,忭,unihan:identity,61,4,17.0.0
忮,8,忮,unihan:identity,61,4,17.0.0
忱,8,忱,unihan:identity,61,4,17.0.0
忳,8,忳,unihan:identity,61,4,17.0.0
念,8,念,unihan:identity,61,4,17.0.0
忸,8,忸,unihan:identity,61,4,17.0.0
忺,8,忺,unihan:identity,61,4,17.0.0
忻,8,忻,unihan:identity,61,4,17.0.0
忽,8,忽,unihan:identity,61,4,17.0.0
忾,14,愾,char-table:preferred-traditional+unihan:kTraditionalVariant,61,10,17.0.0
忿,8,忿,unihan:identity,61,4,17.0.0
怀,20,懷,char-table:preferred-traditional+unihan:kTraditionalVariant,61,16,17.0.0
态,14,態,char-table:preferred-traditional+unihan:kTraditionalVariant,61,10,17.0.0
怂,15,慫,char-table:preferred-traditional+unihan:kTraditionalVariant,61,11,17.0.0
怃,16,憮,char-table:preferred-traditional+unihan:kTraditionalVariant,61,12,17.0.0
怄,15,慪,char-table:preferred-traditional+unihan:kTraditionalVariant,61,11,17.0.0
怅,12,悵,char-table:preferred-traditional+unihan:kTraditionalVariant,61,8,17.0.0
怆,14,愴,char-table:preferred-traditional+unihan:kTraditionalVariant,61,10,17.0.0
怊,9,怊,unihan:identity,61,5,17.0.0
怍,9,怍,unihan:identity,61,5,17.0.0
怎,9,怎,unihan:identity,61,5,17.0.0
怏,9,怏,unihan:identity,61,5,17.0.0
怒,9,怒,unihan:identity,61,5,17.0.0
怔,9,怔,unihan:identity,61,5,17.0.0
怕,9,怕,unihan:identity,61,5,17.0.0
怖,9,怖,unihan:identity,61,5,17.0.0
怙,9,怙,unihan:identity,61,5,17.0.0
怛,9,怛,unihan:identity,61,5,17.0.0
怜,16,憐,char-table:preferred-traditional+unihan:kTraditionalVariant,61,12,17.0.0
思,9,思,unihan:identity,61,5,17.0.0
怠,9,怠,unihan:identity,61,5,17.0.0
怡,9,怡,unihan:identity,61,5,17.0.0
急,9,急,unihan:identity,61,5,17.0.0
怦,9,怦,unihan:identity,61,5,17.0.0
性,9,性,unihan:identity,61,5,17.0.0
怨,9,怨,unihan:identity,61,5,17.0.0
怩,9,怩,unihan:identity,61,5,17.0.0
怪,9,怪,unihan:identity,61,5,17.0.0
怫,9,怫,unihan:identity,61,5,17.0.0
怯,9,怯,unihan:identity,61,5,17.0.0
怵,9,怵,unihan:identity,61,5,17.0.0
总,17,總,char-table:preferred-traditional+unihan:kTraditionalVariant,120,11,17.0.0
怼,18,懟,char-table:preferred-traditional+unihan:kTraditionalVariant,61,14,17.0.0
怿,17,懌,char-table:preferred-traditional+unihan:kTraditionalVariant,61,13,17.0.0
恁,10,恁,unihan:identity,61,6,17.0.0
恂,10,恂,unihan:identity,61,6,17.0.0
恃,10,恃,unihan:identity,61,6,17.0.0
恋,23,戀,char-table:preferred-traditional+unihan:kTraditionalVariant,61,19,17.0.0
恍,10,恍,unihan:identity,61,6,17.0.0
恐,10,恐,unihan:identity,61,6,17.0.0
恒,10,恆,unihan:kTraditionalVariant[17.0.0],61,6,17.0.0
恓,10,恓,unihan:identity,61,6,17.0.0
恔,10,恔,unihan:identity,61,6,17.0.0
恕,10,恕,unihan:identity,61,6,17.0.0
恙,10,恙,unihan:identity,61,6,17.0.0
恚,10,恚,unihan:identity,61,6,17.0.0
恝,10,恝,unihan:identity,61,6,17.0.0
恢,10,恢,unihan:identity,61,6,17.0.0
恣,10,恣,unihan:identity,61,6,17.0.0
恤,10,恤,unihan:identity,61,6,17.0.0
恧,10,恧,unihan:identity,61,6,17.0.0
恨,10,恨,unihan:identity,61,6,17.0.0
恩,10,恩,unihan:identity,61,6,17.0.0
恪,10,恪,unihan:identity,61,6,17.0.0
恫,10,恫,unihan:identity,61,6,17.0.0
恬,10,恬,unihan:identity,61,6,17.0.0
恭,10,恭,unihan:identity,61,6,17.0.0
息,10,息,unihan:identity,61,6,17.0.0
恰,10,恰,unihan:identity,61,6,17.0.0
恳,17,懇,char-table:preferred-traditional+unihan:kTraditionalVariant,61,13,17.0.0
恶,12,惡,char-table:preferred-traditional+unihan:kTraditionalVariant,61,8,17.0.0
恸,15,慟,char-table:preferred-traditional+unihan:kTraditionalVariant,61,11,17.0.0
恹,18,懨,char-table:preferred-traditional+unihan:kTraditionalVariant,61,14,17.0.0
恺,14,愷,char-table:preferred-traditional+unihan:kTraditionalVariant,61,10,17.0.0
恻,13,惻,char-table:preferred-traditional+unihan:kTraditionalVariant,61,9,17.0.0
恼,13,惱,char-table:preferred-traditional+unihan:kTraditionalVariant,61,9,17.0.0
恽,13,惲,char-table:preferred-traditional+unihan:kTraditionalVariant,61,9,17.0.0
恿,11,恿,unihan:identity,61,7,17.0.0
悃,11,悃,unihan:identity,61,7,17.0.0
悄,11,悄,unihan:identity,61,7,17.0.0
悆,11,悆,unihan:identity,61,7,17.0.0
悈,11,悈,unihan:identity,61,7,17.0.0
悉,11,悉,unihan:identity,61,7,17.0.0
悌,11,悌,unihan:identity,61,7,17.0.0
悍,11,悍,unihan:identity,61,7,17.0.0
悒,11,悒,unihan:identity,61,7,17.0.0
悔,11,悔,unihan:identity,61,7,17.0.0
悖,11,悖,unihan:identity,61,7,17.0.0
悚,11,悚,unihan:identity,61,7,17.0.0
悛,11,悛,unihan:identity,61,7,17.0.0
悝,11,悝,unihan:identity,61,7,17.0.0
悟,11,悟,unihan:identity,61,7,17.0.0
悠,11,悠,unihan:identity,61,7,17.0.0
悢,11,悢,unihan:identity,61,7,17.0.0
患,11,患,unihan:identity,61,7,17.0.0
悦,11,悅,unihan:kTraditionalVariant[17.0.0],61,7,17.0.0
您,11,您,unihan:identity,61,7,17.0.0
悫,15,慤,char-table:preferred-traditional+unihan:kTraditionalVariant,61,11,17.0.0
悬,20,懸,char-table:preferred-traditional+unihan:kTraditionalVariant,61,16,17.0.0
悭,15,慳,char-table:preferred-traditional+unihan:kTraditionalVariant,61,11,17.0.0
悯,16,憫,char-table:preferred-traditional+unihan:kTraditionalVariant,61,12,17.0.0
悰,12,悰,unihan:identity,61,8,17.0.0
悱,12,悱,unihan:identity,61,8,17.0.0
悲,12,悲,unihan:identity,61,8,17.0.0
悴,12,悴,unihan:identity,61,8,17.0.0
悸,12,悸,unihan:identity,61,8,17.0.0
悻,12,悻,unihan:identity,61,8,17.0.0
悼,12,悼,unihan:identity,61,8,17.0.0
情,12,情,unihan:identity,61,8,17.0.0
惆,12,惆,unihan:identity,61,8,17.0.0
惇,12,惇,unihan:identity,61,8,17.0.0
惊,23,驚,char-table:preferred-traditional+unihan:kTraditionalVariant,187,13,17.0.0
惋,12,惋,unihan:identity,61,8,17.0.0
惎,12,惎,unihan:identity,61,8,17.0.0
惑,12,惑,unihan:identity,61,8,17.0.0
惔,12,惔,unihan:identity,61,8,17.0.0
惕,12,惕,unihan:identity,61,8,17.0.0
惘,12,惘,unihan:identity,61,8,17.0.0
惙,12,惙,unihan:identity,61,8,17.0.0
惚,12,惚,unihan:identity,61,8,17.0.0
惛,12,惛,unihan:identity,61,8,17.0.0
惜,12,惜,unihan:identity,61,8,17.0.0
惝,12,惝,unihan:identity,61,8,17.0.0
惟,12,惟,unihan:identity,61,8,17.0.0
惠,12,惠,unihan:identity,61,8,17.0.0
惦,12,惦,unihan:identity,61,8,17.0.0
惧,22,懼,char-table:preferred-traditional+unihan:kTraditionalVariant,61,18,17.0.0
惨,15,慘,char-table:preferred-traditional+unihan:kTraditionalVariant,61,11,17.0.0
惩,19,懲,char-table:preferred-traditional+unihan:kTraditionalVariant,61,15,17.0.0
惫,16,憊,unihan:kTraditionalVariant[17.0.0],61,12,17.0.0
惬,13,愜,char-table:preferred-traditional+unihan:kTraditionalVariant,61,9,17.0.0
惭,15,慚,char-table:preferred-traditional+unihan:kTraditionalVariant,61,11,17.0.0
惮,16,憚,char-table:preferred-traditional+unihan:kTraditionalVariant,61,12,17.0.0
惯,15,慣,char-table:preferred-traditional+unihan:kTraditionalVariant,61,11,17.0.0
惰,13,惰,unihan:identity,61,9,17.0.0
想,13,想,unihan:identity,61,9,17.0.0
惴,13,惴,unihan:identity,61,9,17.0.0
惶,13,惶,unihan:identity,61,9,17.0.0
惹,13,惹,unihan:identity,61,9,17.0.0
惺,13,惺,unihan:identity,61,9,17.0.0
愀,13,愀,unihan:identity,61,9,17.0.0
愁,13,愁,unihan:identity,61,9,17.0.0
愃,13,愃,unihan:identity,61,9,17.0.0
愆,13,愆,unihan:identity,61,9,17.0.0
愈,13,愈,unihan:identity,61,9,17.0.0
愉,13,愉,unihan:identity,61,9,17.0.0
愍,13,愍,unihan:identity,61,9,17.0.0
愎,13,愎,unihan:identity,61,9,17.0.0
意,13,意,unihan:identity,61,9,17.0.0
愐,13,愐,unihan:identity,61,9,17.0.0
愔,13,愔,unihan:identity,61,9,17.0.0
愕,13,愕,unihan:identity,61,9,17.0.0
愚,13,愚,unihan:identity,61,9,17.0.0
感,13,感,unihan:identity,61,9,17.0.0
愠,14,慍,unihan:kTraditionalVariant[17.0.0],61,10,17.0.0
愣,13,愣,unihan:identity,61,9,17.0.0
愤,16,憤,char-table:preferred-traditional+unihan:kTraditionalVariant,61,12,17.0.0
愦,16,憒,char-table:preferred-traditional+unihan:kTraditionalVariant,61,12,17.0.0
愧,14,愧,unihan:identity,61,10,17.0.0
愫,14,愫,unihan:identity,61,10,17.0.0
愭,14,愭,unihan:identity,61,10,17.0.0
愿,19,願,char-table:preferred-traditional+unihan:kTraditionalVariant,181,10,17.0.0
慆,14,慆,unihan:identity,61,10,17.0.0
慈,14,慈,unihan:identity,61,10,17.0.0
慊,14,慊,unihan:identity,61,10,17.0.0
慌,14,慌,unihan:identity,61,10,17.0.0
慎,14,慎,unihan:identity,61,10,17.0.0
慑,22,懾,char-table:preferred-traditional+unihan:kTraditionalVariant,61,18,17.0.0
慕,15,慕,unihan:identity,61,11,17.0.0
慝,15,慝,unihan:identity,61,11,17.0.0
慢,15,慢,unihan:identity,61,11,17.0.0
慥,15,慥,unihan:identity,61,11,17.0.0
慧,15,慧,unihan:identity,61,11,17.0.0
慨,13,慨,unihan:identity,61,9,17.0.0
慬,15,慬,unihan:identity,61,11,17.0.0
慭,16,憖,char-table:preferred-traditional+unihan:kTraditionalVariant,61,12,17.0.0
慰,15,慰,unihan:identity,61,11,17.0.0
慵,15,慵,unihan:identity,61,11,17.0.0
慷,15,慷,unihan:identity,61,11,17.0.0
憋,16,憋,unihan:identity,61,12,17.0.0
憎,16,憎,unihan:identity,61,12,17.0.0
憔,16,憔,unihan:identity,61,12,17.0.0
憕,16,憕,unihan:identity,61,12,17.0.0
憙,16,憙,unihan:identity,61,12,17.0.0
憧,16,憧,unihan:identity,61,12,17.0.0
憨,16,憨,unihan:identity,61,12,17.0.0
憩,16,憩,unihan:identity,61,12,17.0.0
憬,16,憬,unihan:identity,61,12,17.0.0
憭,16,憭,unihan:identity,61,12,17.0.0
憷,17,憷,unihan:identity,61,13,17.0.0
憺,17,憺,unihan:identity,61,13,17.0.0
憾,17,憾,unihan:identity,61,13,17.0.0
懂,17,懂,unihan:identity,61,13,17.0.0
懈,17,懈,unihan:identity,61,13,17.0.0
懊,17,懊,unihan:identity,61,13,17.0.0
懋,17,懋,unihan:identity,61,13,17.0.0
懑,18,懣,char-table:preferred-traditional+unihan:kTraditionalVariant,61,14,17.0.0
懒,20,懶,char-table:preferred-traditional+unihan:kTraditionalVariant,61,16,17.0.0
懔,17,懍,unihan:kTraditionalVariant[17.0.0],61,13,17.0.0
懦,18,懦,unihan:identity,61,14,17.0.0
懵,20,懵,unihan:identity,61,16,17.0.0
懿,22,懿,unihan:identity,61,18,17.0.0
戆,28,戇,char-table:preferred-traditional+unihan:kTraditionalVariant,61,24,17.0.0
戈,4,戈,unihan:identity,62,0,17.0.0
戊,5,戊,unihan:identity,62,1,17.0.0
戋,8,戔,char-table:preferred-traditional+unihan:kTraditionalVariant,62,4,17.0.0
戌,6,戌,unihan:identity,62,2,17.0.0
戍,6,戍,unihan:identity,62,2,17.0.0
戎,6,戎,unihan:identity,62,2,17.0.0
戏,17,戲,char-table:preferred-traditional+unihan:kTraditionalVariant,62,13,17.0.0
成,6,成,unihan:identity,62,2,17.0.0
我,7,我,unihan:identity,62,3,17.0.0
戒,7,戒,unihan:identity,62,3,17.0.0
戕,8,戕,unihan:identity,62,4,17.0.0
或,8,或,unihan:identity,62,4,17.0.0
戗,14,戧,char-table:preferred-traditional+unihan:kTraditionalVariant,62,10,17.0.0
战,16,戰,char-table:preferred-traditional+unihan:kTraditionalVariant,62,12,17.0.0
戚,11,戚,unihan:identity,62,7,17.0.0
戛,11,戛,unihan:identity,62,7,17.0.0
戟,12,戟,unihan:identity,62,8,17.0.0
戡,13,戡,unihan:identity,62,9,17.0.0
戢,13,戢,unihan:identity,62,9,17.0.0
戣,13,戣,unihan:identity,62,9,17.0.0
戤,13,戤,unihan:identity,62,9,17.0.0
戥,13,戥,unihan:identity,62,9,17.0.0
截,14,截,unihan:identity,62,10,17.0.0
戬,14,戩,unihan:kTraditionalVariant[17.0.0],62,10,17.0.0
戭,15,戭,unihan:identity,62,11,17.0.0
戮,15,戮,unihan:identity,62,11,17.0.0
戳,18,戳,unihan:identity,62,14,17.0.0
戴,17,戴,unihan:identity,62,13,17.0.0
户,4,戶,unihan:kTraditionalVariant[17.0.0],63,0,17.0.0
戽,8,戽,unihan:identity,63,4,17.0.0
戾,8,戾,unihan:identity,63,4,17.0.0
房,8,房,unihan:identity,63,4,17.0.0
所,8,所,unihan:identity,63,4,17.0.0
扁,9,扁,unihan:identity,63,5,17.0.0
扂,9,扂,unihan:identity,63,5,17.0.0
扃,9,扃,unihan:identity,63,5,17.0.0
扅,10,扅,unihan:identity,63,6,17.0.0
扆,10,扆,unihan:identity,63,6,17.0.0
扇,10,扇,unihan:identity,63,6,17.0.0
扈,11,扈,unihan:identity,63,7,17.0.0
扉,12,扉,unihan:identity,63,8,17.0.0
扊,12,扊,unihan:identity,63,8,17.0.0
手,4,手,unihan:identity,64,0,17.0.0
才,23,纔,char-table:preferred-traditional+unihan:kTraditionalVariant,120,17,17.0.0
扎,5,扎,unihan:identity,64,1,17.0.0
扑,16,撲,char-table:preferred-traditional+unihan:kTraditionalVariant,64,12,17.0.0
扒,6,扒,unihan:identity,64,2,17.0.0
打,6,打,unihan:identity,64,2,17.0.0
扔,6,扔,unihan:identity,64,2,17.0.0
托,7,托,unihan:identity,64,3,17.0.0
扛,7,扛,unihan:identity,64,3,17.0.0
扞,7,扞,unihan:identity,64,3,17.0.0
扣,7,扣,unihan:identity,64,3,17.0.0
扦,7,扦,unihan:identity,64,3,17.0.0
执,11,執,char-table:preferred-traditional+unihan:kTraditionalVariant,32,8,17.0.0
扩,19,擴,char-table:preferred-traditional+unihan:kTraditionalVariant,64,15,17.0.0
扪,12,捫,char-table:preferred-traditional+unihan:kTraditionalVariant,64,8,17.0.0
扫,12,掃,char-table:preferred-traditional+unihan:kTraditionalVariant,64,8,17.0.0
扬,13,揚,char-table:preferred-traditional+unihan:kTraditionalVariant,64,9,17.0.0
扭,8,扭,unihan:identity,64,4,17.0.0
扮,8,扮,unihan:identity,64,4,17.0.0
扯,8,扯,unihan:identity,64,4,17.0.0
扰,19,擾,char-table:preferred-traditional+unihan:kTraditionalVariant,64,15,17.0.0
扳,8,扳,unihan:identity,64,4,17.0.0
扶,8,扶,unihan:identity,64,4,17.0.0
批,8,批,unihan:identity,64,4,17.0.0
扺,8,扺,unihan:identity,64,4,17.0.0
扼,8,扼,unihan:identity,64,4,17.0.0
扽,8,扽,unihan:identity,64,4,17.0.0
找,8,找,unihan:identity,64,4,17.0.0
承,8,承,unihan:identity,64,4,17.0.0
技,8,技,unihan:identity,64,4,17.0.0
抃,8,抃,unihan:identity,64,4,17.0.0
抄,8,抄,unihan:identity,64,4,17.0.0
抉,8,抉,unihan:identity,64,4,17.0.0
把,8,把,unihan:identity,64,4,17.0.0
抑,8,抑,unihan:identity,64,4,17.0.0
抒,8,抒,unihan:identity,64,4,17.0.0
抓,8,抓,unihan:identity,64,4,17.0.0
抔,8,抔,unihan:identity,64,4,17.0.0
投,8,投,unihan:identity,64,4,17.0.0
抖,8,抖,unihan:identity,64,4,17.0.0
抗,8,抗,unihan:identity,64,4,17.0.0
折,15,摺,char-table:preferred-traditional+unihan:kTraditionalVariant,64,11,17.0.0
抚,16,撫,char-table:preferred-traditional+unihan:kTraditionalVariant,64,12,17.0.0
抛,9,拋,unihan:kTraditionalVariant[17.0.0],64,5,17.0.0
抟,15,摶,char-table:preferred-traditional+unihan:kTraditionalVariant,64,11,17.0.0
抠,15,摳,char-table:preferred-traditional+unihan:kTraditionalVariant,64,11,17.0.0
抡,12,掄,char-table:preferred-traditional+unihan:kTraditionalVariant,64,8,17.0.0
抢,14,搶,char-table:preferred-traditional+unihan:kTraditionalVariant,64,10,17.0.0
护,21,護,char-table:preferred-traditional+unihan:kTraditionalVariant,149,14,17.0.0
报,12,報,char-table:preferred-traditional+unihan:kTraditionalVariant,32,9,17.0.0
抨,9,抨,unihan:identity,64,5,17.0.0
披,9,披,unihan:identity,64,5,17.0.0
抬,9,抬,unihan:identity,64,5,17.0.0
抱,9,抱,unihan:identity,64,5,17.0.0
抵,9,抵,unihan:identity,64,5,17.0.0
抹,9,抹,unihan:identity,64,5,17.0.0
抻,9,抻,unihan:identity,64,5,17.0.0
押,9,押,unihan:identity,64,5,17.0.0
抽,9,抽,unihan:identity,64,5,17.0.0
抿,9,抿,unihan:identity,64,5,17.0.0
拂,9,拂,unihan:identity,64,5,17.0.0
拃,9,拃,unihan:identity,64,5,17.0.0
拄,9,拄,unihan:identity,64,5,17.0.0
担,17,擔,char-table:preferred-traditional+unihan:kTraditionalVariant,64,13,17.0.0
拆,9,拆,unihan:identity,64,5,17.0.0
拇,9,拇,unihan:identity,64,5,17.0.0
拈,9,拈,unihan:identity,64,5,17.0.0
拉,9,拉,unihan:identity,64,5,17.0.0
拊,9,拊,unihan:identity,64,5,17.0.0
拌,9,拌,unihan:identity,64,5,17.0.0
拍,9,拍,unihan:identity,64,5,17.0.0
拎,9,拎,unihan:identity,64,5,17.0.0
拐,9,拐,unihan:identity,64,5,17.0.0
拒,9,拒,unihan:identity,64,5,17.0.0
拓,9,拓,unihan:identity,64,5,17.0.0
拔,9,拔,unihan:identity,64,5,17.0.0
拖,9,拖,unihan:identity,64,5,17.0.0
拗,9,拗,unihan:identity,64,5,17.0.0
拘,9,拘,unihan:identity,64,5,17.0.0
拙,9,拙,unihan:identity,64,5,17.0.0
招,9,招,unihan:identity,64,5,17.0.0
拜,9,拜,unihan:identity,64,5,17.0.0
拟,18,擬,char-table:preferred-traditional+unihan:kTraditionalVariant,64,14,17.0.0
拢,20,攏,char-table:preferred-traditional+unihan:kTraditionalVariant,64,16,17.0.0
拣,13,揀,char-table:preferred-traditional+unihan:kTraditionalVariant,64,9,17.0.0
拤,9,拤,unihan:identity,64,5,17.0.0
拥,17,擁,char-table:preferred-traditional+unihan:kTraditionalVariant,64,13,17.0.0
拦,21,攔,char-table:preferred-traditional+unihan:kTraditionalVariant,64,17,17.0.0
拧,18,擰,char-table:preferred-traditional+unihan:kTraditionalVariant,64,14,17.0.0
拨,16,撥,char-table:preferred-traditional+unihan:kTraditionalVariant,64,12,17.0.0
择,17,擇,char-table:preferred-traditional+unihan:kTraditionalVariant,64,13,17.0.0
括,10,括,unihan:identity,64,6,17.0.0
拭,10,拭,unihan:identity,64,6,17.0.0
拮,10,拮,unihan:identity,64,6,17.0.0
拯,10,拯,unihan:identity,64,6,17.0.0
拱,10,拱,unihan:identity,64,6,17.0.0
拳,10,拳,unihan:identity,64,6,17.0.0
拴,10,拴,unihan:identity,64,6,17.0.0
拶,10,拶,unihan:identity,64,6,17.0.0
拷,10,拷,unihan:identity,64,6,17.0.0
拼,10,拼,unihan:identity,64,6,17.0.0
拽,10,拽,unihan:identity,64,6,17.0.0
拾,10,拾,unihan:identity,64,6,17.0.0
拿,10,拿,unihan:identity,64,6,17.0.0
持,10,持,unihan:identity,64,6,17.0.0
挂,12,掛,unihan:kTraditionalVariant[17.0.0],64,8,17.0.0
指,10,指,unihan:identity,64,6,17.0.0
挈,10,挈,unihan:identity,64,6,17.0.0
按,10,按,unihan:identity,64,6,17.0.0
挎,10,挎,unihan:identity,64,6,17.0.0
挑,10,挑,unihan:identity,64,6,17.0.0
挓,10,挓,unihan:identity,64,6,17.0.0
挖,10,挖,unihan:identity,64,6,17.0.0
挚,15,摯,char-table:preferred-traditional+unihan:kTraditionalVariant,64,11,17.0.0
挛,23,攣,char-table:preferred-traditional+unihan:kTraditionalVariant,64,19,17.0.0
挝,17,撾,char-table:preferred-traditional+unihan:kTraditionalVariant,64,13,17.0.0
挞,17,撻,char-table:preferred-traditional+unihan:kTraditionalVariant,64,13,17.0.0
挟,11,挾,char-table:preferred-traditional+unihan:kTraditionalVariant,64,7,17.0.0
挠,16,撓,char-table:preferred-traditional+unihan:kTraditionalVariant,64,12,17.0.0
挡,17,擋,char-table:preferred-traditional+unihan:kTraditionalVariant,64,13,17.0.0
挣,12,掙,unihan:kTraditionalVariant[17.0.0],64,8,17.0.0
挤,18,擠,char-table:preferred-traditional+unihan:kTraditionalVariant,64,14,17.0.0
挥,13,揮,char-table:preferred-traditional+unihan:kTraditionalVariant,64,9,17.0.0
挦,16,撏,char-table:preferred-traditional+unihan:kTraditionalVariant,64,12,17.0.0
挨,11,挨,unihan:identity,64,7,17.0.0
挪,11,挪,unihan:identity,64,7,17.0.0
挫,11,挫,unihan:identity,64,7,17.0.0
振,11,振,unihan:identity,64,7,17.0.0
挲,11,挲,unihan:identity,64,7,17.0.0
挹,11,挹,unihan:identity,64,7,17.0.0
挺,11,挺,unihan:identity,64,7,17.0.0
挽,14,輓,unihan:kTraditionalVariant[17.0.0],159,7,17.0.0
捂,11,捂,unihan:identity,64,7,17.0.0
捃,11,捃,unihan:identity,64,7,17.0.0
捅,11,捅,unihan:identity,64,7,17.0.0
捆,11,捆,unihan:identity,64,7,17.0.0
捉,11,捉,unihan:identity,64,7,17.0.0
捋,11,捋,unihan:identity,64,7,17.0.0
捌,11,捌,unihan:identity,64,7,17.0.0
捍,11,捍,unihan:identity,64,7,17.0.0
捎,11,捎,unihan:identity,64,7,17.0.0
捏,11,捏,unihan:identity,64,7,17.0.0
捐,11,捐,unihan:identity,64,7,17.0.0
捕,11,捕,unihan:identity,64,7,17.0.0
捞,16,撈,char-table:preferred-traditional+unihan:kTraditionalVariant,64,12,17.0.0
损,14,損,char-table:preferred-traditional+unihan:kTraditionalVariant,64,10,17.0.0
捡,17,撿,char-table:preferred-traditional+unihan:kTraditionalVariant,64,13,17.0.0
换,13,換,unihan:kTraditionalVariant[17.0.0],64,9,17.0.0
捣,14,搗,char-table:preferred-traditional+unihan:kTraditionalVariant,64,10,17.0.0
捧,12,捧,unihan:identity,64,8,17.0.0
捩,12,捩,unihan:identity,64,8,17.0.0
捭,12,捭,unihan:identity,64,8,17.0.0
据,17,據,char-table:preferred-traditional+unihan:kTraditionalVariant,64,13,17.0.0
捯,12,捯,unihan:identity,64,8,17.0.0
捶,13,捶,unihan:identity,64,9,17.0.0
捷,12,捷,unihan:identity,64,8,17.0.0
捺,12,捺,unihan:identity,64,8,17.0.0
捻,12,捻,unihan:identity,64,8,17.0.0
捽,12,捽,unihan:identity,64,8,17.0.0
掀,12,掀,unihan:identity,64,8,17.0.0
掂,12,掂,unihan:identity,64,8,17.0.0
掇,12,掇,unihan:identity,64,8,17.0.0
授,12,授,unihan:identity,64,8,17.0.0
掉,12,掉,unihan:identity,64,8,17.0.0
掊,12,掊,unihan:identity,64,8,17.0.0
掌,12,掌,unihan:identity,64,8,17.0.0
掎,12,掎,unihan:identity,64,8,17.0.0
掏,12,掏,unihan:identity,64,8,17.0.0
掐,12,掐,unihan:identity,64,8,17.0.0
排,12,排,unihan:identity,64,8,17.0.0
掖,12,掖,unihan:identity,64,8,17.0.0
掘,12,掘,unihan:identity,64,8,17.0.0
掞,12,掞,unihan:identity,64,8,17.0.0
掠,12,掠,unihan:identity,64,8,17.0.0
探,12,探,unihan:identity,64,8,17.0.0
掣,12,掣,unihan:identity,64,8,17.0.0
接,12,接,unihan:identity,64,8,17.0.0
控,12,控,unihan:identity,64,8,17.0.0
推,12,推,unihan:identity,64,8,17.0.0
掩,12,掩,unihan:identity,64,8,17.0.0
措,12,措,unihan:identity,64,8,17.0.0
掬,12,掬,unihan:identity,64,8,17.0.0
掭,12,掭,unihan:identity,64,8,17.0.0
掮,12,掮,unihan:identity,64,8,17.0.0
掰,12,掰,unihan:identity,64,8,17.0.0
掳,17,擄,char-table:preferred-traditional+unihan:kTraditionalVariant,64,13,17.0.0
掴,15,摑,char-table:preferred-traditional+unihan:kTraditionalVariant,64,11,17.0.0
掷,19,擲,char-table:preferred-traditional+unihan:kTraditionalVariant,64,15,17.0.0
掸,16,撣,char-table:preferred-traditional+unihan:kTraditionalVariant,64,12,17.0.0
掺,15,摻,char-table:preferred-traditional+unihan:kTraditionalVariant,64,11,17.0.0
掼,15,摜,char-table:preferred-traditional+unihan:kTraditionalVariant,64,11,17.0.0
掾,13,掾,unihan:identity,64,9,17.0.0
揄,13,揄,unihan:identity,64,9,17.0.0
揆,13,揆,unihan:identity,64,9,17.0.0
揉,13,揉,unihan:identity,64,9,17.0.0
揍,13,揍,unihan:identity,64,9,17.0.0
描,13,描,unihan:identity,64,9,17.0.0
提,13,提,unihan:identity,64,9,17.0.0
插,13,插,unihan:identity,64,9,17.0.0
揕,13,揕,unihan:identity,64,9,17.0.0
揖,13,揖,unihan:identity,64,9,17.0.0
揠,13,揠,unihan:identity,64,9,17.0.0
握,13,握,unihan:identity,64,9,17.0.0
揣,13,揣,unihan:identity,64,9,17.0.0
揩,13,揩,unihan:identity,64,9,17.0.0
揪,13,揪,unihan:identity,64,9,17.0.0
揭,13,揭,unihan:identity,64,9,17.0.0
揳,13,揳,unihan:identity,64,9,17.0.0
援,13,援,unihan:identity,64,9,17.0.0
揶,13,揶,unihan:identity,64,9,17.0.0
揸,13,揸,unihan:identity,64,9,17.0.0
揽,25,攬,char-table:preferred-traditional+unihan:kTraditionalVariant,64,21,17.0.0
揿,16,撳,char-table:preferred-traditional+unihan:kTraditionalVariant,64,12,17.0.0
搀,21,攙,char-table:preferred-traditional+unihan:kTraditionalVariant,64,17,17.0.0
搁,18,擱,char-table:preferred-traditional+unihan:kTraditionalVariant,64,14,17.0.0
搂,15,摟,char-table:preferred-traditional+unihan:kTraditionalVariant,64,11,17.0.0
搅,24,攪,char-table:preferred-traditional+unihan:kTraditionalVariant,64,20,17.0.0
搋,14,搋,unihan:identity,64,10,17.0.0
搌,14,搌,unihan:identity,64,10,17.0.0
搏,14,搏,unihan:identity,64,10,17.0.0
搐,14,搐,unihan:identity,64,10,17.0.0
搒,14,搒,unihan:identity,64,10,17.0.0
搓,14,搓,unihan:identity,64,10,17.0.0
搔,14,搔,unihan:identity,64,10,17.0.0
搛,14,搛,unihan:identity,64,10,17.0.0
搜,13,搜,unihan:identity,64,9,17.0.0
搞,14,搞,unihan:identity,64,10,17.0.0
搠,14,搠,unihan:identity,64,10,17.0.0
搡,14,搡,unihan:identity,64,10,17.0.0
搦,14,搦,unihan:identity,64,10,17.0.0
搪,14,搪,unihan:identity,64,10,17.0.0
搬,14,搬,unihan:identity,64,10,17.0.0
搭,14,搭,unihan:identity,64,10,17.0.0
搴,14,搴,unihan:identity,64,10,17.0.0
携,22,攜,unihan:kTraditionalVariant[17.0.0],64,18,17.0.0
搽,14,搽,unihan:identity,64,10,17.0.0
摁,14,摁,unihan:identity,64,10,17.0.0
摄,22,攝,char-table:preferred-traditional+unihan:kTraditionalVariant,64,18,17.0.0
摅,19,攄,char-table:preferred-traditional+unihan:kTraditionalVariant,64,15,17.0.0
摆,19,擺,char-table:preferred-traditional+unihan:kTraditionalVariant,64,15,17.0.0
摇,14,搖,unihan:kTraditionalVariant[17.0.0],64,10,17.0.0
摈,18,擯,char-table:preferred-traditional+unihan:kTraditionalVariant,64,14,17.0.0
摊,23,攤,char-table:preferred-traditional+unihan:kTraditionalVariant,64,19,17.0.0
摏,15,摏,unihan:identity,64,11,17.0.0
摒,15,摒,unihan:identity,64,11,17.0.0
摔,15,摔,unihan:identity,64,11,17.0.0
摘,15,摘,unihan:identity,64,11,17.0.0
摛,15,摛,unihan:identity,64,11,17.0.0
摞,15,摞,unihan:identity,64,11,17.0.0
摧,15,摧,unihan:identity,64,11,17.0.0
摩,15,摩,unihan:identity,64,11,17.0.0
摭,15,摭,unihan:identity,64,11,17.0.0
摴,15,摴,unihan:identity,64,11,17.0.0
摸,15,摸,unihan:identity,64,11,17.0.0
摹,15,摹,unihan:identity,64,11,17.0.0
摽,15,摽,unihan:identity,64,11,17.0.0
撂,15,撂,unihan:identity,64,11,17.0.0
撄,21,攖,char-table:preferred-traditional+unihan:kTraditionalVariant,64,17,17.0.0
撅,16,撅,unihan:identity,64,12,17.0.0
撇,15,撇,unihan:identity,64,11,17.0.0
撑,16,撐,unihan:kTraditionalVariant[17.0.0],64,12,17.0.0
撒,16,撒,unihan:identity,64,12,17.0.0
撕,16,撕,unihan:identity,64,12,17.0.0
撖,16,撖,unihan:identity,64,12,17.0.0
撙,16,撙,unihan:identity,64,12,17.0.0
撞,16,撞,unihan:identity,64,12,17.0.0
撤,16,撤,unihan:identity,64,12,17.0.0
撩,16,撩,unihan:identity,64,12,17.0.0
撬,16,撬,unihan:identity,64,12,17.0.0
播,16,播,unihan:identity,64,12,17.0.0
撮,16,撮,unihan:identity,64,12,17.0.0
撰,16,撰,unihan:identity,64,12,17.0.0
撵,19,攆,char-table:preferred-traditional+unihan:kTraditionalVariant,64,15,17.0.0
撷,19,擷,char-table:preferred-traditional+unihan:kTraditionalVariant,64,15,17.0.0
撸,19,擼,char-table:preferred-traditional+unihan:kTraditionalVariant,64,15,17.0.0
撺,22,攛,char-table:preferred-traditional+unihan:kTraditionalVariant,64,18,17.0.0
撼,17,撼,unihan:identity,64,13,17.0.0
擀,17,擀,unihan:identity,64,13,17.0.0
擂,17,擂,unihan:identity,64,13,17.0.0
擅,17,擅,unihan:identity,64,13,17.0.0
操,17,操,unihan:identity,64,13,17.0.0
擎,17,擎,unihan:identity,64,13,17.0.0
擐,17,擐,unihan:identity,64,13,17.0.0
擒,17,擒,unihan:identity,64,13,17.0.0
擘,17,擘,unihan:identity,64,13,17.0.0
擞,19,擻,char-table:preferred-traditional+unihan:kTraditionalVariant,64,15,17.0.0
擢,18,擢,unihan:identity,64,14,17.0.0
擤,18,擤,unihan:identity,64,14,17.0.0
擦,18,擦,unihan:identity,64,14,17.0.0
擿,19,擿,unihan:identity,64,15,17.0.0
攀,19,攀,unihan:identity,64,15,17.0.0
攉,20,攉,unihan:identity,64,16,17.0.0
攒,23,攢,char-table:preferred-traditional+unihan:kTraditionalVariant,64,19,17.0.0
攘,21,攘,unihan:identity,64,17,17.0.0
攥,24,攥,unihan:identity,64,20,17.0.0
攫,24,攫,unihan:identity,64,20,17.0.0
攮,26,攮,unihan:identity,64,22,17.0.0
支,4,支,unihan:identity,65,0,17.0.0
收,6,收,unihan:identity,66,2,17.0.0
攸,7,攸,unihan:identity,66,3,17.0.0
改,7,改,unihan:identity,66,3,17.0.0
攻,7,攻,unihan:identity,66,3,17.0.0
攽,8,攽,unihan:identity,66,4,17.0.0
放,8,放,unihan:identity,66,4,17.0.0
政,8,政,unihan:identity,66,4,17.0.0
故,9,故,unihan:identity,66,5,17.0.0
效,10,效,unihan:identity,66,6,17.0.0
敉,10,敉,unihan:identity,66,6,17.0.0
敌,15,敵,char-table:preferred-traditional+unihan:kTraditionalVariant,66,11,17.0.0
敏,11,敏,unihan:identity,66,7,17.0.0
救,11,救,unihan:identity,66,7,17.0.0
敔,11,敔,unihan:identity,66,7,17.0.0
敕,11,敕,unihan:identity,66,7,17.0.0
敖,11,敖,unihan:identity,66,7,17.0.0
教,11,教,unihan:identity,66,7,17.0.0
敛,17,斂,char-table:preferred-traditional+unihan:kTraditionalVariant,66,13,17.0.0
敝,12,敝,unihan:identity,66,8,17.0.0
敞,12,敞,unihan:identity,66,8,17.0.0
敢,12,敢,unihan:identity,66,8,17.0.0
散,12,散,unihan:identity,66,8,17.0.0
敦,12,敦,unihan:identity,66,8,17.0.0
敩,20,斆,char-table:preferred-traditional+unihan:kTraditionalVariant,66,16,17.0.0
敫,13,敫,unihan:identity,66,9,17.0.0
敬,13,敬,unihan:identity,66,9,17.0.0
数,15,數,char-table:preferred-traditional+unihan:kTraditionalVariant,66,11,17.0.0
敲,14,敲,unihan:identity,66,10,17.0.0
整,15,整,unihan:identity,66,11,17.0.0
敷,15,敷,unihan:identity,66,11,17.0.0
文,4,文,unihan:identity,67,0,17.0.0
斋,17,齋,char-table:preferred-traditional+unihan:kTraditionalVariant,210,3,17.0.0
斌,11,斌,unihan:identity,67,7,17.0.0
斐,12,斐,unihan:identity,67,8,17.0.0
斑,12,斑,unihan:identity,67,8,17.0.0
斓,21,斕,char-table:preferred-traditional+unihan:kTraditionalVariant,67,17,17.0.0
斗,10,鬥,char-table:preferred-traditional+unihan:kTraditionalVariant,191,0,17.0.0
料,10,料,unihan:identity,68,6,17.0.0
斛,11,斛,unihan:identity,68,7,17.0.0
斜,11,斜,unihan:identity,68,7,17.0.0
斝,12,斝,unihan:identity,68,8,17.0.0
斟,13,斟,unihan:identity,68,9,17.0.0
斠,14,斠,unihan:identity,68,10,17.0.0
斡,14,斡,unihan:identity,68,10,17.0.0
斤,4,斤,unihan:identity,69,0,17.0.0
斥,5,斥,unihan:identity,69,1,17.0.0
斧,8,斧,unihan:identity,69,4,17.0.0
斩,11,斬,char-table:preferred-traditional+unihan:kTraditionalVariant,69,7,17.0.0
斫,9,斫,unihan:identity,69,5,17.0.0
断,18,斷,char-table:preferred-traditional+unihan:kTraditionalVariant,69,14,17.0.0
斯,12,斯,unihan:identity,69,8,17.0.0
新,13,新,unihan:identity,69,9,17.0.0
斶,17,斶,unihan:identity,69,13,17.0.0
方,4,方,unihan:identity,70,0,17.0.0
於,8,於,unihan:identity,70,4,17.0.0
施,9,施,unihan:identity,70,5,17.0.0
旁,10,旁,unihan:identity,70,6,17.0.0
旃,10,旃,unihan:identity,70,6,17.0.0
旄,10,旄,unihan:identity,70,6,17.0.0
旅,10,旅,unihan:identity,70,6,17.0.0
旆,10,旆,unihan:identity,70,6,17.0.0
旋,19,鏇,char-table:preferred-traditional+unihan:kTraditionalVariant,167,11,17.0.0
旌,11,旌,unihan:identity,70,7,17.0.0
旎,11,旎,unihan:identity,70,7,17.0.0
族,11,族,unihan:identity,70,7,17.0.0
旐,12,旐,unihan:identity,70,8,17.0.0
旒,13,旒,unihan:identity,70,9,17.0.0
旖,14,旖,unihan:identity,70,10,17.0.0
旗,14,旗,unihan:identity,70,10,17.0.0
旞,19,旞,unihan:identity,70,15,17.0.0
无,12,無,char-table:preferred-traditional+unihan:kTraditionalVariant,86,8,17.0.0
既,9,既,unihan:identity,71,5,17.0.0
日,4,日,unihan:identity,72,0,17.0.0
旦,5,旦,unihan:identity,72,1,17.0.0
旧,18,舊,char-table:preferred-traditional+unihan:kTraditionalVariant,134,12,17.0.0
旨,6,旨,unihan:identity,72,2,17.0.0
早,6,早,unihan:identity,72,2,17.0.0
旬,6,旬,unihan:identity,72,2,17.0.0
旭,6,旭,unihan:identity,72,2,17.0.0
旮,6,旮,unihan:identity,72,2,17.0.0
旯,6,旯,unihan:identity,72,2,17.0.0
旰,7,旰,unihan:identity,72,3,17.0.0
旱,7,旱,unihan:identity,72,3,17.0.0
旴,7,旴,unihan:identity,72,3,17.0.0
旵,7,旵,unihan:identity,72,3,17.0.0
时,10,時,char-table:preferred-traditional+unihan:kTraditionalVariant,72,6,17.0.0
旷,19,曠,char-table:preferred-traditional+unihan:kTraditionalVariant,72,15,17.0.0
旸,13,暘,char-table:preferred-traditional+unihan:kTraditionalVariant,72,9,17.0.0
旺,8,旺,unihan:identity,72,4,17.0.0
旻,8,旻,unihan:identity,72,4,17.0.0
旿,8,旿,unihan:identity,72,4,17.0.0
昀,8,昀,unihan:identity,72,4,17.0.0
昂,8,昂,unihan:identity,72,4,17.0.0
昃,8,昃,unihan:identity,72,4,17.0.0
昄,8,昄,unihan:identity,72,4,17.0.0
昆,8,昆,unihan:identity,72,4,17.0.0
昇,8,昇,unihan:identity,72,4,17.0.0
昈,8,昈,unihan:identity,72,4,17.0.0
昉,8,昉,unihan:identity,72,4,17.0.0
昊,8,昊,unihan:identity,72,4,17.0.0
昌,8,昌,unihan:identity,72,4,17.0.0
明,8,明,unihan:identity,72,4,17.0.0
昏,8,昏,unihan:identity,72,4,17.0.0
昒,8,昒,unihan:identity,72,4,17.0.0
易,8,易,unihan:identity,72,4,17.0.0
昔,8,昔,unihan:identity,72,4,17.0.0
昕,8,昕,unihan:identity,72,4,17.0.0
昙,16,曇,char-table:preferred-traditional+unihan:kTraditionalVariant,72,12,17.0.0
昝,9,昝,unihan:identity,72,5,17.0.0
星,9,星,unihan:identity,72,5,17.0.0
映,9,映,unihan:identity,72,5,17.0.0
昡,9,昡,unihan:identity,72,5,17.0.0
昣,9,昣,unihan:identity,72,5,17.0.0
昤,9,昤,unihan:identity,72,5,17.0.0
春,9,春,unihan:identity,72,5,17.0.0
昧,9,昧,unihan:identity,72,5,17.0.0
昨,9,昨,unihan:identity,72,5,17.0.0
昪,9,昪,unihan:identity,72,5,17.0.0
昫,9,昫,unihan:identity,72,5,17.0.0
昭,9,昭,unihan:identity,72,5,17.0.0
是,9,是,unihan:identity,72,5,17.0.0
昱,9,昱,unihan:identity,72,5,17.0.0
昳,9,昳,unihan:identity,72,5,17.0.0
昴,9,昴,unihan:identity,72,5,17.0.0
昵,9,昵,unihan:identity,72,5,17.0.0
昶,9,昶,unihan:identity,72,5,17.0.0
昺,9,昺,unihan:identity,72,5,17.0.0
昼,11,晝,char-table:preferred-traditional+unihan:kTraditionalVariant,72,7,17.0.0
昽,20,曨,char-table:preferred-traditional+unihan:kTraditionalVariant,72,16,17.0.0
显,23,顯,char-table:preferred-traditional+unihan:kTraditionalVariant,181,14,17.0.0
晁,10,晁,unihan:identity,72,6,17.0.0
晃,10,晃,unihan:identity,72,6,17.0.0
晅,10,晅,unihan:identity,72,6,17.0.0
晊,10,晊,unihan:identity,72,6,17.0.0
晋,10,晉,unihan:kTraditionalVariant[17.0.0],72,6,17.0.0
晌,10,晌,unihan:identity,72,6,17.0.0
晏,10,晏,unihan:identity,72,6,17.0.0
晐,10,晐,unihan:identity,72,6,17.0.0
晒,23,曬,char-table:preferred-traditional+unihan:kTraditionalVariant,72,19,17.0.0
晓,16,曉,char-table:preferred-traditional+unihan:kTraditionalVariant,72,12,17.0.0
晔,16,曄,char-table:preferred-traditional+unihan:kTraditionalVariant,72,12,17.0.0
晕,13,暈,char-table:preferred-traditional+unihan:kTraditionalVariant,72,9,17.0.0
晖,13,暉,char-table:preferred-traditional+unihan:kTraditionalVariant,72,9,17.0.0
晗,11,晗,unihan:identity,72,7,17.0.0
晙,11,晙,unihan:identity,72,7,17.0.0
晚,11,晚,unihan:identity,72,7,17.0.0
晞,11,晞,unihan:identity,72,7,17.0.0
晟,11,晟,unihan:identity,72,7,17.0.0
晡,11,晡,unihan:identity,72,7,17.0.0
晢,11,晢,unihan:identity,72,7,17.0.0
晤,11,晤,unihan:identity,72,7,17.0.0
晦,11,晦,unihan:identity,72,7,17.0.0
晨,11,晨,unihan:identity,72,7,17.0.0
晪,12,晪,unihan:identity,72,8,17.0.0
晫,12,晫,unihan:identity,72,8,17.0.0
普,12,普,unihan:identity,72,8,17.0.0
景,12,景,unihan:identity,72,8,17.0.0
晰,12,晰,unihan:identity,72,8,17.0.0
晱,12,晱,unihan:identity,72,8,17.0.0
晴,12,晴,unihan:identity,72,8,17.0.0
晶,12,晶,unihan:identity,72,8,17.0.0
晷,12,晷,unihan:identity,72,8,17.0.0
智,12,智,unihan:identity,72,8,17.0.0
晾,12,晾,unihan:identity,72,8,17.0.0
暂,15,暫,char-table:preferred-traditional+unihan:kTraditionalVariant,72,11,17.0.0
暄,13,暄,unihan:identity,72,9,17.0.0
暅,13,𣈶,unihan:kTraditionalVariant[17.0.0],72,9,17.0.0
暇,13,暇,unihan:identity,72,9,17.0.0
暌,13,暌,unihan:identity,72,9,17.0.0
暑,12,暑,unihan:identity,72,8,17.0.0
暕,13,暕,unihan:identity,72,9,17.0.0
暖,13,暖,unihan:identity,72,9,17.0.0
暗,13,暗,unihan:identity,72,9,17.0.0
暝,14,暝,unihan:identity,72,10,17.0.0
暧,17,曖,char-table:preferred-traditional+unihan:kTraditionalVariant,72,13,17.0.0
暨,14,暨,unihan:identity,72,10,17.0.0
暮,15,暮,unihan:identity,72,11,17.0.0
暲,15,暲,unihan:identity,72,11,17.0.0
暴,15,暴,unihan:identity,72,11,17.0.0
暵,15,暵,unihan:identity,72,11,17.0.0
暶,15,暶,unihan:identity,72,11,17.0.0
暹,16,暹,unihan:identity,72,12,17.0.0
暾,16,暾,unihan:identity,72,12,17.0.0
暿,16,暿,unihan:identity,72,12,17.0.0
曈,16,曈,unihan:identity,72,12,17.0.0
曌,16,曌,unihan:identity,72,12,17.0.0
曙,18,曙,unihan:identity,72,14,17.0.0
曛,18,曛,unihan:identity,72,14,17.0.0
曜,18,曜,unihan:identity,72,14,17.0.0
曝,19,曝,unihan:identity,72,15,17.0.0
曦,20,曦,unihan:identity,72,16,17.0.0
曩,21,曩,unihan:identity,72,17,17.0.0
曰,4,曰,unihan:identity,73,0,17.0.0
曲,17,麯,char-table:preferred-traditional+unihan:kTraditionalVariant,199,6,17.0.0
曳,6,曳,unihan:identity,73,2,17.0.0
更,7,更,unihan:identity,73,3,17.0.0
曷,9,曷,unihan:identity,73,5,17.0.0
曹,11,曹,unihan:identity,73,7,17.0.0
曼,11,曼,unihan:identity,73,7,17.0.0
曾,12,曾,unihan:identity,73,8,17.0.0
替,12,替,unihan:identity,73,8,17.0.0
最,12,最,unihan:identity,73,8,17.0.0
月,4,月,unihan:identity,74,0,17.0.0
有,6,有,unihan:identity,74,2,17.0.0
朋,8,朋,unihan:identity,74,4,17.0.0
服,8,服,unihan:identity,74,4,17.0.0
朏,9,朏,unihan:identity,74,5,17.0.0
朐,9,朐,unihan:identity,74,5,17.0.0
朓,10,朓,unihan:identity,74,6,17.0.0
朔,10,朔,unihan:identity,74,6,17.0.0
朕,10,朕,unihan:identity,74,6,17.0.0
朗,11,朗,unihan:identity,74,7,17.0.0
望,11,望,unihan:identity,74,7,17.0.0
朝,12,朝,unihan:identity,74,8,17.0.0
期,12,期,unihan:identity,74,8,17.0.0
朦,18,朦,unihan:identity,74,14,17.0.0
木,4,木,unihan:identity,75,0,17.0.0
未,5,未,unihan:identity,75,1,17.0.0
末,5,末,unihan:identity,75,1,17.0.0
本,5,本,unihan:identity,75,1,17.0.0
札,5,札,unihan:identity,75,1,17.0.0
术,11,術,char-table:preferred-traditional+unihan:kTraditionalVariant,144,5,17.0.0
朱,11,硃,char-table:preferred-traditional+unihan:kTraditionalVariant,112,6,17.0.0
朳,6,朳,unihan:identity,75,2,17.0.0
朴,16,樸,char-table:preferred-traditional+unihan:kTraditionalVariant,75,12,17.0.0
朵,6,朵,unihan:identity,75,2,17.0.0
朸,6,朸,unihan:identity,75,2,17.0.0
机,16,機,char-table:preferred-traditional+unihan:kTraditionalVariant,75,12,17.0.0
朽,6,朽,unihan:identity,75,2,17.0.0
杀,11,殺,char-table:preferred-traditional+unihan:kTraditionalVariant,79,7,17.0.0
杂,18,雜,char-table:preferred-traditional+unihan:kTraditionalVariant,172,10,17.0.0
权,22,權,char-table:preferred-traditional+unihan:kTraditionalVariant,75,18,17.0.0
杄,7,杄,unihan:identity,75,3,17.0.0
杆,11,桿,unihan:kTraditionalVariant[17.0.0],75,7,17.0.0
杈,7,杈,unihan:identity,75,3,17.0.0
杉,7,杉,unihan:identity,75,3,17.0.0
杌,7,杌,unihan:identity,75,3,17.0.0
李,7,李,unihan:identity,75,3,17.0.0
杏,7,杏,unihan:identity,75,3,17.0.0
材,7,材,unihan:identity,75,3,17.0.0
村,7,村,unihan:identity,75,3,17.0.0
杓,7,杓,unihan:identity,75,3,17.0.0
杕,7,杕,unihan:identity,75,3,17.0.0
杖,7,杖,unihan:identity,75,3,17.0.0
杙,7,杙,unihan:identity,75,3,17.0.0
杜,7,杜,unihan:identity,75,3,17.0.0
杞,7,杞,unihan:identity,75,3,17.0.0
束,7,束,unihan:identity,75,3,17.0.0
杠,7,杠,unihan:identity,75,3,17.0.0
条,11,條,char-table:preferred-traditional+unihan:kTraditionalVariant,75,7,17.0.0
来,8,來,char-table:preferred-traditional+unihan:kTraditionalVariant,9,6,17.0.0
杧,7,杧,unihan:identity,75,3,17.0.0
杨,13,楊,char-table:preferred-traditional+unihan:kTraditionalVariant,75,9,17.0.0
杩,14,榪,char-table:preferred-traditional+unihan:kTraditionalVariant,75,10,17.0.0
杪,8,杪,unihan:identity,75,4,17.0.0
杭,8,杭,unihan:identity,75,4,17.0.0
杯,8,杯,unihan:identity,75,4,17.0.0
杰,12,傑,unihan:kTraditionalVariant[17.0.0],9,10,17.0.0
杲,8,杲,unihan:identity,75,4,17.0.0
杳,8,杳,unihan:identity,75,4,17.0.0
杵,8,杵,unihan:identity,75,4,17.0.0
杷,8,杷,unihan:identity,75,4,17.0.0
杻,8,杻,unihan:identity,75,4,17.0.0
杼,8,杼,unihan:identity,75,4,17.0.0
松,18,鬆,char-table:preferred-traditional+unihan:kTraditionalVariant,190,8,17.0.0
板,17,闆,char-table:preferred-traditional+unihan:kTraditionalVariant,169,9,17.0.0
极,13,極,char-table:preferred-traditional+unihan:kTraditionalVariant,75,9,17.0.0
构,14,構,char-table:preferred-traditional+unihan:kTraditionalVariant,75,10,17.0.0
枅,8,枅,unihan:identity,75,4,17.0.0
枇,8,枇,unihan:identity,75,4,17.0.0
枉,8,枉,unihan:identity,75,4,17.0.0
枋,8,枋,unihan:identity,75,4,17.0.0
枍,8,枍,unihan:identity,75,4,17.0.0
析,8,析,unihan:identity,75,4,17.0.0
枕,8,枕,unihan:identity,75,4,17.0.0
林,8,林,unihan:identity,75,4,17.0.0
枘,8,枘,unihan:identity,75,4,17.0.0
枚,8,枚,unihan:identity,75,4,17.0.0
果,8,果,unihan:identity,75,4,17.0.0
枝,8,枝,unihan:identity,75,4,17.0.0
枞,15,樅,char-table:preferred-traditional+unihan:kTraditionalVariant,75,11,17.0.0
枢,15,樞,char-table:preferred-traditional+unihan:kTraditionalVariant,75,11,17.0.0
枣,12,棗,char-table:preferred-traditional+unihan:kTraditionalVariant,75,8,17.0.0
枥,20,櫪,char-table:preferred-traditional+unihan:kTraditionalVariant,75,16,17.0.0
枧,11,梘,char-table:preferred-traditional+unihan:kTraditionalVariant,75,7,17.0.0
枨,12,棖,char-table:preferred-traditional+unihan:kTraditionalVariant,75,8,17.0.0
枪,14,槍,char-table:preferred-traditional+unihan:kTraditionalVariant,75,10,17.0.0
枫,13,楓,char-table:preferred-traditional+unihan:kTraditionalVariant,75,9,17.0.0
枭,11,梟,char-table:preferred-traditional+unihan:kTraditionalVariant,75,7,17.0.0
枯,9,枯,unihan:identity,75,5,17.0.0
枰,9,枰,unihan:identity,75,5,17.0.0
枲,9,枲,unihan:identity,75,5,17.0.0
枳,9,枳,unihan:identity,75,5,17.0.0
枵,9,枵,unihan:identity,75,5,17.0.0
架,9,架,unihan:identity,75,5,17.0.0
枷,9,枷,unihan:identity,75,5,17.0.0
枸,9,枸,unihan:identity,75,5,17.0.0
枹,9,枹,unihan:identity,75,5,17.0.0
柁,9,柁,unihan:identity,75,5,17.0.0
柃,9,柃,unihan:identity,75,5,17.0.0
柄,9,柄,unihan:identity,75,5,17.0.0
柈,9,柈,unihan:identity,75,5,17.0.0
柊,9,柊,unihan:identity,75,5,17.0.0
柏,9,柏,unihan:identity,75,5,17.0.0
某,9,某,unihan:identity,75,5,17.0.0
柑,9,柑,unihan:identity,75,5,17.0.0
柒,9,柒,unihan:identity,75,5,17.0.0
染,9,染,unihan:identity,75,5,17.0.0
柔,9,柔,unihan:identity,75,5,17.0.0
柖,9,柖,unihan:identity,75,5,17.0.0
柘,9,柘,unihan:identity,75,5,17.0.0
柙,9,柙,unihan:identity,75,5,17.0.0
柚,9,柚,unihan:identity,75,5,17.0.0
柜,18,櫃,char-table:preferred-traditional+unihan:kTraditionalVariant,75,14,17.0.0
柝,9,柝,unihan:identity,75,5,17.0.0
柞,9,柞,unihan:identity,75,5,17.0.0
柠,18,檸,char-table:preferred-traditional+unihan:kTraditionalVariant,75,14,17.0.0
柢,9,柢,unihan:identity,75,5,17.0.0
查,9,查,unihan:identity,75,5,17.0.0
柩,9,柩,unihan:identity,75,5,17.0.0
柬,9,柬,unihan:identity,75,5,17.0.0
柯,9,柯,unihan:identity,75,5,17.0.0
柰,9,柰,unihan:identity,75,5,17.0.0
柱,9,柱,unihan:identity,75,5,17.0.0
柳,9,柳,unihan:identity,75,5,17.0.0
柴,9,柴,unihan:identity,75,5,17.0.0
柷,9,柷,unihan:identity,75,5,17.0.0
柽,17,檉,char-table:preferred-traditional+unihan:kTraditionalVariant,75,13,17.0.0
柿,9,柿,unihan:identity,75,5,17.0.0
栀,11,梔,unihan:kTraditionalVariant[17.0.0],75,7,17.0.0
栅,9,柵,unihan:kTraditionalVariant[17.0.0],75,5,17.0.0
标,15,標,char-table:preferred-traditional+unihan:kTraditionalVariant,75,11,17.0.0
栈,12,棧,char-table:preferred-traditional+unihan:kTraditionalVariant,75,8,17.0.0
栉,19,櫛,char-table:preferred-traditional+unihan:kTraditionalVariant,75,15,17.0.0
栊,20,櫳,char-table:preferred-traditional+unihan:kTraditionalVariant,75,16,17.0.0
栋,12,棟,char-table:preferred-traditional+unihan:kTraditionalVariant,75,8,17.0.0
栌,20,櫨,char-table:preferred-traditional+unihan:kTraditionalVariant,75,16,17.0.0
栎,19,櫟,char-table:preferred-traditional+unihan:kTraditionalVariant,75,15,17.0.0
栏,21,欄,char-table:preferred-traditional+unihan:kTraditionalVariant,75,17,17.0.0
栐,9,栐,unihan:identity,75,5,17.0.0
树,16,樹,char-table:preferred-traditional+unihan:kTraditionalVariant,75,12,17.0.0
栒,10,栒,unihan:identity,75,6,17.0.0
栓,10,栓,unihan:identity,75,6,17.0.0
栖,12,棲,unihan:kTraditionalVariant[17.0.0],75,8,17.0.0
栗,14,慄,unihan:kTraditionalVariant[17.0.0],61,10,17.0.0
栝,10,栝,unihan:identity,75,6,17.0.0
栟,10,栟,unihan:identity,75,6,17.0.0
校,10,校,unihan:identity,75,6,17.0.0
栩,10,栩,unihan:identity,75,6,17.0.0
株,10,株,unihan:identity,75,6,17.0.0
栲,10,栲,unihan:identity,75,6,17.0.0
栳,10,栳,unihan:identity,75,6,17.0.0
栴,10,栴,unihan:identity,75,6,17.0.0
样,15,樣,char-table:preferred-traditional+unihan:kTraditionalVariant,75,11,17.0.0
核,10,核,unihan:identity,75,6,17.0.0
根,10,根,unihan:identity,75,6,17.0.0
栻,10,栻,unihan:identity,75,6,17.0.0
格,10,格,unihan:identity,75,6,17.0.0
栽,10,栽,unihan:identity,75,6,17.0.0
栾,23,欒,char-table:preferred-traditional+unihan:kTraditionalVariant,75,19,17.0.0
桀,10,桀,unihan:identity,75,6,17.0.0
桁,10,桁,unihan:identity,75,6,17.0.0
桂,10,桂,unihan:identity,75,6,17.0.0
桃,10,桃,unihan:identity,75,6,17.0.0
桄,10,桄,unihan:identity,75,6,17.0.0
桅,10,桅,unihan:identity,75,6,17.0.0
框,10,框,unihan:identity,75,6,17.0.0
案,10,案,unihan:identity,75,6,17.0.0
桉,10,桉,unihan:identity,75,6,17.0.0
桊,10,桊,unihan:identity,75,6,17.0.0
桌,10,桌,unihan:identity,75,6,17.0.0
桎,10,桎,unihan:identity,75,6,17.0.0
桐,10,桐,unihan:identity,75,6,17.0.0
桑,10,桑,unihan:identity,75,6,17.0.0
桓,10,桓,unihan:identity,75,6,17.0.0
桔,10,桔,unihan:identity,75,6,17.0.0
桕,10,桕,unihan:identity,75,6,17.0.0
桠,12,椏,char-table:preferred-traditional+unihan:kTraditionalVariant,75,8,17.0.0
桡,16,橈,char-table:preferred-traditional+unihan:kTraditionalVariant,75,12,17.0.0
桢,13,楨,char-table:preferred-traditional+unihan:kTraditionalVariant,75,9,17.0.0
档,17,檔,char-table:preferred-traditional+unihan:kTraditionalVariant,75,13,17.0.0
桤,14,榿,char-table:preferred-traditional+unihan:kTraditionalVariant,75,10,17.0.0
桥,16,橋,char-table:preferred-traditional+unihan:kTraditionalVariant,75,12,17.0.0
桦,16,樺,char-table:preferred-traditional+unihan:kTraditionalVariant,75,12,17.0.0
桧,17,檜,char-table:preferred-traditional+unihan:kTraditionalVariant,75,13,17.0.0
桨,15,槳,char-table:preferred-traditional+unihan:kTraditionalVariant,75,11,17.0.0
桩,15,樁,char-table:preferred-traditional+unihan:kTraditionalVariant,75,11,17.0.0
桫,11,桫,unihan:identity,75,7,17.0.0
桯,11,桯,unihan:identity,75,7,17.0.0
桲,11,桲,unihan:identity,75,7,17.0.0
桴,11,桴,unihan:identity,75,7,17.0.0
桶,11,桶,unihan:identity,75,7,17.0.0
桷,11,桷,unihan:identity,75,7,17.0.0
桹,11,桹,unihan:identity,75,7,17.0.0
梁,11,梁,unihan:identity,75,7,17.0.0
梃,11,梃,unihan:identity,75,7,17.0.0
梅,11,梅,unihan:identity,75,7,17.0.0
梆,11,梆,unihan:identity,75,7,17.0.0
梌,11,梌,unihan:identity,75,7,17.0.0
梏,11,梏,unihan:identity,75,7,17.0.0
梓,11,梓,unihan:identity,75,7,17.0.0
梗,11,梗,unihan:identity,75,7,17.0.0
梠,11,梠,unihan:identity,75,7,17.0.0
梢,11,梢,unihan:identity,75,7,17.0.0
梣,11,梣,unihan:identity,75,7,17.0.0
梦,14,夢,char-table:preferred-traditional+unihan:kTraditionalVariant,36,11,17.0.0
梧,11,梧,unihan:identity,75,7,17.0.0
梨,11,梨,unihan:identity,75,7,17.0.0
梭,11,梭,unihan:identity,75,7,17.0.0
梯,11,梯,unihan:identity,75,7,17.0.0
械,11,械,unihan:identity,75,7,17.0.0
梳,11,梳,unihan:identity,75,7,17.0.0
梴,11,梴,unihan:identity,75,7,17.0.0
梵,11,梵,unihan:identity,75,7,17.0.0
梼,18,檮,char-table:preferred-traditional+unihan:kTraditionalVariant,75,14,17.0.0
梽,11,梽,unihan:identity,75,7,17.0.0
梾,12,棶,char-table:preferred-traditional+unihan:kTraditionalVariant,75,8,17.0.0
梿,15,槤,char-table:preferred-traditional+unihan:kTraditionalVariant,75,11,17.0.0
检,17,檢,char-table:preferred-traditional+unihan:kTraditionalVariant,75,13,17.0.0
棁,11,梲,unihan:kTraditionalVariant[17.0.0],75,7,17.0.0
棂,28,欞,char-table:preferred-traditional+unihan:kTraditionalVariant,75,24,17.0.0
棉,12,棉,unihan:identity,75,8,17.0.0
棋,12,棋,unihan:identity,75,8,17.0.0
棍,12,棍,unihan:identity,75,8,17.0.0
棐,12,棐,unihan:identity,75,8,17.0.0
棒,12,棒,unihan:identity,75,8,17.0.0
棓,12,棓,unihan:identity,75,8,17.0.0
棕,12,棕,unihan:identity,75,8,17.0.0
棘,12,棘,unihan:identity,75,8,17.0.0
棚,12,棚,unihan:identity,75,8,17.0.0
棠,12,棠,unihan:identity,75,8,17.0.0
棣,12,棣,unihan:identity,75,8,17.0.0
棤,12,棤,unihan:identity,75,8,17.0.0
棨,12,棨,unihan:identity,75,8,17.0.0
棪,12,棪,unihan:identity,75,8,17.0.0
棫,12,棫,unihan:identity,75,8,17.0.0
棬,12,棬,unihan:identity,75,8,17.0.0
森,12,森,unihan:identity,75,8,17.0.0
棰,12,棰,unihan:identity,75,8,17.0.0
棱,12,棱,unihan:identity,75,8,17.0.0
棵,12,棵,unihan:identity,75,8,17.0.0
棹,12,棹,unihan:identity,75,8,17.0.0
棺,12,棺,unihan:identity,75,8,17.0.0
棻,12,棻,unihan:identity,75,8,17.0.0
棼,12,棼,unihan:identity,75,8,17.0.0
棽,12,棽,unihan:identity,75,8,17.0.0
椀,12,椀,unihan:identity,75,8,17.0.0
椁,15,槨,unihan:kTraditionalVariant[17.0.0],75,11,17.0.0
椅,12,椅,unihan:identity,75,8,17.0.0
椆,12,椆,unihan:identity,75,8,17.0.0
椋,12,椋,unihan:identity,75,8,17.0.0
植,12,植,unihan:identity,75,8,17.0.0
椎,12,椎,unihan:identity,75,8,17.0.0
椐,12,椐,unihan:identity,75,8,17.0.0
椑,12,椑,unihan:identity,75,8,17.0.0
椒,12,椒,unihan:identity,75,8,17.0.0
椓,12,椓,unihan:identity,75,8,17.0.0
椟,19,櫝,char-table:preferred-traditional+unihan:kTraditionalVariant,75,15,17.0.0
椠,15,槧,char-table:preferred-traditional+unihan:kTraditionalVariant,75,11,17.0.0
椤,23,欏,char-table:preferred-traditional+unihan:kTraditionalVariant,75,19,17.0.0
椪,12,椪,unihan:identity,75,8,17.0.0
椭,16,橢,char-table:preferred-traditional+unihan:kTraditionalVariant,75,12,17.0.0
椰,13,椰,unihan:identity,75,9,17.0.0
椴,13,椴,unihan:identity,75,9,17.0.0
椸,13,椸,unihan:identity,75,9,17.0.0
椹,13,椹,unihan:identity,75,9,17.0.0
椽,13,椽,unihan:identity,75,9,17.0.0
椿,13,椿,unihan:identity,75,9,17.0.0
楂,13,楂,unihan:identity,75,9,17.0.0
楒,13,楒,unihan:identity,75,9,17.0.0
楔,13,楔,unihan:identity,75,9,17.0.0
楗,13,楗,unihan:identity,75,9,17.0.0
楙,13,楙,unihan:identity,75,9,17.0.0
楚,13,楚,unihan:identity,75,9,17.0.0
楝,13,楝,unihan:identity,75,9,17.0.0
楞,13,楞,unihan:identity,75,9,17.0.0
楠,13,楠,unihan:identity,75,9,17.0.0
楣,13,楣,unihan:identity,75,9,17.0.0
楦,13,楦,unihan:identity,75,9,17.0.0
楩,13,楩,unihan:identity,75,9,17.0.0
楪,13,楪,unihan:identity,75,9,17.0.0
楫,13,楫,unihan:identity,75,9,17.0.0
楮,13,楮,unihan:identity,75,9,17.0.0
楯,13,楯,unihan:identity,75,9,17.0.0
楷,13,楷,unihan:identity,75,9,17.0.0
楸,13,楸,unihan:identity,75,9,17.0.0
楹,13,楹,unihan:identity,75,9,17.0.0
楼,15,樓,char-table:preferred-traditional+unihan:kTraditionalVariant,75,11,17.0.0
概,13,概,unihan:identity,75,9,17.0.0
榃,13,榃,unihan:identity,75,9,17.0.0
榄,25,欖,char-table:preferred-traditional+unihan:kTraditionalVariant,75,21,17.0.0
榅,14,榲,unihan:kTraditionalVariant[17.0.0],75,10,17.0.0
榆,13,榆,unihan:identity,75,9,17.0.0
榇,20,櫬,char-table:preferred-traditional+unihan:kTraditionalVariant,75,16,17.0.0
榈,19,櫚,char-table:preferred-traditional+unihan:kTraditionalVariant,75,15,17.0.0
榉,21,櫸,char-table:preferred-traditional+unihan:kTraditionalVariant,75,17,17.0.0
榍,14,榍,unihan:identity,75,10,17.0.0
榑,14,榑,unihan:identity,75,10,17.0.0
榔,13,榔,unihan:identity,75,9,17.0.0
榕,14,榕,unihan:identity,75,10,17.0.0
榖,14,榖,unihan:identity,75,10,17.0.0
榛,14,榛,unihan:identity,75,10,17.0.0
榜,14,榜,unihan:identity,75,10,17.0.0
榧,14,榧,unihan:identity,75,10,17.0.0
榨,14,榨,unihan:identity,75,10,17.0.0
榫,14,榫,unihan:identity,75,10,17.0.0
榭,14,榭,unihan:identity,75,10,17.0.0
榰,14,榰,unihan:identity,75,10,17.0.0
榱,14,榱,unihan:identity,75,10,17.0.0
榴,14,榴,unihan:identity,75,10,17.0.0
榷,14,榷,unihan:identity,75,10,17.0.0
榻,14,榻,unihan:identity,75,10,17.0.0
槁,14,槁,unihan:identity,75,10,17.0.0
槃,14,槃,unihan:identity,75,10,17.0.0
槊,14,槊,unihan:identity,75,10,17.0.0
槌,14,槌,unihan:identity,75,10,17.0.0
槎,14,槎,unihan:identity,75,10,17.0.0
槐,14,槐,unihan:identity,75,10,17.0.0
槔,14,槔,unihan:identity,75,10,17.0.0
槚,17,檟,char-table:preferred-traditional+unihan:kTraditionalVariant,75,13,17.0.0
槛,18,檻,char-table:preferred-traditional+unihan:kTraditionalVariant,75,14,17.0.0
槜,14,槜,unihan:identity,75,10,17.0.0
槟,18,檳,char-table:preferred-traditional+unihan:kTraditionalVariant,75,14,17.0.0
槠,20,櫧,char-table:preferred-traditional+unihan:kTraditionalVariant,75,16,17.0.0
槭,15,槭,unihan:identity,75,11,17.0.0
槱,15,槱,unihan:identity,75,11,17.0.0
槲,15,槲,unihan:identity,75,11,17.0.0
槽,15,槽,unihan:identity,75,11,17.0.0
槿,15,槿,unihan:identity,75,11,17.0.0
樊,15,樊,unihan:identity,75,11,17.0.0
樗,15,樗,unihan:identity,75,11,17.0.0
樘,15,樘,unihan:identity,75,11,17.0.0
樟,15,樟,unihan:identity,75,11,17.0.0
模,15,模,unihan:identity,75,11,17.0.0
樨,15,樨,unihan:identity,75,11,17.0.0
横,16,橫,unihan:kTraditionalVariant[17.0.0],75,12,17.0.0
樯,17,檣,char-table:preferred-traditional+unihan:kTraditionalVariant,75,13,17.0.0
樱,21,櫻,char-table:preferred-traditional+unihan:kTraditionalVariant,75,17,17.0.0
樵,16,樵,unihan:identity,75,12,17.0.0
樽,16,樽,unihan:identity,75,12,17.0.0
樾,16,樾,unihan:identity,75,12,17.0.0
橄,16,橄,unihan:identity,75,12,17.0.0
橇,16,橇,unihan:identity,75,12,17.0.0
橐,16,橐,unihan:identity,75,12,17.0.0
橑,16,橑,unihan:identity,75,12,17.0.0
橘,16,橘,unihan:identity,75,12,17.0.0
橙,16,橙,unihan:identity,75,12,17.0.0
橛,16,橛,unihan:identity,75,12,17.0.0
橞,16,橞,unihan:identity,75,12,17.0.0
橡,16,橡,unihan:identity,75,12,17.0.0
橥,19,櫫,unihan:kTraditionalVariant[17.0.0],75,15,17.0.0
橦,16,橦,unihan:identity,75,12,17.0.0
橱,19,櫥,unihan:kTraditionalVariant[17.0.0],75,15,17.0.0
橹,19,櫓,char-table:preferred-traditional+unihan:kTraditionalVariant,75,15,17.0.0
橼,19,櫞,char-table:preferred-traditional+unihan:kTraditionalVariant,75,15,17.0.0
檀,17,檀,unihan:identity,75,13,17.0.0
檄,17,檄,unihan:identity,75,13,17.0.0
檎,17,檎,unihan:identity,75,13,17.0.0
檐,17,檐,unihan:identity,75,13,17.0.0
檑,17,檑,unihan:identity,75,13,17.0.0
檗,17,檗,unihan:identity,75,13,17.0.0
檞,17,檞,unihan:identity,75,13,17.0.0
檠,17,檠,unihan:identity,75,13,17.0.0
檩,17,檁,unihan:kTraditionalVariant[17.0.0],75,13,17.0.0
檫,18,檫,unihan:identity,75,14,17.0.0
檬,18,檬,unihan:identity,75,14,17.0.0
櫆,18,櫆,unihan:identity,75,14,17.0.0
欂,21,欂,unihan:identity,75,17,17.0.0
欠,4,欠,unihan:identity,76,0,17.0.0
次,6,次,unihan:identity,76,2,17.0.0
欢,22,歡,char-table:preferred-traditional+unihan:kTraditionalVariant,76,18,17.0.0
欣,8,欣,unihan:identity,76,4,17.0.0
欤,18,歟,char-table:preferred-traditional+unihan:kTraditionalVariant,76,14,17.0.0
欧,15,歐,char-table:preferred-traditional+unihan:kTraditionalVariant,76,11,17.0.0
欲,11,欲,unihan:identity,76,7,17.0.0
欸,11,欸,unihan:identity,76,7,17.0.0
欹,12,欹,unihan:identity,76,8,17.0.0
欺,12,欺,unihan:identity,76,8,17.0.0
欻,12,欻,unihan:identity,76,8,17.0.0
款,12,款,unihan:identity,76,8,17.0.0
歃,13,歃,unihan:identity,76,9,17.0.0
歅,13,歅,unihan:identity,76,9,17.0.0
歆,13,歆,unihan:identity,76,9,17.0.0
歇,13,歇,unihan:identity,76,9,17.0.0
歉,14,歉,unihan:identity,76,10,17.0.0
歌,14,歌,unihan:identity,76,10,17.0.0
歙,16,歙,unihan:identity,76,12,17.0.0
止,4,止,unihan:identity,77,0,17.0.0
正,5,正,unihan:identity,77,1,17.0.0
此,6,此,unihan:identity,77,2,17.0.0
步,7,步,unihan:identity,77,3,17.0.0
武,8,武,unihan:identity,77,4,17.0.0
歧,8,歧,unihan:identity,77,4,17.0.0
歪,9,歪,unihan:identity,77,5,17.0.0
歹,4,歹,unihan:identity,78,0,17.0.0
死,6,死,unihan:identity,78,2,17.0.0
歼,21,殲,unihan:kTraditionalVariant[17.0.0],78,17,17.0.0
殁,8,歿,unihan:kTraditionalVariant[17.0.0],78,4,17.0.0
殂,9,殂,unihan:identity,78,5,17.0.0
殃,9,殃,unihan:identity,78,5,17.0.0
殄,9,殄,unihan:identity,78,5,17.0.0
殆,9,殆,unihan:identity,78,5,17.0.0
殇,15,殤,char-table:preferred-traditional+unihan:kTraditionalVariant,78,11,17.0.0
殉,10,殉,unihan:identity,78,6,17.0.0
殊,10,殊,unihan:identity,78,6,17.0.0
残,12,殘,char-table:preferred-traditional+unihan:kTraditionalVariant,78,8,17.0.0
殍,11,殍,unihan:identity,78,7,17.0.0
殒,14,殞,char-table:preferred-traditional+unihan:kTraditionalVariant,78,10,17.0.0
殓,17,殮,char-table:preferred-traditional+unihan:kTraditionalVariant,78,13,17.0.0
殖,12,殖,unihan:identity,78,8,17.0.0
殚,16,殫,char-table:preferred-traditional+unihan:kTraditionalVariant,78,12,17.0.0
殛,13,殛,unihan:identity,78,9,17.0.0
殡,18,殯,char-table:preferred-traditional+unihan:kTraditionalVariant,78,14,17.0.0
殣,15,殣,unihan:identity,78,11,17.0.0
殪,16,殪,unihan:identity,78,12,17.0.0
殳,4,殳,unihan:identity,79,0,17.0.0
殴,15,毆,char-table:preferred-traditional+unihan:kTraditionalVariant,79,11,17.0.0
段,9,段,unihan:identity,79,5,17.0.0
殷,10,殷,unihan:identity,79,6,17.0.0
殿,13,殿,unihan:identity,79,9,17.0.0
毁,13,毀,unihan:kTraditionalVariant[17.0.0],79,9,17.0.0
毂,17,轂,char-table:preferred-traditional+unihan:kTraditionalVariant,159,10,17.0.0
毅,15,毅,unihan:identity,79,11,17.0.0
毋,4,毋,unihan:identity,80,0,17.0.0
毌,4,毌,unihan:identity,80,0,17.0.0
母,5,母,unihan:identity,80,1,17.0.0
每,7,每,unihan:identity,80,3,17.0.0
毐,7,毐,unihan:identity,80,3,17.0.0
毒,8,毒,unihan:identity,80,4,17.0.0
毓,13,毓,unihan:identity,80,9,17.0.0
比,4,比,unihan:identity,81,0,17.0.0
毕,11,畢,char-table:preferred-traditional+unihan:kTraditionalVariant,102,6,17.0.0
毖,9,毖,unihan:identity,81,5,17.0.0
毗,9,毗,unihan:identity,81,5,17.0.0
毙,18,斃,char-table:preferred-traditional+unihan:kTraditionalVariant,66,14,17.0.0
毛,4,毛,unihan:identity,82,0,17.0.0
毡,17,氈,char-table:preferred-traditional+unihan:kTraditionalVariant,82,13,17.0.0
毪,10,毪,unihan:identity,82,6,17.0.0
毫,11,毫,unihan:identity,82,7,17.0.0
毯,12,毯,unihan:identity,82,8,17.0.0
毳,12,毳,unihan:identity,82,8,17.0.0
毵,15,毿,char-table:preferred-traditional+unihan:kTraditionalVariant,82,11,17.0.0
毹,13,毹,unihan:identity,82,9,17.0.0
毽,13,毽,unihan:identity,82,9,17.0.0
氅,16,氅,unihan:identity,82,12,17.0.0
氆,16,氆,unihan:identity,82,12,17.0.0
氇,19,氌,char-table:preferred-traditional+unihan:kTraditionalVariant,82,15,17.0.0
氍,22,氍,unihan:identity,82,18,17.0.0
氏,4,氏,unihan:identity,83,0,17.0.0
氐,5,氐,unihan:identity,83,1,17.0.0
民,5,民,unihan:identity,83,1,17.0.0
氓,8,氓,unihan:identity,83,4,17.0.0
气,10,氣,char-table:preferred-traditional+unihan:kTraditionalVariant,84,6,17.0.0
氕,5,氕,unihan:identity,84,1,17.0.0
氖,6,氖,unihan:identity,84,2,17.0.0
氘,6,氘,unihan:identity,84,2,17.0.0
氙,7,氙,unihan:identity,84,3,17.0.0
氚,7,氚,unihan:identity,84,3,17.0.0
氛,8,氛,unihan:identity,84,4,17.0.0
氟,9,氟,unihan:identity,84,5,17.0.0
氡,9,氡,unihan:identity,84,5,17.0.0
氢,11,氫,char-table:preferred-traditional+unihan:kTraditionalVariant,84,7,17.0.0
氤,10,氤,unihan:identity,84,6,17.0.0
氦,10,氦,unihan:identity,84,6,17.0.0
氧,10,氧,unihan:identity,84,6,17.0.0
氨,10,氨,unihan:identity,84,6,17.0.0
氩,12,氬,char-table:preferred-traditional+unihan:kTraditionalVariant,84,8,17.0.0
氪,11,氪,unihan:identity,84,7,17.0.0
氮,12,氮,unihan:identity,84,8,17.0.0
氯,12,氯,unihan:identity,84,8,17.0.0
氰,12,氰,unihan:identity,84,8,17.0.0
氲,14,氳,unihan:kTraditionalVariant[17.0.0],84,10,17.0.0
水,4,水,unihan:identity,85,0,17.0.0
永,5,永,unihan:identity,85,1,17.0.0
氾,6,氾,unihan:identity,85,2,17.0.0
氿,6,氿,unihan:identity,85,2,17.0.0
汀,6,汀,unihan:identity,85,2,17.0.0
汁,6,汁,unihan:identity,85,2,17.0.0
求,6,求,unihan:identity,85,2,17.0.0
汆,6,汆,unihan:identity,85,2,17.0.0
汇,13,匯,char-table:preferred-traditional+unihan:kTraditionalVariant,22,11,17.0.0
汈,6,汈,unihan:identity,85,2,17.0.0
汉,15,漢,char-table:preferred-traditional+unihan:kTraditionalVariant,85,11,17.0.0
汊,7,汊,unihan:identity,85,3,17.0.0
汋,7,汋,unihan:identity,85,3,17.0.0
汐,7,汐,unihan:identity,85,3,17.0.0
汔,7,汔,unihan:identity,85,3,17.0.0
汕,7,汕,unihan:identity,85,3,17.0.0
汗,7,汗,unihan:identity,85,3,17.0.0
汛,7,汛,unihan:identity,85,3,17.0.0
汜,7,汜,unihan:identity,85,3,17.0.0
汝,7,汝,unihan:identity,85,3,17.0.0
汞,7,汞,unihan:identity,85,3,17.0.0
江,7,江,unihan:identity,85,3,17.0.0
池,7,池,unihan:identity,85,3,17.0.0
污,7,污,unihan:identity,85,3,17.0.0
汤,13,湯,char-table:preferred-traditional+unihan:kTraditionalVariant,85,9,17.0.0
汧,8,汧,unihan:identity,85,4,17.0.0
汨,8,汨,unihan:identity,85,4,17.0.0
汩,8,汩,unihan:identity,85,4,17.0.0
汪,8,汪,unihan:identity,85,4,17.0.0
汫,8,汫,unihan:identity,85,4,17.0.0
汭,8,汭,unihan:identity,85,4,17.0.0
汰,8,汰,unihan:identity,85,4,17.0.0
汲,8,汲,unihan:identity,85,4,17.0.0
汴,8,汴,unihan:identity,85,4,17.0.0
汶,8,汶,unihan:identity,85,4,17.0.0
汹,10,洶,unihan:kTraditionalVariant[17.0.0],85,6,17.0.0
汽,8,汽,unihan:identity,85,4,17.0.0
汾,8,汾,unihan:identity,85,4,17.0.0
沁,8,沁,unihan:identity,85,4,17.0.0
沂,8,沂,unihan:identity,85,4,17.0.0
沃,8,沃,unihan:identity,85,4,17.0.0
沄,16,澐,char-table:preferred-traditional+unihan:kTraditionalVariant,85,12,17.0.0
沅,8,沅,unihan:identity,85,4,17.0.0
沆,8,沆,unihan:identity,85,4,17.0.0
沇,8,沇,unihan:identity,85,4,17.0.0
沈,19,瀋,char-table:preferred-traditional+unihan:kTraditionalVariant,85,15,17.0.0
沉,8,沉,unihan:identity,85,4,17.0.0
沌,8,沌,unihan:identity,85,4,17.0.0
沏,8,沏,unihan:identity,85,4,17.0.0
沐,8,沐,unihan:identity,85,4,17.0.0
沓,8,沓,unihan:identity,85,4,17.0.0
沔,8,沔,unihan:identity,85,4,17.0.0
沘,8,沘,unihan:identity,85,4,17.0.0
沙,8,沙,unihan:identity,85,4,17.0.0
沚,8,沚,unihan:identity,85,4,17.0.0
沛,8,沛,unihan:identity,85,4,17.0.0
沟,14,溝,char-table:preferred-traditional+unihan:kTraditionalVariant,85,10,17.0.0
没,8,沒,unihan:kTraditionalVariant[17.0.0],85,4,17.0.0
沣,22,灃,char-table:preferred-traditional+unihan:kTraditionalVariant,85,18,17.0.0
沤,15,漚,char-table:preferred-traditional+unihan:kTraditionalVariant,85,11,17.0.0
沥,20,瀝,char-table:preferred-traditional+unihan:kTraditionalVariant,85,16,17.0.0
沦,12,淪,char-table:preferred-traditional+unihan:kTraditionalVariant,85,8,17.0.0
沧,14,滄,char-table:preferred-traditional+unihan:kTraditionalVariant,85,10,17.0.0
沨,13,渢,char-table:preferred-traditional+unihan:kTraditionalVariant,85,9,17.0.0
沩,16,潙,char-table:preferred-traditional+unihan:kTraditionalVariant,85,12,17.0.0
沪,15,滬,char-table:preferred-traditional+unihan:kTraditionalVariant,85,11,17.0.0
沫,9,沫,unihan:identity,85,5,17.0.0
沭,9,沭,unihan:identity,85,5,17.0.0
沮,9,沮,unihan:identity,85,5,17.0.0
沱,9,沱,unihan:identity,85,5,17.0.0
河,9,河,unihan:identity,85,5,17.0.0
沸,9,沸,unihan:identity,85,5,17.0.0
油,9,油,unihan:identity,85,5,17.0.0
沺,9,沺,unihan:identity,85,5,17.0.0
治,9,治,unihan:identity,85,5,17.0.0
沼,9,沼,unihan:identity,85,5,17.0.0
沽,9,沽,unihan:identity,85,5,17.0.0
沾,9,沾,unihan:identity,85,5,17.0.0
沿,9,沿,unihan:identity,85,5,17.0.0
泂,9,泂,unihan:identity,85,5,17.0.0
泃,9,泃,unihan:identity,85,5,17.0.0
泄,9,泄,unihan:identity,85,5,17.0.0
泅,9,泅,unihan:identity,85,5,17.0.0
泇,9,泇,unihan:identity,85,5,17.0.0
泉,9,泉,unihan:identity,85,5,17.0.0
泊,9,泊,unihan:identity,85,5,17.0.0
泌,9,泌,unihan:identity,85,5,17.0.0
泐,9,泐,unihan:identity,85,5,17.0.0
泓,9,泓,unihan:identity,85,5,17.0.0
泔,9,泔,unihan:identity,85,5,17.0.0
法,9,法,unihan:identity,85,5,17.0.0
泖,9,泖,unihan:identity,85,5,17.0.0
泗,9,泗,unihan:identity,85,5,17.0.0
泙,9,泙,unihan:identity,85,5,17.0.0
泚,10,泚,unihan:identity,85,6,17.0.0
泛,9,泛,unihan:identity,85,5,17.0.0
泜,9,泜,unihan:identity,85,5,17.0.0
泞,18,濘,char-table:preferred-traditional+unihan:kTraditionalVariant,85,14,17.0.0
泠,9,泠,unihan:identity,85,5,17.0.0
泡,9,泡,unihan:identity,85,5,17.0.0
波,9,波,unihan:identity,85,5,17.0.0
泣,9,泣,unihan:identity,85,5,17.0.0
泥,9,泥,unihan:identity,85,5,17.0.0
注,12,註,unihan:kTraditionalVariant[17.0.0],149,5,17.0.0
泪,12,淚,unihan:kTraditionalVariant[17.0.0],85,8,17.0.0
泫,9,泫,unihan:identity,85,5,17.0.0
泮,9,泮,unihan:identity,85,5,17.0.0
泯,9,泯,unihan:identity,85,5,17.0.0
泰,9,泰,unihan:identity,85,5,17.0.0
泱,9,泱,unihan:identity,85,5,17.0.0
泳,9,泳,unihan:identity,85,5,17.0.0
泵,9,泵,unihan:identity,85,5,17.0.0
泷,20,瀧,char-table:preferred-traditional+unihan:kTraditionalVariant,85,16,17.0.0
泸,20,瀘,char-table:preferred-traditional+unihan:kTraditionalVariant,85,16,17.0.0
泺,19,濼,char-table:preferred-traditional+unihan:kTraditionalVariant,85,15,17.0.0
泻,19,瀉,char-table:preferred-traditional+unihan:kTraditionalVariant,85,15,17.0.0
泼,16,潑,char-table:preferred-traditional+unihan:kTraditionalVariant,85,12,17.0.0
泽,17,澤,char-table:preferred-traditional+unihan:kTraditionalVariant,85,13,17.0.0
泾,11,涇,char-table:preferred-traditional+unihan:kTraditionalVariant,85,7,17.0.0
洁,16,潔,char-table:preferred-traditional+unihan:kTraditionalVariant,85,12,17.0.0
洄,10,洄,unihan:identity,85,6,17.0.0
洇,10,洇,unihan:identity,85,6,17.0.0
洈,10,洈,unihan:identity,85,6,17.0.0
洋,10,洋,unihan:identity,85,6,17.0.0
洌,10,洌,unihan:identity,85,6,17.0.0
洎,10,洎,unihan:identity,85,6,17.0.0
洑,10,洑,unihan:identity,85,6,17.0.0
洒,23,灑,char-table:preferred-traditional+unihan:kTraditionalVariant,85,19,17.0.0
洓,10,洓,unihan:identity,85,6,17.0.0
洗,10,洗,unihan:identity,85,6,17.0.0
洘,10,洘,unihan:identity,85,6,17.0.0
洙,10,洙,unihan:identity,85,6,17.0.0
洚,10,洚,unihan:identity,85,6,17.0.0
洛,10,洛,unihan:identity,85,6,17.0.0
洞,10,洞,unihan:identity,85,6,17.0.0
洢,10,洢,unihan:identity,85,6,17.0.0
洣,10,洣,unihan:identity,85,6,17.0.0
津,10,津,unihan:identity,85,6,17.0.0
洧,10,洧,unihan:identity,85,6,17.0.0
洨,10,洨,unihan:identity,85,6,17.0.0
洪,10,洪,unihan:identity,85,6,17.0.0
洫,10,洫,unihan:identity,85,6,17.0.0
洭,10,洭,unihan:identity,85,6,17.0.0
洮,10,洮,unihan:identity,85,6,17.0.0
洱,10,洱,unihan:identity,85,6,17.0.0
洲,10,洲,unihan:identity,85,6,17.0.0
洳,10,洳,unihan:identity,85,6,17.0.0
洴,10,洴,unihan:identity,85,6,17.0.0
洵,10,洵,unihan:identity,85,6,17.0.0
洸,10,洸,unihan:identity,85,6,17.0.0
洹,10,洹,unihan:identity,85,6,17.0.0
洺,10,洺,unihan:identity,85,6,17.0.0
活,10,活,unihan:identity,85,6,17.0.0
洼,14,窪,char-table:preferred-traditional+unihan:kTraditionalVariant,116,9,17.0.0
洽,10,洽,unihan:identity,85,6,17.0.0
派,10,派,unihan:identity,85,6,17.0.0
洿,10,洿,unihan:identity,85,6,17.0.0
流,10,流,unihan:identity,85,6,17.0.0
浃,11,浹,char-table:preferred-traditional+unihan:kTraditionalVariant,85,7,17.0.0
浅,12,淺,char-table:preferred-traditional+unihan:kTraditionalVariant,85,8,17.0.0
浆,15,漿,char-table:preferred-traditional+unihan:kTraditionalVariant,85,11,17.0.0
浇,16,澆,char-table:preferred-traditional+unihan:kTraditionalVariant,85,12,17.0.0
浈,13,湞,char-table:preferred-traditional+unihan:kTraditionalVariant,85,9,17.0.0
浉,14,溮,char-table:preferred-traditional+unihan:kTraditionalVariant,85,10,17.0.0
浊,17,濁,char-table:preferred-traditional+unihan:kTraditionalVariant,85,13,17.0.0
测,13,測,char-table:preferred-traditional+unihan:kTraditionalVariant,85,9,17.0.0
浍,17,澮,char-table:preferred-traditional+unihan:kTraditionalVariant,85,13,17.0.0
济,18,濟,char-table:preferred-traditional+unihan:kTraditionalVariant,85,14,17.0.0
浏,19,瀏,char-table:preferred-traditional+unihan:kTraditionalVariant,85,15,17.0.0
浐,15,滻,char-table:preferred-traditional+unihan:kTraditionalVariant,85,11,17.0.0
浑,13,渾,char-table:preferred-traditional+unihan:kTraditionalVariant,85,9,17.0.0
浒,15,滸,char-table:preferred-traditional+unihan:kTraditionalVariant,85,11,17.0.0
浓,17,濃,char-table:preferred-traditional+unihan:kTraditionalVariant,85,13,17.0.0
浔,16,潯,char-table:preferred-traditional+unihan:kTraditionalVariant,85,12,17.0.0
浕,18,濜,char-table:preferred-traditional+unihan:kTraditionalVariant,85,14,17.0.0
浙,11,浙,unihan:identity,85,7,17.0.0
浚,11,浚,unihan:identity,85,7,17.0.0
浛,11,浛,unihan:identity,85,7,17.0.0
浜,11,浜,unihan:identity,85,7,17.0.0
浞,11,浞,unihan:identity,85,7,17.0.0
浟,11,浟,unihan:identity,85,7,17.0.0
浠,11,浠,unihan:identity,85,7,17.0.0
浡,11,浡,unihan:identity,85,7,17.0.0
浣,11,浣,unihan:identity,85,7,17.0.0
浥,11,浥,unihan:identity,85,7,17.0.0
浦,11,浦,unihan:identity,85,7,17.0.0
浩,11,浩,unihan:identity,85,7,17.0.0
浪,11,浪,unihan:identity,85,7,17.0.0
浬,11,浬,unihan:identity,85,7,17.0.0
浭,11,浭,unihan:identity,85,7,17.0.0
浮,11,浮,unihan:identity,85,7,17.0.0
浯,11,浯,unihan:identity,85,7,17.0.0
浰,11,浰,unihan:identity,85,7,17.0.0
浲,11,浲,unihan:identity,85,7,17.0.0
浴,11,浴,unihan:identity,85,7,17.0.0
海,11,海,unihan:identity,85,7,17.0.0
浸,11,浸,unihan:identity,85,7,17.0.0
浼,11,浼,unihan:identity,85,7,17.0.0
涂,13,塗,char-table:preferred-traditional+unihan:kTraditionalVariant,32,10,17.0.0
涄,11,涄,unihan:identity,85,7,17.0.0
涅,11,涅,unihan:identity,85,7,17.0.0
消,11,消,unihan:identity,85,7,17.0.0
涉,11,涉,unihan:identity,85,7,17.0.0
涌,11,涌,unihan:identity,85,7,17.0.0
涍,11,涍,unihan:identity,85,7,17.0.0
涎,11,涎,unihan:identity,85,7,17.0.0
涐,11,涐,unihan:identity,85,7,17.0.0
涑,11,涑,unihan:identity,85,7,17.0.0
涓,11,涓,unihan:identity,85,7,17.0.0
涔,11,涔,unihan:identity,85,7,17.0.0
涕,11,涕,unihan:identity,85,7,17.0.0
涘,11,涘,unihan:identity,85,7,17.0.0
涛,18,濤,char-table:preferred-traditional+unihan:kTraditionalVariant,85,14,17.0.0
涝,16,澇,char-table:preferred-traditional+unihan:kTraditionalVariant,85,12,17.0.0
涞,12,淶,char-table:preferred-traditional+unihan:kTraditionalVariant,85,8,17.0.0
涟,15,漣,char-table:preferred-traditional+unihan:kTraditionalVariant,85,11,17.0.0
涠,16,潿,char-table:preferred-traditional+unihan:kTraditionalVariant,85,12,17.0.0
涡,13,渦,char-table:preferred-traditional+unihan:kTraditionalVariant,85,9,17.0.0
涢,14,溳,char-table:preferred-traditional+unihan:kTraditionalVariant,85,10,17.0.0
涣,13,渙,unihan:kTraditionalVariant[17.0.0],85,9,17.0.0
涤,15,滌,char-table:preferred-traditional+unihan:kTraditionalVariant,85,11,17.0.0
润,16,潤,char-table:preferred-traditional+unihan:kTraditionalVariant,85,12,17.0.0
涧,16,澗,char-table:preferred-traditional+unihan:kTraditionalVariant,85,12,17.0.0
涨,15,漲,char-table:preferred-traditional+unihan:kTraditionalVariant,85,11,17.0.0
涩,18,澀,char-table:preferred-traditional+unihan:kTraditionalVariant,85,14,17.0.0
涪,12,涪,unihan:identity,85,8,17.0.0
涫,12,涫,unihan:identity,85,8,17.0.0
涮,12,涮,unihan:identity,85,8,17.0.0
涯,12,涯,unihan:identity,85,8,17.0.0
液,12,液,unihan:identity,85,8,17.0.0
涴,12,涴,unihan:identity,85,8,17.0.0
涵,12,涵,unihan:identity,85,8,17.0.0
涸,12,涸,unihan:identity,85,8,17.0.0
涿,12,涿,unihan:identity,85,8,17.0.0
淀,17,澱,char-table:preferred-traditional+unihan:kTraditionalVariant,85,13,17.0.0
淄,12,淄,unihan:identity,85,8,17.0.0
淅,12,淅,unihan:identity,85,8,17.0.0
淆,12,淆,unihan:identity,85,8,17.0.0
淇,12,淇,unihan:identity,85,8,17.0.0
淋,12,淋,unihan:identity,85,8,17.0.0
淌,12,淌,unihan:identity,85,8,17.0.0
淏,12,淏,unihan:identity,85,8,17.0.0
淑,12,淑,unihan:identity,85,8,17.0.0
淖,12,淖,unihan:identity,85,8,17.0.0
淘,12,淘,unihan:identity,85,8,17.0.0
淙,12,淙,unihan:identity,85,8,17.0.0
淜,12,淜,unihan:identity,85,8,17.0.0
淝,12,淝,unihan:identity,85,8,17.0.0
淞,12,淞,unihan:identity,85,8,17.0.0
淟,12,淟,unihan:identity,85,8,17.0.0
淠,12,淠,unihan:identity,85,8,17.0.0
淡,12,淡,unihan:identity,85,8,17.0.0
淤,12,淤,unihan:identity,85,8,17.0.0
淦,12,淦,unihan:identity,85,8,17.0.0
淫,12,淫,unihan:identity,85,8,17.0.0
淬,12,淬,unihan:identity,85,8,17.0.0
淮,12,淮,unihan:identity,85,8,17.0.0
淯,12,淯,unihan:identity,85,8,17.0.0
深,12,深,unihan:identity,85,8,17.0.0
淳,12,淳,unihan:identity,85,8,17.0.0
淴,12,淴,unihan:identity,85,8,17.0.0
混,12,混,unihan:identity,85,8,17.0.0
淹,12,淹,unihan:identity,85,8,17.0.0
添,12,添,unihan:identity,85,8,17.0.0
淼,12,淼,unihan:identity,85,8,17.0.0
清,12,清,unihan:identity,85,8,17.0.0
渊,12,淵,char-table:preferred-traditional+unihan:kTraditionalVariant,85,8,17.0.0
渌,12,淥,unihan:kTraditionalVariant[17.0.0],85,8,17.0.0
渍,15,漬,char-table:preferred-traditional+unihan:kTraditionalVariant,85,11,17.0.0
渎,19,瀆,char-table:preferred-traditional+unihan:kTraditionalVariant,85,15,17.0.0
渐,15,漸,char-table:preferred-traditional+unihan:kTraditionalVariant,85,11,17.0.0
渑,17,澠,char-table:preferred-traditional+unihan:kTraditionalVariant,85,13,17.0.0
渔,15,漁,char-table:preferred-traditional+unihan:kTraditionalVariant,85,11,17.0.0
渗,15,滲,char-table:preferred-traditional+unihan:kTraditionalVariant,85,11,17.0.0
渚,12,渚,unihan:identity,85,8,17.0.0
渝,13,渝,unihan:identity,85,9,17.0.0
渟,13,渟,unihan:identity,85,9,17.0.0
渠,13,渠,unihan:identity,85,9,17.0.0
渡,13,渡,unihan:identity,85,9,17.0.0
渣,13,渣,unihan:identity,85,9,17.0.0
渤,13,渤,unihan:identity,85,9,17.0.0
渥,13,渥,unihan:identity,85,9,17.0.0
温,14,溫,unihan:kTraditionalVariant[17.0.0],85,10,17.0.0
渫,13,渫,unihan:identity,85,9,17.0.0
渭,13,渭,unihan:identity,85,9,17.0.0
港,13,港,unihan:identity,85,9,17.0.0
渰,13,渰,unihan:identity,85,9,17.0.0
渲,13,渲,unihan:identity,85,9,17.0.0
渴,13,渴,unihan:identity,85,9,17.0.0
游,13,游,unihan:identity,85,9,17.0.0
渺,13,渺,unihan:identity,85,9,17.0.0
渼,13,渼,unihan:identity,85,9,17.0.0
湃,13,湃,unihan:identity,85,9,17.0.0
湄,13,湄,unihan:identity,85,9,17.0.0
湉,13,湉,unihan:identity,85,9,17.0.0
湍,13,湍,unihan:identity,85,9,17.0.0
湎,13,湎,unihan:identity,85,9,17.0.0
湑,13,湑,unihan:identity,85,9,17.0.0
湓,13,湓,unihan:identity,85,9,17.0.0
湔,13,湔,unihan:identity,85,9,17.0.0
湖,13,湖,unihan:identity,85,9,17.0.0
湘,13,湘,unihan:identity,85,9,17.0.0
湛,13,湛,unihan:identity,85,9,17.0.0
湜,13,湜,unihan:identity,85,9,17.0.0
湝,13,湝,unihan:identity,85,9,17.0.0
湟,13,湟,unihan:identity,85,9,17.0.0
湣,13,湣,unihan:identity,85,9,17.0.0
湫,13,湫,unihan:identity,85,9,17.0.0
湮,13,湮,unihan:identity,85,9,17.0.0
湲,13,湲,unihan:identity,85,9,17.0.0
湴,12,湴,unihan:identity,85,8,17.0.0
湾,26,灣,char-table:preferred-traditional+unihan:kTraditionalVariant,85,22,17.0.0
湿,18,濕,char-table:preferred-traditional+unihan:kTraditionalVariant,85,14,17.0.0
溁,18,濚,unihan:kTraditionalVariant[17.0.0],85,14,17.0.0
溃,16,潰,char-table:preferred-traditional+unihan:kTraditionalVariant,85,12,17.0.0
溅,19,濺,char-table:preferred-traditional+unihan:kTraditionalVariant,85,15,17.0.0
溆,15,漵,unihan:kTraditionalVariant[17.0.0],85,11,17.0.0
溇,15,漊,char-table:preferred-traditional+unihan:kTraditionalVariant,85,11,17.0.0
溉,13,溉,unihan:identity,85,9,17.0.0
溍,14,溍,unihan:identity,85,10,17.0.0
溏,14,溏,unihan:identity,85,10,17.0.0
源,14,源,unihan:identity,85,10,17.0.0
溘,14,溘,unihan:identity,85,10,17.0.0
溚,14,溚,unihan:identity,85,10,17.0.0
溜,14,溜,unihan:identity,85,10,17.0.0
溞,14,溞,unihan:identity,85,10,17.0.0
溟,14,溟,unihan:identity,85,10,17.0.0
溠,14,溠,unihan:identity,85,10,17.0.0
溢,14,溢,unihan:identity,85,10,17.0.0
溥,14,溥,unihan:identity,85,10,17.0.0
溦,14,溦,unihan:identity,85,10,17.0.0
溧,14,溧,unihan:identity,85,10,17.0.0
溪,14,溪,unihan:identity,85,10,17.0.0
溯,14,溯,unihan:identity,85,10,17.0.0
溱,14,溱,unihan:identity,85,10,17.0.0
溲,14,溲,unihan:identity,85,10,17.0.0
溴,14,溴,unihan:identity,85,10,17.0.0
溵,14,溵,unihan:identity,85,10,17.0.0
溶,14,溶,unihan:identity,85,10,17.0.0
溷,14,溷,unihan:identity,85,10,17.0.0
溹,14,溹,unihan:identity,85,10,17.0.0
溺,14,溺,unihan:identity,85,10,17.0.0
溻,14,溻,unihan:identity,85,10,17.0.0
溽,14,溽,unihan:identity,85,10,17.0.0
滁,14,滁,unihan:identity,85,10,17.0.0
滂,14,滂,unihan:identity,85,10,17.0.0
滃,14,滃,unihan:identity,85,10,17.0.0
滆,14,滆,unihan:identity,85,10,17.0.0
滇,14,滇,unihan:identity,85,10,17.0.0
滉,14,滉,unihan:identity,85,10,17.0.0
滋,13,滋,unihan:identity,85,9,17.0.0
滍,14,滍,unihan:identity,85,10,17.0.0
滏,14,滏,unihan:identity,85,10,17.0.0
滑,14,滑,unihan:identity,85,10,17.0.0
滓,14,滓,unihan:identity,85,10,17.0.0
滔,14,滔,unihan:identity,85,10,17.0.0
滕,14,滕,unihan:identity,85,10,17.0.0
滗,16,潷,char-table:preferred-traditional+unihan:kTraditionalVariant,85,12,17.0.0
滘,14,滘,unihan:identity,85,10,17.0.0
滚,15,滾,unihan:kTraditionalVariant[17.0.0],85,11,17.0.0
滞,15,滯,char-table:preferred-traditional+unihan:kTraditionalVariant,85,11,17.0.0
滟,28,灧,char-table:preferred-traditional+unihan:kTraditionalVariant,85,24,17.0.0
滠,22,灄,char-table:preferred-traditional+unihan:kTraditionalVariant,85,18,17.0.0
满,15,滿,char-table:preferred-traditional+unihan:kTraditionalVariant,85,11,17.0.0
滢,19,瀅,char-table:preferred-traditional+unihan:kTraditionalVariant,85,15,17.0.0
滤,19,濾,char-table:preferred-traditional+unihan:kTraditionalVariant,85,15,17.0.0
滥,18,濫,char-table:preferred-traditional+unihan:kTraditionalVariant,85,14,17.0.0
滦,27,灤,char-table:preferred-traditional+unihan:kTraditionalVariant,85,23,17.0.0
滧,14,滧,unihan:identity,85,10,17.0.0
滨,18,濱,char-table:preferred-traditional+unihan:kTraditionalVariant,85,14,17.0.0
滩,23,灘,char-table:preferred-traditional+unihan:kTraditionalVariant,85,19,17.0.0
滪,17,澦,char-table:preferred-traditional+unihan:kTraditionalVariant,85,13,17.0.0
滫,15,滫,unihan:identity,85,11,17.0.0
滴,15,滴,unihan:identity,85,11,17.0.0
滹,15,滹,unihan:identity,85,11,17.0.0
漂,15,漂,unihan:identity,85,11,17.0.0
漆,15,漆,unihan:identity,85,11,17.0.0
漈,15,漈,unihan:identity,85,11,17.0.0
漉,15,漉,unihan:identity,85,11,17.0.0
漋,16,漋,unihan:identity,85,12,17.0.0
漏,15,漏,unihan:identity,85,11,17.0.0
漓,23,灕,char-table:preferred-traditional+unihan:kTraditionalVariant,85,19,17.0.0
演,15,演,unihan:identity,85,11,17.0.0
漕,15,漕,unihan:identity,85,11,17.0.0
漖,15,漖,unihan:identity,85,11,17.0.0
漠,15,漠,unihan:identity,85,11,17.0.0
漤,15,漤,unihan:identity,85,11,17.0.0
漦,15,漦,unihan:identity,85,11,17.0.0
漩,15,漩,unihan:identity,85,11,17.0.0
漪,15,漪,unihan:identity,85,11,17.0.0
漫,15,漫,unihan:identity,85,11,17.0.0
漭,15,漭,unihan:identity,85,11,17.0.0
漯,15,漯,unihan:identity,85,11,17.0.0
漱,15,漱,unihan:identity,85,11,17.0.0
漳,15,漳,unihan:identity,85,11,17.0.0
漴,15,漴,unihan:identity,85,11,17.0.0
漶,15,漶,unihan:identity,85,11,17.0.0
漷,15,漷,unihan:identity,85,11,17.0.0
漹,15,漹,unihan:identity,85,11,17.0.0
漻,15,漻,unihan:identity,85,11,17.0.0
漼,15,漼,unihan:identity,85,11,17.0.0
漾,15,漾,unihan:identity,85,11,17.0.0
潆,20,瀠,char-table:preferred-traditional+unihan:kTraditionalVariant,85,16,17.0.0
潇,20,瀟,char-table:preferred-traditional+unihan:kTraditionalVariant,85,16,17.0.0
潋,21,瀲,char-table:preferred-traditional+unihan:kTraditionalVariant,85,17,17.0.0
潍,18,濰,char-table:preferred-traditional+unihan:kTraditionalVariant,85,14,17.0.0
潏,16,潏,unihan:identity,85,12,17.0.0
潖,16,潖,unihan:identity,85,12,17.0.0
潘,16,潘,unihan:identity,85,12,17.0.0
潜,16,潛,unihan:kTraditionalVariant[17.0.0],85,12,17.0.0
潞,16,潞,unihan:identity,85,12,17.0.0
潟,16,潟,unihan:identity,85,12,17.0.0
潢,16,潢,unihan:identity,85,12,17.0.0
潦,16,潦,unihan:identity,85,12,17.0.0
潩,16,潩,unihan:identity,85,12,17.0.0
潭,16,潭,unihan:identity,85,12,17.0.0
潮,16,潮,unihan:identity,85,12,17.0.0
潲,16,潲,unihan:identity,85,12,17.0.0
潴,20,瀦,unihan:kTraditionalVariant[17.0.0],85,16,17.0.0
潵,16,潵,unihan:identity,85,12,17.0.0
潸,16,潸,unihan:identity,85,12,17.0.0
潺,16,潺,unihan:identity,85,12,17.0.0
潼,16,潼,unihan:identity,85,12,17.0.0
潽,16,潽,unihan:identity,85,12,17.0.0
潾,16,潾,unihan:identity,85,12,17.0.0
澂,16,澂,unihan:identity,85,12,17.0.0
澄,16,澄,unihan:identity,85,12,17.0.0
澈,16,澈,unihan:identity,85,12,17.0.0
澉,16,澉,unihan:identity,85,12,17.0.0
澌,16,澌,unihan:identity,85,12,17.0.0
澍,16,澍,unihan:identity,85,12,17.0.0
澎,16,澎,unihan:identity,85,12,17.0.0
澛,19,瀂,char-table:preferred-traditional+unihan:kTraditionalVariant,85,15,17.0.0
澜,21,瀾,char-table:preferred-traditional+unihan:kTraditionalVariant,85,17,17.0.0
澡,17,澡,unihan:identity,85,13,17.0.0
澥,17,澥,unihan:identity,85,13,17.0.0
澧,17,澧,unihan:identity,85,13,17.0.0
澪,17,澪,unihan:identity,85,13,17.0.0
澭,17,澭,unihan:identity,85,13,17.0.0
澳,17,澳,unihan:identity,85,13,17.0.0
澴,17,澴,unihan:identity,85,13,17.0.0
澶,17,澶,unihan:identity,85,13,17.0.0
澹,17,澹,unihan:identity,85,13,17.0.0
澼,17,澼,unihan:identity,85,13,17.0.0
澽,17,澽,unihan:identity,85,13,17.0.0
激,17,激,unihan:identity,85,13,17.0.0
濂,17,濂,unihan:identity,85,13,17.0.0
濉,17,濉,unihan:identity,85,13,17.0.0
濋,17,濋,unihan:identity,85,13,17.0.0
濑,20,瀨,char-table:preferred-traditional+unihan:kTraditionalVariant,85,16,17.0.0
濒,20,瀕,char-table:preferred-traditional+unihan:kTraditionalVariant,85,16,17.0.0
濞,18,濞,unihan:identity,85,14,17.0.0
濠,18,濠,unihan:identity,85,14,17.0.0
濡,18,濡,unihan:identity,85,14,17.0.0
濩,18,濩,unihan:identity,85,14,17.0.0
濮,18,濮,unihan:identity,85,14,17.0.0
濯,18,濯,unihan:identity,85,14,17.0.0
瀌,19,瀌,unihan:identity,85,15,17.0.0
瀍,19,瀍,unihan:identity,85,15,17.0.0
瀑,19,瀑,unihan:identity,85,15,17.0.0
瀔,19,瀔,unihan:identity,85,15,17.0.0
瀚,20,瀚,unihan:identity,85,16,17.0.0
瀛,20,瀛,unihan:identity,85,16,17.0.0
瀣,20,瀣,unihan:identity,85,16,17.0.0
瀱,21,瀱,unihan:identity,85,17,17.0.0
瀵,21,瀵,unihan:identity,85,17,17.0.0
瀹,21,瀹,unihan:identity,85,17,17.0.0
瀼,21,瀼,unihan:identity,85,17,17.0.0
灈,22,灈,unihan:identity,85,18,17.0.0
灌,22,灌,unihan:identity,85,18,17.0.0
灏,25,灝,char-table:preferred-traditional+unihan:kTraditionalVariant,85,21,17.0.0
灞,25,灞,unihan:identity,85,21,17.0.0
火,4,火,unihan:identity,86,0,17.0.0
灭,14,滅,char-table:preferred-traditional+unihan:kTraditionalVariant,85,10,17.0.0
灯,16,燈,char-table:preferred-traditional+unihan:kTraditionalVariant,86,12,17.0.0
灰,6,灰,unihan:identity,86,2,17.0.0
灵,24,靈,char-table:preferred-traditional+unihan:kTraditionalVariant,173,16,17.0.0
灶,21,竈,char-table:preferred-traditional+unihan:kTraditionalVariant,116,16,17.0.0
灸,7,灸,unihan:identity,86,3,17.0.0
灼,7,灼,unihan:identity,86,3,17.0.0
灾,7,災,unihan:kTraditionalVariant[17.0.0],86,3,17.0.0
灿,17,燦,char-table:preferred-traditional+unihan:kTraditionalVariant,86,13,17.0.0
炀,13,煬,char-table:preferred-traditional+unihan:kTraditionalVariant,86,9,17.0.0
炅,8,炅,unihan:identity,86,4,17.0.0
炆,8,炆,unihan:identity,86,4,17.0.0
炉,20,爐,char-table:preferred-traditional+unihan:kTraditionalVariant,86,16,17.0.0
炊,8,炊,unihan:identity,86,4,17.0.0
炌,8,炌,unihan:identity,86,4,17.0.0
炎,8,炎,unihan:identity,86,4,17.0.0
炒,8,炒,unihan:identity,86,4,17.0.0
炔,8,炔,unihan:identity,86,4,17.0.0
炕,8,炕,unihan:identity,86,4,17.0.0
炖,8,炖,unihan:identity,86,4,17.0.0
炘,8,炘,unihan:identity,86,4,17.0.0
炙,8,炙,unihan:identity,86,4,17.0.0
炜,13,煒,char-table:preferred-traditional+unihan:kTraditionalVariant,86,9,17.0.0
炝,14,熗,char-table:preferred-traditional+unihan:kTraditionalVariant,86,10,17.0.0
炟,9,炟,unihan:identity,86,5,17.0.0
炣,9,炣,unihan:identity,86,5,17.0.0
炫,9,炫,unihan:identity,86,5,17.0.0
炬,9,炬,unihan:identity,86,5,17.0.0
炭,9,炭,unihan:identity,86,5,17.0.0
炮,9,炮,unihan:identity,86,5,17.0.0
炯,9,炯,unihan:identity,86,5,17.0.0
炱,9,炱,unihan:identity,86,5,17.0.0
炳,9,炳,unihan:identity,86,5,17.0.0
炷,9,炷,unihan:identity,86,5,17.0.0
炸,9,炸,unihan:identity,86,5,17.0.0
点,17,點,char-table:preferred-traditional+unihan:kTraditionalVariant,203,5,17.0.0
炻,9,炻,unihan:identity,86,5,17.0.0
炼,13,煉,char-table:preferred-traditional+unihan:kTraditionalVariant,86,9,17.0.0
炽,16,熾,char-table:preferred-traditional+unihan:kTraditionalVariant,86,12,17.0.0
烀,9,烀,unihan:identity,86,5,17.0.0
烁,19,爍,char-table:preferred-traditional+unihan:kTraditionalVariant,86,15,17.0.0
烂,21,爛,char-table:preferred-traditional+unihan:kTraditionalVariant,86,17,17.0.0
烃,11,烴,char-table:preferred-traditional+unihan:kTraditionalVariant,86,7,17.0.0
烈,10,烈,unihan:identity,86,6,17.0.0
烊,10,烊,unihan:identity,86,6,17.0.0
烔,10,烔,unihan:identity,86,6,17.0.0
烘,10,烘,unihan:identity,86,6,17.0.0
烙,10,烙,unihan:identity,86,6,17.0.0
烛,17,燭,char-table:preferred-traditional+unihan:kTraditionalVariant,86,13,17.0.0
烜,10,烜,unihan:identity,86,6,17.0.0
烝,10,烝,unihan:identity,86,6,17.0.0
烟,13,煙,unihan:kTraditionalVariant[17.0.0],86,9,17.0.0
烠,10,烠,unihan:identity,86,6,17.0.0
烤,10,烤,unihan:identity,86,6,17.0.0
烦,13,煩,char-table:preferred-traditional+unihan:kTraditionalVariant,86,9,17.0.0
烧,16,燒,char-table:preferred-traditional+unihan:kTraditionalVariant,86,12,17.0.0
烨,16,燁,char-table:preferred-traditional+unihan:kTraditionalVariant,86,12,17.0.0
烩,17,燴,char-table:preferred-traditional+unihan:kTraditionalVariant,86,13,17.0.0
烫,16,燙,char-table:preferred-traditional+unihan:kTraditionalVariant,86,12,17.0.0
烬,18,燼,char-table:preferred-traditional+unihan:kTraditionalVariant,86,14,17.0.0
热,15,熱,char-table:preferred-traditional+unihan:kTraditionalVariant,86,11,17.0.0
烯,11,烯,unihan:identity,86,7,17.0.0
烶,11,烶,unihan:identity,86,7,17.0.0
烷,11,烷,unihan:identity,86,7,17.0.0
烹,11,烹,unihan:identity,86,7,17.0.0
烺,11,烺,unihan:identity,86,7,17.0.0
烻,11,烻,unihan:identity,86,7,17.0.0
烽,11,烽,unihan:identity,86,7,17.0.0
焆,11,焆,unihan:identity,86,7,17.0.0
焉,11,焉,unihan:identity,86,7,17.0.0
焊,11,焊,unihan:identity,86,7,17.0.0
焌,11,焌,unihan:identity,86,7,17.0.0
焐,11,焐,unihan:identity,86,7,17.0.0
焓,11,焓,unihan:identity,86,7,17.0.0
焕,13,煥,unihan:kTraditionalVariant[17.0.0],86,9,17.0.0
焖,16,燜,char-table:preferred-traditional+unihan:kTraditionalVariant,86,12,17.0.0
焗,11,焗,unihan:identity,86,7,17.0.0
焘,18,燾,char-table:preferred-traditional+unihan:kTraditionalVariant,86,14,17.0.0
焙,12,焙,unihan:identity,86,8,17.0.0
焚,12,焚,unihan:identity,86,8,17.0.0
焜,12,焜,unihan:identity,86,8,17.0.0
焞,12,焞,unihan:identity,86,8,17.0.0
焦,12,焦,unihan:identity,86,8,17.0.0
焯,12,焯,unihan:identity,86,8,17.0.0
焰,12,焰,unihan:identity,86,8,17.0.0
焱,12,焱,unihan:identity,86,8,17.0.0
然,12,然,unihan:identity,86,8,17.0.0
煁,13,煁,unihan:identity,86,9,17.0.0
煃,13,煃,unihan:identity,86,9,17.0.0
煅,13,煅,unihan:identity,86,9,17.0.0
煊,13,煊,unihan:identity,86,9,17.0.0
煋,13,煋,unihan:identity,86,9,17.0.0
煌,13,煌,unihan:identity,86,9,17.0.0
煎,13,煎,unihan:identity,86,9,17.0.0
煓,13,煓,unihan:identity,86,9,17.0.0
煜,13,煜,unihan:identity,86,9,17.0.0
煞,13,煞,unihan:identity,86,9,17.0.0
煟,13,煟,unihan:identity,86,9,17.0.0
煤,13,煤,unihan:identity,86,9,17.0.0
煦,13,煦,unihan:identity,86,9,17.0.0
照,13,照,unihan:identity,86,9,17.0.0
煨,13,煨,unihan:identity,86,9,17.0.0
煮,12,煮,unihan:identity,86,8,17.0.0
煲,13,煲,unihan:identity,86,9,17.0.0
煳,13,煳,unihan:identity,86,9,17.0.0
煴,14,熅,unihan:kTraditionalVariant[17.0.0],86,10,17.0.0
煸,13,煸,unihan:identity,86,9,17.0.0
煺,13,煺,unihan:identity,86,9,17.0.0
煽,14,煽,unihan:identity,86,10,17.0.0
熄,14,熄,unihan:identity,86,10,17.0.0
熇,14,熇,unihan:identity,86,10,17.0.0
熊,14,熊,unihan:identity,86,10,17.0.0
熏,14,熏,unihan:identity,86,10,17.0.0
熔,14,熔,unihan:identity,86,10,17.0.0
熘,14,熘,unihan:identity,86,10,17.0.0
熙,14,熙,unihan:identity,86,10,17.0.0
熛,15,熛,unihan:identity,86,11,17.0.0
熜,15,熜,unihan:identity,86,11,17.0.0
熟,15,熟,unihan:identity,86,11,17.0.0
熠,15,熠,unihan:identity,86,11,17.0.0
熥,15,熥,unihan:identity,86,11,17.0.0
熨,15,熨,unihan:identity,86,11,17.0.0
熬,15,熬,unihan:identity,86,11,17.0.0
熵,15,熵,unihan:identity,86,11,17.0.0
熹,16,熹,unihan:identity,86,12,17.0.0
熻,16,熻,unihan:identity,86,12,17.0.0
燃,16,燃,unihan:identity,86,12,17.0.0
燊,16,燊,unihan:identity,86,12,17.0.0
燋,16,燋,unihan:identity,86,12,17.0.0
燎,16,燎,unihan:identity,86,12,17.0.0
燏,16,燏,unihan:identity,86,12,17.0.0
燔,16,燔,unihan:identity,86,12,17.0.0
燕,16,燕,unihan:identity,86,12,17.0.0
燚,16,燚,unihan:identity,86,12,17.0.0
燠,17,燠,unihan:identity,86,13,17.0.0
燥,17,燥,unihan:identity,86,13,17.0.0
燧,17,燧,unihan:identity,86,13,17.0.0
燮,17,燮,unihan:identity,86,13,17.0.0
燹,18,燹,unihan:identity,86,14,17.0.0
爆,19,爆,unihan:identity,86,15,17.0.0
爇,19,爇,unihan:identity,86,15,17.0.0
爔,20,爔,unihan:identity,86,16,17.0.0
爚,21,爚,unihan:identity,86,17,17.0.0
爝,22,爝,unihan:identity,86,18,17.0.0
爟,22,爟,unihan:identity,86,18,17.0.0
爨,29,爨,unihan:identity,86,25,17.0.0
爪,4,爪,unihan:identity,87,0,17.0.0
爬,8,爬,unihan:identity,87,4,17.0.0
爰,9,爰,unihan:identity,87,5,17.0.0
爱,13,愛,char-table:preferred-traditional+unihan:kTraditionalVariant,61,9,17.0.0
爵,18,爵,unihan:identity,87,14,17.0.0
父,4,父,unihan:identity,88,0,17.0.0
爷,13,爺,char-table:preferred-traditional+unihan:kTraditionalVariant,88,9,17.0.0
爸,8,爸,unihan:identity,88,4,17.0.0
爹,10,爹,unihan:identity,88,6,17.0.0
爻,4,爻,unihan:identity,89,0,17.0.0
爽,11,爽,unihan:identity,89,7,17.0.0
爿,4,爿,unihan:identity,90,0,17.0.0
牁,9,牁,unihan:identity,90,5,17.0.0
牂,10,牂,unihan:identity,90,6,17.0.0
片,4,片,unihan:identity,91,0,17.0.0
版,8,版,unihan:identity,91,4,17.0.0
牌,12,牌,unihan:identity,91,8,17.0.0
牍,19,牘,char-table:preferred-traditional+unihan:kTraditionalVariant,91,15,17.0.0
牒,13,牒,unihan:identity,91,9,17.0.0
牖,15,牖,unihan:identity,91,11,17.0.0
牙,4,牙,unihan:identity,92,0,17.0.0
牚,12,牚,unihan:identity,92,8,17.0.0
牛,4,牛,unihan:identity,93,0,17.0.0
牝,6,牝,unihan:identity,93,2,17.0.0
牟,6,牟,unihan:identity,93,2,17.0.0
牡,7,牡,unihan:identity,93,3,17.0.0
牢,7,牢,unihan:identity,93,3,17.0.0
牤,7,牤,unihan:identity,93,3,17.0.0
牥,8,牥,unihan:identity,93,4,17.0.0
牦,15,氂,unihan:kTraditionalVariant[17.0.0],82,11,17.0.0
牧,8,牧,unihan:identity,93,4,17.0.0
物,8,物,unihan:identity,93,4,17.0.0
牮,9,牮,unihan:identity,93,5,17.0.0
牯,9,牯,unihan:identity,93,5,17.0.0
牲,9,牲,unihan:identity,93,5,17.0.0
牵,11,牽,char-table:preferred-traditional+unihan:kTraditionalVariant,93,7,17.0.0
特,10,特,unihan:identity,93,6,17.0.0
牺,20,犧,char-table:preferred-traditional+unihan:kTraditionalVariant,93,16,17.0.0
牻,11,牻,unihan:identity,93,7,17.0.0
牾,11,牾,unihan:identity,93,7,17.0.0
牿,11,牿,unihan:identity,93,7,17.0.0
犀,12,犀,unihan:identity,93,8,17.0.0
犁,11,犁,unihan:identity,93,7,17.0.0
犄,12,犄,unihan:identity,93,8,17.0.0
犇,12,犇,unihan:identity,93,8,17.0.0
犊,19,犢,char-table:preferred-traditional+unihan:kTraditionalVariant,93,15,17.0.0
犋,12,犋,unihan:identity,93,8,17.0.0
犍,13,犍,unihan:identity,93,9,17.0.0
犏,13,犏,unihan:identity,93,9,17.0.0
犒,14,犒,unihan:identity,93,10,17.0.0
犟,16,犟,unihan:identity,93,12,17.0.0
犨,20,犨,unihan:identity,93,16,17.0.0
犬,4,犬,unihan:identity,94,0,17.0.0
犯,6,犯,unihan:identity,94,2,17.0.0
犰,6,犰,unihan:identity,94,2,17.0.0
犴,7,犴,unihan:identity,94,3,17.0.0
状,8,狀,char-table:preferred-traditional+unihan:kTraditionalVariant,94,4,17.0.0
犷,19,獷,char-table:preferred-traditional+unihan:kTraditionalVariant,94,15,17.0.0
犸,13,獁,char-table:preferred-traditional+unihan:kTraditionalVariant,94,9,17.0.0
犹,13,猶,char-table:preferred-traditional+unihan:kTraditionalVariant,94,9,17.0.0
狁,8,狁,unihan:identity,94,4,17.0.0
狂,8,狂,unihan:identity,94,4,17.0.0
狃,8,狃,unihan:identity,94,4,17.0.0
狄,8,狄,unihan:identity,94,4,17.0.0
狈,11,狽,char-table:preferred-traditional+unihan:kTraditionalVariant,94,7,17.0.0
狉,9,狉,unihan:identity,94,5,17.0.0
狍,9,狍,unihan:identity,94,5,17.0.0
狎,9,狎,unihan:identity,94,5,17.0.0
狐,9,狐,unihan:identity,94,5,17.0.0
狒,9,狒,unihan:identity,94,5,17.0.0
狗,9,狗,unihan:identity,94,5,17.0.0
狙,9,狙,unihan:identity,94,5,17.0.0
狝,18,獮,char-table:preferred-traditional+unihan:kTraditionalVariant,94,14,17.0.0
狞,18,獰,char-table:preferred-traditional+unihan:kTraditionalVariant,94,14,17.0.0
狠,10,狠,unihan:identity,94,6,17.0.0
狡,10,狡,unihan:identity,94,6,17.0.0
狨,10,狨,unihan:identity,94,6,17.0.0
狩,10,狩,unihan:identity,94,6,17.0.0
独,17,獨,char-table:preferred-traditional+unihan:kTraditionalVariant,94,13,17.0.0
狭,11,狹,char-table:preferred-traditional+unihan:kTraditionalVariant,94,7,17.0.0
狮,14,獅,unihan:kTraditionalVariant[17.0.0],94,10,17.0.0
狯,17,獪,char-table:preferred-traditional+unihan:kTraditionalVariant,94,13,17.0.0
狰,12,猙,unihan:kTraditionalVariant[17.0.0],94,8,17.0.0
狱,15,獄,char-table:preferred-traditional+unihan:kTraditionalVariant,94,11,17.0.0
狲,14,猻,char-table:preferred-traditional+unihan:kTraditionalVariant,94,10,17.0.0
狳,11,狳,unihan:identity,94,7,17.0.0
狴,11,狴,unihan:identity,94,7,17.0.0
狷,11,狷,unihan:identity,94,7,17.0.0
狸,11,狸,unihan:identity,94,7,17.0.0
狺,11,狺,unihan:identity,94,7,17.0.0
狻,11,狻,unihan:identity,94,7,17.0.0
狼,11,狼,unihan:identity,94,7,17.0.0
猁,11,猁,unihan:identity,94,7,17.0.0
猃,17,獫,char-table:preferred-traditional+unihan:kTraditionalVariant,94,13,17.0.0
猄,12,猄,unihan:identity,94,8,17.0.0
猇,12,猇,unihan:identity,94,8,17.0.0
猊,12,猊,unihan:identity,94,8,17.0.0
猎,19,獵,char-table:preferred-traditional+unihan:kTraditionalVariant,94,15,17.0.0
猕,21,獼,char-table:preferred-traditional+unihan:kTraditionalVariant,94,17,17.0.0
猖,12,猖,unihan:identity,94,8,17.0.0
猗,12,猗,unihan:identity,94,8,17.0.0
猛,12,猛,unihan:identity,94,8,17.0.0
猜,12,猜,unihan:identity,94,8,17.0.0
猝,12,猝,unihan:identity,94,8,17.0.0
猞,12,猞,unihan:identity,94,8,17.0.0
猡,23,玀,char-table:preferred-traditional+unihan:kTraditionalVariant,94,19,17.0.0
猢,13,猢,unihan:identity,94,9,17.0.0
猥,13,猥,unihan:identity,94,9,17.0.0
猩,13,猩,unihan:identity,94,9,17.0.0
猪,16,豬,unihan:kTraditionalVariant[17.0.0],152,9,17.0.0
猫,16,貓,unihan:kTraditionalVariant[17.0.0],153,9,17.0.0
猬,15,蝟,unihan:kTraditionalVariant[17.0.0],142,9,17.0.0
献,20,獻,char-table:preferred-traditional+unihan:kTraditionalVariant,94,16,17.0.0
猯,13,猯,unihan:identity,94,9,17.0.0
猰,13,猰,unihan:identity,94,9,17.0.0
猱,13,猱,unihan:identity,94,9,17.0.0
猴,13,猴,unihan:identity,94,9,17.0.0
猷,13,猷,unihan:identity,94,9,17.0.0
猹,13,猹,unihan:identity,94,9,17.0.0
猺,14,猺,unihan:identity,94,10,17.0.0
猾,14,猾,unihan:identity,94,10,17.0.0
猿,14,猿,unihan:identity,94,10,17.0.0
獍,15,獍,unihan:identity,94,11,17.0.0
獐,15,獐,unihan:identity,94,11,17.0.0
獒,15,獒,unihan:identity,94,11,17.0.0
獗,16,獗,unihan:identity,94,12,17.0.0
獠,16,獠,unihan:identity,94,12,17.0.0
獬,17,獬,unihan:identity,94,13,17.0.0
獭,20,獺,char-table:preferred-traditional+unihan:kTraditionalVariant,94,16,17.0.0
獯,18,獯,unihan:identity,94,14,17.0.0
獴,18,獴,unihan:identity,94,14,17.0.0
獾,22,獾,unihan:identity,94,18,17.0.0
玃,24,玃,unihan:identity,94,20,17.0.0
玄,5,玄,unihan:identity,95,0,17.0.0
率,11,率,unihan:identity,95,6,17.0.0
玉,5,玉,unihan:identity,96,0,17.0.0
王,4,王,unihan:identity,96,-1,17.0.0
玎,7,玎,unihan:identity,96,2,17.0.0
玑,17,璣,char-table:preferred-traditional+unihan:kTraditionalVariant,96,12,17.0.0
玒,8,玒,unihan:identity,96,3,17.0.0
玓,8,玓,unihan:identity,96,3,17.0.0
玕,8,玕,unihan:identity,96,3,17.0.0
玖,8,玖,unihan:identity,96,3,17.0.0
玘,8,玘,unihan:identity,96,3,17.0.0
玙,19,璵,char-table:preferred-traditional+unihan:kTraditionalVariant,96,14,17.0.0
玚,14,瑒,char-table:preferred-traditional+unihan:kTraditionalVariant,96,9,17.0.0
玛,15,瑪,char-table:preferred-traditional+unihan:kTraditionalVariant,96,10,17.0.0
玞,9,玞,unihan:identity,96,4,17.0.0
玟,9,玟,unihan:identity,96,4,17.0.0
玠,9,玠,unihan:identity,96,4,17.0.0
玡,9,玡,unihan:identity,96,4,17.0.0
玢,9,玢,unihan:identity,96,4,17.0.0
玤,9,玤,unihan:identity,96,4,17.0.0
玥,9,玥,unihan:identity,96,4,17.0.0
玦,9,玦,unihan:identity,96,4,17.0.0
玩,9,玩,unihan:identity,96,4,17.0.0
玫,9,玫,unihan:identity,96,4,17.0.0
玭,9,玭,unihan:identity,96,4,17.0.0
玮,14,瑋,char-table:preferred-traditional+unihan:kTraditionalVariant,96,9,17.0.0
环,18,環,char-table:preferred-traditional+unihan:kTraditionalVariant,96,13,17.0.0
现,12,現,char-table:preferred-traditional+unihan:kTraditionalVariant,96,7,17.0.0
玱,15,瑲,char-table:preferred-traditional+unihan:kTraditionalVariant,96,10,17.0.0
玲,10,玲,unihan:identity,96,5,17.0.0
玳,10,玳,unihan:identity,96,5,17.0.0
玶,10,玶,unihan:identity,96,5,17.0.0
玷,10,玷,unihan:identity,96,5,17.0.0
玹,10,玹,unihan:identity,96,5,17.0.0
玺,19,璽,char-table:preferred-traditional+unihan:kTraditionalVariant,96,14,17.0.0
玻,10,玻,unihan:identity,96,5,17.0.0
玼,10,玼,unihan:identity,96,5,17.0.0
玿,10,玿,unihan:identity,96,5,17.0.0
珀,10,珀,unihan:identity,96,5,17.0.0
珂,10,珂,unihan:identity,96,5,17.0.0
珅,10,珅,unihan:identity,96,5,17.0.0
珇,10,珇,unihan:identity,96,5,17.0.0
珈,10,珈,unihan:identity,96,5,17.0.0
珉,10,珉,unihan:identity,96,5,17.0.0
珊,10,珊,unihan:identity,96,5,17.0.0
珋,10,珋,unihan:identity,96,5,17.0.0
珌,10,珌,unihan:identity,96,5,17.0.0
珍,10,珍,unihan:identity,96,5,17.0.0
珏,10,珏,unihan:identity,96,5,17.0.0
珐,13,琺,unihan:kTraditionalVariant[17.0.0],96,8,17.0.0
珑,21,瓏,char-table:preferred-traditional+unihan:kTraditionalVariant,96,16,17.0.0
珒,11,珒,unihan:identity,96,6,17.0.0
珕,11,珕,unihan:identity,96,6,17.0.0
珖,11,珖,unihan:identity,96,6,17.0.0
珙,11,珙,unihan:identity,96,6,17.0.0
珛,11,珛,unihan:identity,96,6,17.0.0
珝,11,珝,unihan:identity,96,6,17.0.0
珞,11,珞,unihan:identity,96,6,17.0.0
珠,11,珠,unihan:identity,96,6,17.0.0
珢,11,珢,unihan:identity,96,6,17.0.0
珣,11,珣,unihan:identity,96,6,17.0.0
珥,11,珥,unihan:identity,96,6,17.0.0
珦,11,珦,unihan:identity,96,6,17.0.0
珧,11,珧,unihan:identity,96,6,17.0.0
珩,11,珩,unihan:identity,96,6,17.0.0
珪,11,珪,unihan:identity,96,6,17.0.0
珫,11,珫,unihan:identity,96,6,17.0.0
班,11,班,unihan:identity,96,6,17.0.0
珰,18,璫,char-table:preferred-traditional+unihan:kTraditionalVariant,96,13,17.0.0
珲,14,琿,char-table:preferred-traditional+unihan:kTraditionalVariant,96,9,17.0.0
珵,12,珵,unihan:identity,96,7,17.0.0
珷,13,珷,unihan:identity,96,8,17.0.0
珸,12,珸,unihan:identity,96,7,17.0.0
珹,12,珹,unihan:identity,96,7,17.0.0
珺,12,珺,unihan:identity,96,7,17.0.0
珽,12,珽,unihan:identity,96,7,17.0.0
琀,12,琀,unihan:identity,96,7,17.0.0
球,12,球,unihan:identity,96,7,17.0.0
琄,12,琄,unihan:identity,96,7,17.0.0
琅,12,琅,unihan:identity,96,7,17.0.0
理,12,理,unihan:identity,96,7,17.0.0
琇,12,琇,unihan:identity,96,7,17.0.0
琈,12,琈,unihan:identity,96,7,17.0.0
琉,12,琉,unihan:identity,96,7,17.0.0
琊,12,琊,unihan:identity,96,7,17.0.0
琎,17,璡,char-table:preferred-traditional+unihan:kTraditionalVariant,96,12,17.0.0
琏,16,璉,char-table:preferred-traditional+unihan:kTraditionalVariant,96,11,17.0.0
琐,15,瑣,char-table:preferred-traditional+unihan:kTraditionalVariant,96,10,17.0.0
琔,13,琔,unihan:identity,96,8,17.0.0
琚,13,琚,unihan:identity,96,8,17.0.0
琛,13,琛,unihan:identity,96,8,17.0.0
琟,13,琟,unihan:identity,96,8,17.0.0
琡,13,琡,unihan:identity,96,8,17.0.0
琢,13,琢,unihan:identity,96,8,17.0.0
琤,13,琤,unihan:identity,96,8,17.0.0
琥,13,琥,unihan:identity,96,8,17.0.0
琦,13,琦,unihan:identity,96,8,17.0.0
琨,13,琨,unihan:identity,96,8,17.0.0
琪,13,琪,unihan:identity,96,8,17.0.0
琫,13,琫,unihan:identity,96,8,17.0.0
琬,13,琬,unihan:identity,96,8,17.0.0
琭,13,琭,unihan:identity,96,8,17.0.0
琮,13,琮,unihan:identity,96,8,17.0.0
琯,13,琯,unihan:identity,96,8,17.0.0
琰,13,琰,unihan:identity,96,8,17.0.0
琲,13,琲,unihan:identity,96,8,17.0.0
琳,13,琳,unihan:identity,96,8,17.0.0
琴,13,琴,unihan:identity,96,8,17.0.0
琵,13,琵,unihan:identity,96,8,17.0.0
琶,13,琶,unihan:identity,96,8,17.0.0
琼,20,瓊,char-table:preferred-traditional+unihan:kTraditionalVariant,96,15,17.0.0
瑀,14,瑀,unihan:identity,96,9,17.0.0
瑁,14,瑁,unihan:identity,96,9,17.0.0
瑂,14,瑂,unihan:identity,96,9,17.0.0
瑃,14,瑃,unihan:identity,96,9,17.0.0
瑄,14,瑄,unihan:identity,96,9,17.0.0
瑅,14,瑅,unihan:identity,96,9,17.0.0
瑆,14,瑆,unihan:identity,96,9,17.0.0
瑑,14,瑑,unihan:identity,96,9,17.0.0
瑓,14,瑓,unihan:identity,96,9,17.0.0
瑔,14,瑔,unihan:identity,96,9,17.0.0
瑕,14,瑕,unihan:identity,96,9,17.0.0
瑖,14,瑖,unihan:identity,96,9,17.0.0
瑗,14,瑗,unihan:identity,96,9,17.0.0
瑙,14,瑙,unihan:identity,96,9,17.0.0
瑚,14,瑚,unihan:identity,96,9,17.0.0
瑛,14,瑛,unihan:identity,96,9,17.0.0
瑜,14,瑜,unihan:identity,96,9,17.0.0
瑝,14,瑝,unihan:identity,96,9,17.0.0
瑞,14,瑞,unihan:identity,96,9,17.0.0
瑟,14,瑟,unihan:identity,96,9,17.0.0
瑢,15,瑢,unihan:identity,96,10,17.0.0
瑧,15,瑧,unihan:identity,96,10,17.0.0
瑨,15,瑨,unihan:identity,96,10,17.0.0
瑬,15,瑬,unihan:identity,96,10,17.0.0
瑭,15,瑭,unihan:identity,96,10,17.0.0
瑰,15,瑰,unihan:identity,96,10,17.0.0
瑱,15,瑱,unihan:identity,96,10,17.0.0
瑳,15,瑳,unihan:identity,96,10,17.0.0
瑶,15,瑤,unihan:kTraditionalVariant[17.0.0],96,10,17.0.0
瑷,18,璦,char-table:preferred-traditional+unihan:kTraditionalVariant,96,13,17.0.0
瑾,16,瑾,unihan:identity,96,11,17.0.0
璀,16,璀,unihan:identity,96,11,17.0.0
璁,16,璁,unihan:identity,96,11,17.0.0
璃,16,璃,unihan:identity,96,11,17.0.0
璆,16,璆,unihan:identity,96,11,17.0.0
璇,16,璇,unihan:identity,96,11,17.0.0
璈,16,璈,unihan:identity,96,11,17.0.0
璋,16,璋,unihan:identity,96,11,17.0.0
璎,22,瓔,char-table:preferred-traditional+unihan:kTraditionalVariant,96,17,17.0.0
璐,17,璐,unihan:identity,96,12,17.0.0
璒,17,璒,unihan:identity,96,12,17.0.0
璘,17,璘,unihan:identity,96,12,17.0.0
璜,17,璜,unihan:identity,96,12,17.0.0
璞,17,璞,unihan:identity,96,12,17.0.0
璟,17,璟,unihan:identity,96,12,17.0.0
璠,17,璠,unihan:identity,96,12,17.0.0
璥,18,璥,unihan:identity,96,13,17.0.0
璧,18,璧,unihan:identity,96,13,17.0.0
璨,18,璨,unihan:identity,96,13,17.0.0
璩,18,璩,unihan:identity,96,13,17.0.0
璪,18,璪,unihan:identity,96,13,17.0.0
璬,18,璬,unihan:identity,96,13,17.0.0
璮,18,璮,unihan:identity,96,13,17.0.0
璱,18,璱,unihan:identity,96,13,17.0.0
璲,18,璲,unihan:identity,96,13,17.0.0
璺,19,璺,unihan:identity,96,14,17.0.0
瓀,19,瓀,unihan:identity,96,14,17.0.0
瓒,24,瓚,char-table:preferred-traditional+unihan:kTraditionalVariant,96,19,17.0.0
瓖,22,瓖,unihan:identity,96,17,17.0.0
瓘,23,瓘,unihan:identity,96,18,17.0.0
瓜,5,瓜,unihan:identity,97,0,17.0.0
瓞,10,瓞,unihan:identity,97,5,17.0.0
瓠,11,瓠,unihan:identity,97,6,17.0.0
瓢,16,瓢,unihan:identity,97,11,17.0.0
瓣,19,瓣,unihan:identity,97,14,17.0.0
瓤,22,瓤,unihan:identity,97,17,17.0.0
瓦,5,瓦,unihan:identity,98,0,17.0.0
瓮,9,瓮,unihan:identity,98,4,17.0.0
瓯,16,甌,char-table:preferred-traditional+unihan:kTraditionalVariant,98,11,17.0.0
瓴,10,瓴,unihan:identity,98,5,17.0.0
瓶,11,瓶,unihan:identity,98,6,17.0.0
瓷,11,瓷,unihan:identity,98,6,17.0.0
瓻,12,瓻,unihan:identity,98,7,17.0.0
瓿,13,瓿,unihan:identity,98,8,17.0.0
甄,14,甄,unihan:identity,98,9,17.0.0
甍,16,甍,unihan:identity,98,11,17.0.0
甏,17,甏,unihan:identity,98,12,17.0.0
甑,17,甑,unihan:identity,98,12,17.0.0
甓,18,甓,unihan:identity,98,13,17.0.0
甗,21,甗,unihan:identity,98,16,17.0.0
甘,5,甘,unihan:identity,99,0,17.0.0
甚,9,甚,unihan:identity,99,4,17.0.0
甜,11,甜,unihan:identity,99,6,17.0.0
生,5,生,unihan:identity,100,0,17.0.0
甡,10,甡,unihan:identity,100,5,17.0.0
甥,12,甥,unihan:identity,100,7,17.0.0
甦,12,甦,unihan:identity,100,7,17.0.0
用,5,用,unihan:identity,101,0,17.0.0
甩,5,甩,unihan:identity,101,0,17.0.0
甪,6,甪,unihan:identity,101,1,17.0.0
甫,7,甫,unihan:identity,101,2,17.0.0
甬,7,甬,unihan:identity,101,2,17.0.0
甭,9,甭,unihan:identity,101,4,17.0.0
甯,12,甯,unihan:identity,101,7,17.0.0
田,5,田,unihan:identity,102,0,17.0.0
由,5,由,unihan:identity,102,0,17.0.0
甲,5,甲,unihan:identity,102,0,17.0.0
申,5,申,unihan:identity,102,0,17.0.0
电,13,電,char-table:preferred-traditional+unihan:kTraditionalVariant,173,5,17.0.0
男,7,男,unihan:identity,102,2,17.0.0
甸,7,甸,unihan:identity,102,2,17.0.0
町,7,町,unihan:identity,102,2,17.0.0
画,12,畫,char-table:preferred-traditional+unihan:kTraditionalVariant,102,7,17.0.0
甾,8,甾,unihan:identity,102,3,17.0.0
畀,8,畀,unihan:identity,102,3,17.0.0
畅,14,暢,char-table:preferred-traditional+unihan:kTraditionalVariant,72,10,17.0.0
畈,9,畈,unihan:identity,102,4,17.0.0
畋,9,畋,unihan:identity,102,4,17.0.0
界,9,界,unihan:identity,102,4,17.0.0
畎,9,畎,unihan:identity,102,4,17.0.0
畏,9,畏,unihan:identity,102,4,17.0.0
畔,10,畔,unihan:identity,102,5,17.0.0
畖,10,畖,unihan:identity,102,5,17.0.0
留,10,留,unihan:identity,102,5,17.0.0
畚,10,畚,unihan:identity,102,5,17.0.0
畛,10,畛,unihan:identity,102,5,17.0.0
畜,10,畜,unihan:identity,102,5,17.0.0
畤,11,畤,unihan:identity,102,6,17.0.0
略,11,略,unihan:identity,102,6,17.0.0
畦,11,畦,unihan:identity,102,6,17.0.0
番,12,番,unihan:identity,102,7,17.0.0
畬,12,畬,unihan:identity,102,7,17.0.0
畯,12,畯,unihan:identity,102,7,17.0.0
畲,12,畲,unihan:identity,102,7,17.0.0
畴,19,疇,char-table:preferred-traditional+unihan:kTraditionalVariant,102,14,17.0.0
畸,13,畸,unihan:identity,102,8,17.0.0
畹,13,畹,unihan:identity,102,8,17.0.0
畿,15,畿,unihan:identity,102,10,17.0.0
疁,16,疁,unihan:identity,102,11,17.0.0
疃,17,疃,unihan:identity,102,12,17.0.0
疆,19,疆,unihan:identity,102,14,17.0.0
疍,10,疍,unihan:identity,103,5,17.0.0
疏,12,疏,unihan:identity,103,7,17.0.0
疐,14,疐,unihan:identity,103,9,17.0.0
疑,14,疑,unihan:identity,103,9,17.0.0
疔,7,疔,unihan:identity,104,2,17.0.0
疖,20,癤,char-table:preferred-traditional+unihan:kTraditionalVariant,104,15,17.0.0
疗,17,療,char-table:preferred-traditional+unihan:kTraditionalVariant,104,12,17.0.0
疙,8,疙,unihan:identity,104,3,17.0.0
疚,8,疚,unihan:identity,104,3,17.0.0
疝,8,疝,unihan:identity,104,3,17.0.0
疟,14,瘧,char-table:preferred-traditional+unihan:kTraditionalVariant,104,9,17.0.0
疠,18,癘,char-table:preferred-traditional+unihan:kTraditionalVariant,104,13,17.0.0
疡,14,瘍,char-table:preferred-traditional+unihan:kTraditionalVariant,104,9,17.0.0
疢,9,疢,unihan:identity,104,4,17.0.0
疣,9,疣,unihan:identity,104,4,17.0.0
疤,9,疤,unihan:identity,104,4,17.0.0
疥,9,疥,unihan:identity,104,4,17.0.0
疫,9,疫,unihan:identity,104,4,17.0.0
疬,21,癧,char-table:preferred-traditional+unihan:kTraditionalVariant,104,16,17.0.0
疭,16,瘲,char-table:preferred-traditional+unihan:kTraditionalVariant,104,11,17.0.0
疮,15,瘡,char-table:preferred-traditional+unihan:kTraditionalVariant,104,10,17.0.0
疯,14,瘋,char-table:preferred-traditional+unihan:kTraditionalVariant,104,9,17.0.0
疰,10,疰,unihan:identity,104,5,17.0.0
疱,10,皰,unihan:kTraditionalVariant[17.0.0],107,5,17.0.0
疲,10,疲,unihan:identity,104,5,17.0.0
疳,10,疳,unihan:identity,104,5,17.0.0
疴,13,痾,unihan:kTraditionalVariant[17.0.0],104,8,17.0.0
疵,10,疵,unihan:identity,104,5,17.0.0
疸,10,疸,unihan:identity,104,5,17.0.0
疹,10,疹,unihan:identity,104,5,17.0.0
疼,10,疼,unihan:identity,104,5,17.0.0
疽,10,疽,unihan:identity,104,5,17.0.0
疾,10,疾,unihan:identity,104,5,17.0.0
痂,10,痂,unihan:identity,104,5,17.0.0
痃,10,痃,unihan:identity,104,5,17.0.0
痄,10,痄,unihan:identity,104,5,17.0.0
病,10,病,unihan:identity,104,5,17.0.0
症,20,癥,char-table:preferred-traditional+unihan:kTraditionalVariant,104,15,17.0.0
痈,23,癰,char-table:preferred-traditional+unihan:kTraditionalVariant,104,18,17.0.0
痉,12,痙,char-table:preferred-traditional+unihan:kTraditionalVariant,104,7,17.0.0
痊,11,痊,unihan:identity,104,6,17.0.0
痍,11,痍,unihan:identity,104,6,17.0.0
痒,20,癢,char-table:preferred-traditional+unihan:kTraditionalVariant,104,15,17.0.0
痓,11,痓,unihan:identity,104,6,17.0.0
痔,11,痔,unihan:identity,104,6,17.0.0
痕,11,痕,unihan:identity,104,6,17.0.0
痘,12,痘,unihan:identity,104,7,17.0.0
痛,12,痛,unihan:identity,104,7,17.0.0
痞,12,痞,unihan:identity,104,7,17.0.0
痢,12,痢,unihan:identity,104,7,17.0.0
痣,12,痣,unihan:identity,104,7,17.0.0
痤,12,痤,unihan:identity,104,7,17.0.0
痦,12,痦,unihan:identity,104,7,17.0.0
痧,12,痧,unihan:identity,104,7,17.0.0
痨,17,癆,char-table:preferred-traditional+unihan:kTraditionalVariant,104,12,17.0.0
痪,14,瘓,unihan:kTraditionalVariant[17.0.0],104,9,17.0.0
痫,17,癇,char-table:preferred-traditional+unihan:kTraditionalVariant,104,12,17.0.0
痰,13,痰,unihan:identity,104,8,17.0.0
痱,13,痱,unihan:identity,104,8,17.0.0
痴,13,痴,unihan:identity,104,8,17.0.0
痹,13,痹,unihan:identity,104,8,17.0.0
痼,13,痼,unihan:identity,104,8,17.0.0
痿,13,痿,unihan:identity,104,8,17.0.0
瘀,13,瘀,unihan:identity,104,8,17.0.0
瘁,13,瘁,unihan:identity,104,8,17.0.0
瘃,13,瘃,unihan:identity,104,8,17.0.0
瘅,17,癉,char-table:preferred-traditional+unihan:kTraditionalVariant,104,12,17.0.0
瘆,16,瘮,char-table:preferred-traditional+unihan:kTraditionalVariant,104,11,17.0.0
瘊,14,瘊,unihan:identity,104,9,17.0.0
瘌,14,瘌,unihan:identity,104,9,17.0.0
瘐,14,瘐,unihan:identity,104,9,17.0.0
瘕,14,瘕,unihan:identity,104,9,17.0.0
瘗,15,瘞,char-table:preferred-traditional+unihan:kTraditionalVariant,104,10,17.0.0
瘘,16,瘻,char-table:preferred-traditional+unihan:kTraditionalVariant,104,11,17.0.0
瘙,15,瘙,unihan:identity,104,10,17.0.0
瘛,15,瘛,unihan:identity,104,10,17.0.0
瘟,14,瘟,unihan:identity,104,9,17.0.0
瘠,15,瘠,unihan:identity,104,10,17.0.0
瘢,15,瘢,unihan:identity,104,10,17.0.0
瘤,15,瘤,unihan:identity,104,10,17.0.0
瘥,15,瘥,unihan:identity,104,10,17.0.0
瘦,15,瘦,unihan:identity,104,10,17.0.0
瘩,15,瘩,unihan:identity,104,10,17.0.0
瘪,19,癟,char-table:preferred-traditional+unihan:kTraditionalVariant,104,14,17.0.0
瘫,24,癱,char-table:preferred-traditional+unihan:kTraditionalVariant,104,19,17.0.0
瘭,16,瘭,unihan:identity,104,11,17.0.0
瘰,16,瘰,unihan:identity,104,11,17.0.0
瘳,16,瘳,unihan:identity,104,11,17.0.0
瘴,16,瘴,unihan:identity,104,11,17.0.0
瘵,16,瘵,unihan:identity,104,11,17.0.0
瘸,16,瘸,unihan:identity,104,11,17.0.0
瘼,16,瘼,unihan:identity,104,11,17.0.0
瘾,22,癮,char-table:preferred-traditional+unihan:kTraditionalVariant,104,17,17.0.0
瘿,22,癭,char-table:preferred-traditional+unihan:kTraditionalVariant,104,17,17.0.0
癀,17,癀,unihan:identity,104,12,17.0.0
癃,17,癃,unihan:identity,104,12,17.0.0
癌,17,癌,unihan:identity,104,12,17.0.0
癍,17,癍,unihan:identity,104,12,17.0.0
癔,18,癔,unihan:identity,104,13,17.0.0
癖,18,癖,unihan:identity,104,13,17.0.0
癗,18,癗,unihan:identity,104,13,17.0.0
癜,18,癜,unihan:identity,104,13,17.0.0
癞,21,癩,char-table:preferred-traditional+unihan:kTraditionalVariant,104,16,17.0.0
癣,22,癬,char-table:preferred-traditional+unihan:kTraditionalVariant,104,17,17.0.0
癫,24,癲,char-table:preferred-traditional+unihan:kTraditionalVariant,104,19,17.0.0
癯,23,癯,unihan:identity,104,18,17.0.0
癸,9,癸,unihan:identity,105,4,17.0.0
登,12,登,unihan:identity,105,7,17.0.0
白,5,白,unihan:identity,106,0,17.0.0
百,6,百,unihan:identity,106,1,17.0.0
癿,6,癿,unihan:identity,106,1,17.0.0
皂,7,皂,unihan:identity,106,2,17.0.0
的,8,的,unihan:identity,106,3,17.0.0
皆,9,皆,unihan:identity,106,4,17.0.0
皇,9,皇,unihan:identity,106,4,17.0.0
皈,9,皈,unihan:identity,106,4,17.0.0
皋,10,皋,unihan:identity,106,5,17.0.0
皎,11,皎,unihan:identity,106,6,17.0.0
皑,15,皚,char-table:preferred-traditional+unihan:kTraditionalVariant,106,10,17.0.0
皓,12,皓,unihan:identity,106,7,17.0.0
皕,12,皕,unihan:identity,106,7,17.0.0
皖,12,皖,unihan:identity,106,7,17.0.0
皙,13,皙,unihan:identity,106,8,17.0.0
皛,15,皛,unihan:identity,106,10,17.0.0
皞,15,皞,unihan:identity,106,10,17.0.0
皤,17,皤,unihan:identity,106,12,17.0.0
皦,18,皦,unihan:identity,106,13,17.0.0
皭,23,皭,unihan:identity,106,18,17.0.0
皮,5,皮,unihan:identity,107,0,17.0.0
皱,15,皺,char-table:preferred-traditional+unihan:kTraditionalVariant,107,10,17.0.0
皲,14,皸,char-table:preferred-traditional+unihan:kTraditionalVariant,107,9,17.0.0
皴,12,皴,unihan:identity,107,7,17.0.0
皿,5,皿,unihan:identity,108,0,17.0.0
盂,8,盂,unihan:identity,108,3,17.0.0
盅,9,盅,unihan:identity,108,4,17.0.0
盆,9,盆,unihan:identity,108,4,17.0.0
盈,9,盈,unihan:identity,108,4,17.0.0
盉,10,盉,unihan:identity,108,5,17.0.0
益,10,益,unihan:identity,108,5,17.0.0
盍,10,盍,unihan:identity,108,5,17.0.0
盎,10,盎,unihan:identity,108,5,17.0.0
盏,13,盞,char-table:preferred-traditional+unihan:kTraditionalVariant,108,8,17.0.0
盐,24,鹽,char-table:preferred-traditional+unihan:kTraditionalVariant,197,13,17.0.0
监,14,監,char-table:preferred-traditional+unihan:kTraditionalVariant,108,9,17.0.0
盒,11,盒,unihan:identity,108,6,17.0.0
盔,11,盔,unihan:identity,108,6,17.0.0
盖,16,蓋,char-table:preferred-traditional+unihan:kTraditionalVariant,140,10,17.0.0
盗,12,盜,unihan:kTraditionalVariant[17.0.0],108,7,17.0.0
盘,15,盤,char-table:preferred-traditional+unihan:kTraditionalVariant,108,10,17.0.0
盛,11,盛,unihan:identity,108,6,17.0.0
盟,13,盟,unihan:identity,108,8,17.0.0
盥,16,盥,unihan:identity,108,11,17.0.0
盦,16,盦,unihan:identity,108,11,17.0.0
目,5,目,unihan:identity,109,0,17.0.0
盯,7,盯,unihan:identity,109,2,17.0.0
盱,8,盱,unihan:identity,109,3,17.0.0
盲,8,盲,unihan:identity,109,3,17.0.0
直,8,直,unihan:identity,109,3,17.0.0
盷,9,盷,unihan:identity,109,4,17.0.0
相,9,相,unihan:identity,109,4,17.0.0
盹,9,盹,unihan:identity,109,4,17.0.0
盼,9,盼,unihan:identity,109,4,17.0.0
盾,9,盾,unihan:identity,109,4,17.0.0
省,9,省,unihan:identity,109,4,17.0.0
眄,9,眄,unihan:identity,109,4,17.0.0
眇,9,眇,unihan:identity,109,4,17.0.0
眈,9,眈,unihan:identity,109,4,17.0.0
眉,9,眉,unihan:identity,109,4,17.0.0
眊,9,眊,unihan:identity,109,4,17.0.0
看,9,看,unihan:identity,109,4,17.0.0
眍,16,瞘,unihan:kTraditionalVariant[17.0.0],109,11,17.0.0
眙,10,眙,unihan:identity,109,5,17.0.0
眚,10,眚,unihan:identity,109,5,17.0.0
真,10,真,unihan:identity,109,5,17.0.0
眠,10,眠,unihan:identity,109,5,17.0.0
眢,10,眢,unihan:identity,109,5,17.0.0
眦,10,眥,unihan:kTraditionalVariant[17.0.0],109,5,17.0.0
眨,10,眨,unihan:identity,109,5,17.0.0
眩,10,眩,unihan:identity,109,5,17.0.0
眬,21,矓,char-table:preferred-traditional+unihan:kTraditionalVariant,109,16,17.0.0
眭,11,眭,unihan:identity,109,6,17.0.0
眯,11,眯,unihan:identity,109,6,17.0.0
眵,11,眵,unihan:identity,109,6,17.0.0
眶,11,眶,unihan:identity,109,6,17.0.0
眷,11,眷,unihan:identity,109,6,17.0.0
眸,11,眸,unihan:identity,109,6,17.0.0
眺,11,眺,unihan:identity,109,6,17.0.0
眼,11,眼,unihan:identity,109,6,17.0.0
着,14,著,unihan:kTraditionalVariant[17.0.0],140,8,17.0.0
睁,13,睜,unihan:kTraditionalVariant[17.0.0],109,8,17.0.0
睃,12,睃,unihan:identity,109,7,17.0.0
睄,12,睄,unihan:identity,109,7,17.0.0
睇,12,睇,unihan:identity,109,7,17.0.0
睎,12,睎,unihan:identity,109,7,17.0.0
睐,13,睞,char-table:preferred-traditional+unihan:kTraditionalVariant,109,8,17.0.0
睑,18,瞼,char-table:preferred-traditional+unihan:kTraditionalVariant,109,13,17.0.0
睚,13,睚,unihan:identity,109,8,17.0.0
睛,13,睛,unihan:identity,109,8,17.0.0
睡,14,睡,unihan:identity,109,9,17.0.0
睢,13,睢,unihan:identity,109,8,17.0.0
督,13,督,unihan:identity,109,8,17.0.0
睥,13,睥,unihan:identity,109,8,17.0.0
睦,13,睦,unihan:identity,109,8,17.0.0
睨,13,睨,unihan:identity,109,8,17.0.0
睫,13,睫,unihan:identity,109,8,17.0.0
睬,13,睬,unihan:identity,109,8,17.0.0
睹,14,睹,unihan:identity,109,9,17.0.0
睽,14,睽,unihan:identity,109,9,17.0.0
睾,14,睾,unihan:identity,109,9,17.0.0
睿,14,睿,unihan:identity,109,9,17.0.0
瞀,14,瞀,unihan:identity,109,9,17.0.0
瞄,14,瞄,unihan:identity,109,9,17.0.0
瞅,14,瞅,unihan:identity,109,9,17.0.0
瞋,15,瞋,unihan:identity,109,10,17.0.0
瞌,15,瞌,unihan:identity,109,10,17.0.0
瞍,15,瞍,unihan:identity,109,10,17.0.0
瞎,15,瞎,unihan:identity,109,10,17.0.0
瞑,15,瞑,unihan:identity,109,10,17.0.0
瞒,16,瞞,char-table:preferred-traditional+unihan:kTraditionalVariant,109,11,17.0.0
瞟,16,瞟,unihan:identity,109,11,17.0.0
瞠,16,瞠,unihan:identity,109,11,17.0.0
瞢,16,瞢,unihan:identity,109,11,17.0.0
瞥,17,瞥,unihan:identity,109,12,17.0.0
瞧,17,瞧,unihan:identity,109,12,17.0.0
瞩,26,矚,char-table:preferred-traditional+unihan:kTraditionalVariant,109,21,17.0.0
瞪,17,瞪,unihan:identity,109,12,17.0.0
瞫,17,瞫,unihan:identity,109,12,17.0.0
瞬,17,瞬,unihan:identity,109,12,17.0.0
瞭,17,瞭,unihan:identity,109,12,17.0.0
瞰,17,瞰,unihan:identity,109,12,17.0.0
瞳,17,瞳,unihan:identity,109,12,17.0.0
瞵,17,瞵,unihan:identity,109,12,17.0.0
瞻,18,瞻,unihan:identity,109,13,17.0.0
瞽,18,瞽,unihan:identity,109,13,17.0.0
瞿,18,瞿,unihan:identity,109,13,17.0.0
矍,20,矍,unihan:identity,109,15,17.0.0
矗,24,矗,unihan:identity,109,19,17.0.0
矛,5,矛,unihan:identity,110,0,17.0.0
矜,9,矜,unihan:identity,110,4,17.0.0
矞,12,矞,unihan:identity,110,7,17.0.0
矢,5,矢,unihan:identity,111,0,17.0.0
矣,7,矣,unihan:identity,111,2,17.0.0
知,8,知,unihan:identity,111,3,17.0.0
矧,9,矧,unihan:identity,111,4,17.0.0
矩,10,矩,unihan:identity,111,5,17.0.0
矫,17,矯,char-table:preferred-traditional+unihan:kTraditionalVariant,111,12,17.0.0
矬,12,矬,unihan:identity,111,7,17.0.0
短,12,短,unihan:identity,111,7,17.0.0
矮,13,矮,unihan:identity,111,8,17.0.0
矰,17,矰,unihan:identity,111,12,17.0.0
石,5,石,unihan:identity,112,0,17.0.0
矶,17,磯,char-table:preferred-traditional+unihan:kTraditionalVariant,112,12,17.0.0
矸,8,矸,unihan:identity,112,3,17.0.0
矻,8,矻,unihan:identity,112,3,17.0.0
矼,8,矼,unihan:identity,112,3,17.0.0
矾,20,礬,char-table:preferred-traditional+unihan:kTraditionalVariant,112,15,17.0.0
矿,20,礦,char-table:preferred-traditional+unihan:kTraditionalVariant,112,15,17.0.0
砀,14,碭,char-table:preferred-traditional+unihan:kTraditionalVariant,112,9,17.0.0
码,15,碼,char-table:preferred-traditional+unihan:kTraditionalVariant,112,10,17.0.0
砂,9,砂,unihan:identity,112,4,17.0.0
砄,9,砄,unihan:identity,112,4,17.0.0
砆,9,砆,unihan:identity,112,4,17.0.0
砉,9,砉,unihan:identity,112,4,17.0.0
砌,9,砌,unihan:identity,112,4,17.0.0
砍,9,砍,unihan:identity,112,4,17.0.0
砑,9,砑,unihan:identity,112,4,17.0.0
砒,9,砒,unihan:identity,112,4,17.0.0
研,9,研,unihan:identity,112,4,17.0.0
砖,16,磚,char-table:preferred-traditional+unihan:kTraditionalVariant,112,11,17.0.0
砗,12,硨,char-table:preferred-traditional+unihan:kTraditionalVariant,112,7,17.0.0
砘,9,砘,unihan:identity,112,4,17.0.0
砚,12,硯,char-table:preferred-traditional+unihan:kTraditionalVariant,112,7,17.0.0
砜,14,碸,char-table:preferred-traditional+unihan:kTraditionalVariant,112,9,17.0.0
砝,10,砝,unihan:identity,112,5,17.0.0
砟,10,砟,unihan:identity,112,5,17.0.0
砠,10,砠,unihan:identity,112,5,17.0.0
砣,10,砣,unihan:identity,112,5,17.0.0
砥,10,砥,unihan:identity,112,5,17.0.0
砧,10,砧,unihan:identity,112,5,17.0.0
砫,10,砫,unihan:identity,112,5,17.0.0
砬,10,砬,unihan:identity,112,5,17.0.0
砭,10,砭,unihan:identity,112,5,17.0.0
砮,10,砮,unihan:identity,112,5,17.0.0
砰,10,砰,unihan:identity,112,5,17.0.0
破,10,破,unihan:identity,112,5,17.0.0
砵,10,砵,unihan:identity,112,5,17.0.0
砷,10,砷,unihan:identity,112,5,17.0.0
砸,10,砸,unihan:identity,112,5,17.0.0
砹,10,砹,unihan:identity,112,5,17.0.0
砺,20,礪,char-table:preferred-traditional+unihan:kTraditionalVariant,112,15,17.0.0
砻,21,礱,char-table:preferred-traditional+unihan:kTraditionalVariant,112,16,17.0.0
砼,10,砼,unihan:identity,112,5,17.0.0
砾,20,礫,char-table:preferred-traditional+unihan:kTraditionalVariant,112,15,17.0.0
础,18,礎,char-table:preferred-traditional+unihan:kTraditionalVariant,112,13,17.0.0
硁,12,硜,char-table:preferred-traditional+unihan:kTraditionalVariant,112,7,17.0.0
硅,11,硅,unihan:identity,112,6,17.0.0
硇,11,硇,unihan:identity,112,6,17.0.0
硊,11,硊,unihan:identity,112,6,17.0.0
硌,11,硌,unihan:identity,112,6,17.0.0
硍,11,硍,unihan:identity,112,6,17.0.0
硎,11,硎,unihan:identity,112,6,17.0.0
硐,11,硐,unihan:identity,112,6,17.0.0
硒,11,硒,unihan:identity,112,6,17.0.0
硔,11,硔,unihan:identity,112,6,17.0.0
硕,14,碩,char-table:preferred-traditional+unihan:kTraditionalVariant,112,9,17.0.0
硖,12,硤,char-table:preferred-traditional+unihan:kTraditionalVariant,112,7,17.0.0
硗,17,磽,unihan:kTraditionalVariant[17.0.0],112,12,17.0.0
硙,15,磑,char-table:preferred-traditional+unihan:kTraditionalVariant,112,10,17.0.0
硚,17,礄,char-table:preferred-traditional+unihan:kTraditionalVariant,112,12,17.0.0
硝,12,硝,unihan:identity,112,7,17.0.0
硪,12,硪,unihan:identity,112,7,17.0.0
硫,12,硫,unihan:identity,112,7,17.0.0
硬,12,硬,unihan:identity,112,7,17.0.0
硭,12,硭,unihan:identity,112,7,17.0.0
确,15,確,char-table:preferred-traditional+unihan:kTraditionalVariant,112,10,17.0.0
硼,13,硼,unihan:identity,112,8,17.0.0
硿,13,硿,unihan:identity,112,8,17.0.0
碃,13,碃,unihan:identity,112,8,17.0.0
碇,13,碇,unihan:identity,112,8,17.0.0
碈,13,碈,unihan:identity,112,8,17.0.0
碉,13,碉,unihan:identity,112,8,17.0.0
碌,13,碌,unihan:identity,112,8,17.0.0
碍,19,礙,char-table:preferred-traditional+unihan:kTraditionalVariant,112,14,17.0.0
碎,13,碎,unihan:identity,112,8,17.0.0
碏,13,碏,unihan:identity,112,8,17.0.0
碑,13,碑,unihan:identity,112,8,17.0.0
碓,13,碓,unihan:identity,112,8,17.0.0
碗,13,碗,unihan:identity,112,8,17.0.0
碘,13,碘,unihan:identity,112,8,17.0.0
碚,13,碚,unihan:identity,112,8,17.0.0
碛,16,磧,char-table:preferred-traditional+unihan:kTraditionalVariant,112,11,17.0.0
碜,16,磣,char-table:preferred-traditional+unihan:kTraditionalVariant,112,11,17.0.0
碟,14,碟,unihan:identity,112,9,17.0.0
碡,14,碡,unihan:identity,112,9,17.0.0
碣,14,碣,unihan:identity,112,9,17.0.0
碥,14,碥,unihan:identity,112,9,17.0.0
碧,14,碧,unihan:identity,112,9,17.0.0
碨,14,碨,unihan:identity,112,9,17.0.0
碰,13,碰,unihan:identity,112,8,17.0.0
碱,14,碱,unihan:identity,112,9,17.0.0
碲,14,碲,unihan:identity,112,9,17.0.0
碳,14,碳,unihan:identity,112,9,17.0.0
碴,14,碴,unihan:identity,112,9,17.0.0
碶,14,碶,unihan:identity,112,9,17.0.0
碹,14,碹,unihan:identity,112,9,17.0.0
碾,15,碾,unihan:identity,112,10,17.0.0
磁,14,磁,unihan:identity,112,9,17.0.0
磅,15,磅,unihan:identity,112,10,17.0.0
磉,15,磉,unihan:identity,112,10,17.0.0
磊,15,磊,unihan:identity,112,10,17.0.0
磋,15,磋,unihan:identity,112,10,17.0.0
磏,15,磏,unihan:identity,112,10,17.0.0
磐,15,磐,unihan:identity,112,10,17.0.0
磔,15,磔,unihan:identity,112,10,17.0.0
磕,15,磕,unihan:identity,112,10,17.0.0
磙,15,磙,unihan:identity,112,10,17.0.0
磜,15,磜,unihan:identity,112,10,17.0.0
磡,16,磡,unihan:identity,112,11,17.0.0
磨,16,磨,unihan:identity,112,11,17.0.0
磬,16,磬,unihan:identity,112,11,17.0.0
磲,17,磲,unihan:identity,112,12,17.0.0
磴,17,磴,unihan:identity,112,12,17.0.0
磷,17,磷,unihan:identity,112,12,17.0.0
磹,17,磹,unihan:identity,112,12,17.0.0
磻,17,磻,unihan:identity,112,12,17.0.0
礁,17,礁,unihan:identity,112,12,17.0.0
礅,17,礅,unihan:identity,112,12,17.0.0
礌,18,礌,unihan:identity,112,13,17.0.0
礓,18,礓,unihan:identity,112,13,17.0.0
礞,19,礞,unihan:identity,112,14,17.0.0
礴,21,礴,unihan:identity,112,16,17.0.0
礵,22,礵,unihan:identity,112,17,17.0.0
示,5,示,unihan:identity,113,0,17.0.0
礼,18,禮,char-table:preferred-traditional+unihan:kTraditionalVariant,113,13,17.0.0
社,8,社,unihan:identity,113,3,17.0.0
祀,8,祀,unihan:identity,113,3,17.0.0
祁,8,祁,unihan:identity,113,3,17.0.0
祃,15,禡,char-table:preferred-traditional+unihan:kTraditionalVariant,113,10,17.0.0
祆,9,祆,unihan:identity,113,4,17.0.0
祇,9,祇,unihan:identity,113,4,17.0.0
祈,9,祈,unihan:identity,113,4,17.0.0
祉,9,祉,unihan:identity,113,4,17.0.0
祊,9,祊,unihan:identity,113,4,17.0.0
祋,9,祋,unihan:identity,113,4,17.0.0
祎,14,禕,char-table:preferred-traditional+unihan:kTraditionalVariant,113,9,17.0.0
祏,10,祏,unihan:identity,113,5,17.0.0
祐,10,祐,unihan:identity,113,5,17.0.0
祓,10,祓,unihan:identity,113,5,17.0.0
祕,10,祕,unihan:identity,113,5,17.0.0
祖,10,祖,unihan:identity,113,5,17.0.0
祗,10,祗,unihan:identity,113,5,17.0.0
祚,10,祚,unihan:identity,113,5,17.0.0
祛,10,祛,unihan:identity,113,5,17.0.0
祜,10,祜,unihan:identity,113,5,17.0.0
祝,10,祝,unihan:identity,113,5,17.0.0
神,10,神,unihan:identity,113,5,17.0.0
祟,10,祟,unihan:identity,113,5,17.0.0
祠,10,祠,unihan:identity,113,5,17.0.0
祢,19,禰,char-table:preferred-traditional+unihan:kTraditionalVariant,113,14,17.0.0
祥,11,祥,unihan:identity,113,6,17.0.0
祧,11,祧,unihan:identity,113,6,17.0.0
票,11,票,unihan:identity,113,6,17.0.0
祭,11,祭,unihan:identity,113,6,17.0.0
祯,14,禎,char-table:preferred-traditional+unihan:kTraditionalVariant,113,9,17.0.0
祲,12,祲,unihan:identity,113,7,17.0.0
祷,19,禱,char-table:preferred-traditional+unihan:kTraditionalVariant,113,14,17.0.0
祸,14,禍,char-table:preferred-traditional+unihan:kTraditionalVariant,113,9,17.0.0
祺,13,祺,unihan:identity,113,8,17.0.0
祼,13,祼,unihan:identity,113,8,17.0.0
祾,13,祾,unihan:identity,113,8,17.0.0
禀,13,稟,unihan:kTraditionalVariant[17.0.0],115,8,17.0.0
禁,13,禁,unihan:identity,113,8,17.0.0
禄,13,祿,unihan:kTraditionalVariant[17.0.0],113,8,17.0.0
禅,17,禪,char-table:preferred-traditional+unihan:kTraditionalVariant,113,12,17.0.0
禊,14,禊,unihan:identity,113,9,17.0.0
禋,14,禋,unihan:identity,113,9,17.0.0
福,14,福,unihan:identity,113,9,17.0.0
禒,14,禒,unihan:identity,113,9,17.0.0
禔,14,禔,unihan:identity,113,9,17.0.0
禘,14,禘,unihan:identity,113,9,17.0.0
禚,15,禚,unihan:identity,113,10,17.0.0
禛,15,禛,unihan:identity,113,10,17.0.0
禤,16,禤,unihan:identity,113,11,17.0.0
禧,17,禧,unihan:identity,113,12,17.0.0
禳,22,禳,unihan:identity,113,17,17.0.0
禹,9,禹,unihan:identity,114,4,17.0.0
禺,9,禺,unihan:identity,114,4,17.0.0
离,19,離,char-table:preferred-traditional+unihan:kTraditionalVariant,172,11,17.0.0
禽,13,禽,unihan:identity,114,8,17.0.0
禾,5,禾,unihan:identity,115,0,17.0.0
秀,7,秀,unihan:identity,115,2,17.0.0
私,7,私,unihan:identity,115,2,17.0.0
秃,7,禿,unihan:kTraditionalVariant[17.0.0],115,2,17.0.0
秆,12,稈,unihan:kTraditionalVariant[17.0.0],115,7,17.0.0
秉,8,秉,unihan:identity,115,3,17.0.0
秋,18,鞦,unihan:kTraditionalVariant[17.0.0],177,9,17.0.0
种,14,種,char-table:preferred-traditional+unihan:kTraditionalVariant,115,9,17.0.0
科,9,科,unihan:identity,115,4,17.0.0
秒,9,秒,unihan:identity,115,4,17.0.0
秕,9,秕,unihan:identity,115,4,17.0.0
秘,10,秘,unihan:identity,115,5,17.0.0
租,10,租,unihan:identity,115,5,17.0.0
秣,10,秣,unihan:identity,115,5,17.0.0
秤,10,秤,unihan:identity,115,5,17.0.0
秦,10,秦,unihan:identity,115,5,17.0.0
秧,10,秧,unihan:identity,115,5,17.0.0
秩,10,秩,unihan:identity,115,5,17.0.0
秫,10,秫,unihan:identity,115,5,17.0.0
秬,10,秬,unihan:identity,115,5,17.0.0
秭,10,秭,unihan:identity,115,5,17.0.0
积,16,積,char-table:preferred-traditional+unihan:kTraditionalVariant,115,11,17.0.0
称,14,稱,char-table:preferred-traditional+unihan:kTraditionalVariant,115,9,17.0.0
秸,11,秸,unihan:identity,115,6,17.0.0
移,11,移,unihan:identity,115,6,17.0.0
秽,18,穢,char-table:preferred-traditional+unihan:kTraditionalVariant,115,13,17.0.0
秾,18,穠,char-table:preferred-traditional+unihan:kTraditionalVariant,115,13,17.0.0
稀,12,稀,unihan:identity,115,7,17.0.0
稂,12,稂,unihan:identity,115,7,17.0.0
稃,12,稃,unihan:identity,115,7,17.0.0
稆,20,穭,unihan:kTraditionalVariant[17.0.0],115,15,17.0.0
程,12,程,unihan:identity,115,7,17.0.0
稌,12,稌,unihan:identity,115,7,17.0.0
稍,12,稍,unihan:identity,115,7,17.0.0
税,12,稅,unihan:kTraditionalVariant[17.0.0],115,7,17.0.0
稑,13,稑,unihan:identity,115,8,17.0.0
稔,13,稔,unihan:identity,115,8,17.0.0
稗,13,稗,unihan:identity,115,8,17.0.0
稙,13,稙,unihan:identity,115,8,17.0.0
稚,13,稚,unihan:identity,115,8,17.0.0
稞,13,稞,unihan:identity,115,8,17.0.0
稠,13,稠,unihan:identity,115,8,17.0.0
稣,16,穌,char-table:preferred-traditional+unihan:kTraditionalVariant,115,11,17.0.0
稳,19,穩,char-table:preferred-traditional+unihan:kTraditionalVariant,115,14,17.0.0
稷,15,稷,unihan:identity,115,10,17.0.0
稹,15,稹,unihan:identity,115,10,17.0.0
稻,15,稻,unihan:identity,115,10,17.0.0
稼,15,稼,unihan:identity,115,10,17.0.0
稽,15,稽,unihan:identity,115,10,17.0.0
稿,15,稿,unihan:identity,115,10,17.0.0
穄,16,穄,unihan:identity,115,11,17.0.0
穆,16,穆,unihan:identity,115,11,17.0.0
穑,18,穡,char-table:preferred-traditional+unihan:kTraditionalVariant,115,13,17.0.0
穗,17,穗,unihan:identity,115,12,17.0.0
穙,17,穙,unihan:identity,115,12,17.0.0
穜,17,穜,unihan:identity,115,12,17.0.0
穟,18,穟,unihan:identity,115,13,17.0.0
穰,22,穰,unihan:identity,115,17,17.0.0
穴,5,穴,unihan:identity,116,0,17.0.0
究,7,究,unihan:identity,116,2,17.0.0
穷,15,窮,char-table:preferred-traditional+unihan:kTraditionalVariant,116,10,17.0.0
穸,8,穸,unihan:identity,116,3,17.0.0
穹,8,穹,unihan:identity,116,3,17.0.0
空,8,空,unihan:identity,116,3,17.0.0
穿,9,穿,unihan:identity,116,4,17.0.0
窀,9,窀,unihan:identity,116,4,17.0.0
突,9,突,unihan:identity,116,4,17.0.0
窃,22,竊,char-table:preferred-traditional+unihan:kTraditionalVariant,116,17,17.0.0
窄,10,窄,unihan:identity,116,5,17.0.0
窅,10,窅,unihan:identity,116,5,17.0.0
窈,10,窈,unihan:identity,116,5,17.0.0
窊,10,窊,unihan:identity,116,5,17.0.0
窍,18,竅,char-table:preferred-traditional+unihan:kTraditionalVariant,116,13,17.0.0
窎,16,窵,char-table:preferred-traditional+unihan:kTraditionalVariant,116,11,17.0.0
窑,15,窯,unihan:kTraditionalVariant[17.0.0],116,10,17.0.0
窒,11,窒,unihan:identity,116,6,17.0.0
窕,11,窕,unihan:identity,116,6,17.0.0
窖,12,窖,unihan:identity,116,7,17.0.0
窗,12,窗,unihan:identity,116,7,17.0.0
窘,12,窘,unihan:identity,116,7,17.0.0
窜,18,竄,char-table:preferred-traditional+unihan:kTraditionalVariant,116,13,17.0.0
窝,14,窩,char-table:preferred-traditional+unihan:kTraditionalVariant,116,9,17.0.0
窟,13,窟,unihan:identity,116,8,17.0.0
窠,13,窠,unihan:identity,116,8,17.0.0
窣,13,窣,unihan:identity,116,8,17.0.0
窥,16,窺,char-table:preferred-traditional+unihan:kTraditionalVariant,116,11,17.0.0
窦,20,竇,char-table:preferred-traditional+unihan:kTraditionalVariant,116,15,17.0.0
窨,14,窨,unihan:identity,116,9,17.0.0
窬,14,窬,unihan:identity,116,9,17.0.0
窭,16,窶,char-table:preferred-traditional+unihan:kTraditionalVariant,116,11,17.0.0
窳,15,窳,unihan:identity,116,10,17.0.0
窸,16,窸,unihan:identity,116,11,17.0.0
窿,17,窿,unihan:identity,116,12,17.0.0
立,5,立,unihan:identity,117,0,17.0.0
竑,9,竑,unihan:identity,117,4,17.0.0
竖,13,竪,char-table:preferred-traditional+unihan:kTraditionalVariant,117,8,17.0.0
竘,10,竘,unihan:identity,117,5,17.0.0
站,10,站,unihan:identity,117,5,17.0.0
竞,20,競,char-table:preferred-traditional+unihan:kTraditionalVariant,117,15,17.0.0
竟,11,竟,unihan:identity,117,6,17.0.0
章,11,章,unihan:identity,117,6,17.0.0
竣,12,竣,unihan:identity,117,7,17.0.0
童,12,童,unihan:identity,117,7,17.0.0
竦,12,竦,unihan:identity,117,7,17.0.0
竫,13,竫,unihan:identity,117,8,17.0.0
竭,14,竭,unihan:identity,117,9,17.0.0
端,14,端,unihan:identity,117,9,17.0.0
竹,6,竹,unihan:identity,118,0,17.0.0
竺,8,竺,unihan:identity,118,2,17.0.0
竽,9,竽,unihan:identity,118,3,17.0.0
竿,9,竿,unihan:identity,118,3,17.0.0
笃,16,篤,char-table:preferred-traditional+unihan:kTraditionalVariant,118,10,17.0.0
笄,12,笄,unihan:identity,118,6,17.0.0
笆,10,笆,unihan:identity,118,4,17.0.0
笈,10,笈,unihan:identity,118,4,17.0.0
笊,10,笊,unihan:identity,118,4,17.0.0
笋,12,筍,unihan:kTraditionalVariant[17.0.0],118,6,17.0.0
笏,10,笏,unihan:identity,118,4,17.0.0
笑,10,笑,unihan:identity,118,4,17.0.0
笔,12,筆,char-table:preferred-traditional+unihan:kTraditionalVariant,118,6,17.0.0
笕,13,筧,char-table:preferred-traditional+unihan:kTraditionalVariant,118,7,17.0.0
笙,11,笙,unihan:identity,118,5,17.0.0
笛,11,笛,unihan:identity,118,5,17.0.0
笞,11,笞,unihan:identity,118,5,17.0.0
笠,11,笠,unihan:identity,118,5,17.0.0
笤,11,笤,unihan:identity,118,5,17.0.0
笥,11,笥,unihan:identity,118,5,17.0.0
符,11,符,unihan:identity,118,5,17.0.0
笨,11,笨,unihan:identity,118,5,17.0.0
笪,11,笪,unihan:identity,118,5,17.0.0
笫,11,笫,unihan:identity,118,5,17.0.0
第,11,第,unihan:identity,118,5,17.0.0
笮,11,笮,unihan:identity,118,5,17.0.0
笯,11,笯,unihan:identity,118,5,17.0.0
笱,11,笱,unihan:identity,118,5,17.0.0
笳,11,笳,unihan:identity,118,5,17.0.0
笸,11,笸,unihan:identity,118,5,17.0.0
笺,14,箋,char-table:preferred-traditional+unihan:kTraditionalVariant,118,8,17.0.0
笼,22,籠,char-table:preferred-traditional+unihan:kTraditionalVariant,118,16,17.0.0
笾,25,籩,char-table:preferred-traditional+unihan:kTraditionalVariant,118,19,17.0.0
筀,12,筀,unihan:identity,118,6,17.0.0
筅,12,筅,unihan:identity,118,6,17.0.0
筇,12,筇,unihan:identity,118,6,17.0.0
等,12,等,unihan:identity,118,6,17.0.0
筋,12,筋,unihan:identity,118,6,17.0.0
筌,12,筌,unihan:identity,118,6,17.0.0
筏,12,筏,unihan:identity,118,6,17.0.0
筐,12,筐,unihan:identity,118,6,17.0.0
筑,16,築,char-table:preferred-traditional+unihan:kTraditionalVariant,118,10,17.0.0
筒,12,筒,unihan:identity,118,6,17.0.0
答,12,答,unihan:identity,118,6,17.0.0
策,12,策,unihan:identity,118,6,17.0.0
筘,12,筘,unihan:identity,118,6,17.0.0
筚,17,篳,char-table:preferred-traditional+unihan:kTraditionalVariant,118,11,17.0.0
筛,16,篩,char-table:preferred-traditional+unihan:kTraditionalVariant,118,10,17.0.0
筜,19,簹,char-table:preferred-traditional+unihan:kTraditionalVariant,118,13,17.0.0
筝,14,箏,unihan:kTraditionalVariant[17.0.0],118,8,17.0.0
筠,13,筠,unihan:identity,118,7,17.0.0
筢,13,筢,unihan:identity,118,7,17.0.0
筤,13,筤,unihan:identity,118,7,17.0.0
筥,13,筥,unihan:identity,118,7,17.0.0
筦,13,筦,unihan:identity,118,7,17.0.0
筮,13,筮,unihan:identity,118,7,17.0.0
筱,13,筱,unihan:identity,118,7,17.0.0
筲,13,筲,unihan:identity,118,7,17.0.0
筵,13,筵,unihan:identity,118,7,17.0.0
筶,13,筶,unihan:identity,118,7,17.0.0
筷,13,筷,unihan:identity,118,7,17.0.0
筹,20,籌,char-table:preferred-traditional+unihan:kTraditionalVariant,118,14,17.0.0
筻,13,筻,unihan:identity,118,7,17.0.0
筼,16,篔,char-table:preferred-traditional+unihan:kTraditionalVariant,118,10,17.0.0
签,19,簽,char-table:preferred-traditional+unihan:kTraditionalVariant,118,13,17.0.0
简,18,簡,char-table:preferred-traditional+unihan:kTraditionalVariant,118,12,17.0.0
箅,14,箅,unihan:identity,118,8,17.0.0
箍,14,箍,unihan:identity,118,8,17.0.0
箐,14,箐,unihan:identity,118,8,17.0.0
箓,22,籙,char-table:preferred-traditional+unihan:kTraditionalVariant,118,16,17.0.0
箔,14,箔,unihan:identity,118,8,17.0.0
箕,14,箕,unihan:identity,118,8,17.0.0
箖,14,箖,unihan:identity,118,8,17.0.0
算,14,算,unihan:identity,118,8,17.0.0
箜,14,箜,unihan:identity,118,8,17.0.0
管,14,管,unihan:identity,118,8,17.0.0
箢,14,箢,unihan:identity,118,8,17.0.0
箦,17,簀,char-table:preferred-traditional+unihan:kTraditionalVariant,118,11,17.0.0
箧,15,篋,char-table:preferred-traditional+unihan:kTraditionalVariant,118,9,17.0.0
箨,22,籜,char-table:preferred-traditional+unihan:kTraditionalVariant,118,16,17.0.0
箩,25,籮,char-table:preferred-traditional+unihan:kTraditionalVariant,118,19,17.0.0
箪,18,簞,char-table:preferred-traditional+unihan:kTraditionalVariant,118,12,17.0.0
箫,18,簫,char-table:preferred-traditional+unihan:kTraditionalVariant,118,12,17.0.0
箬,15,箬,unihan:identity,118,9,17.0.0
箭,15,箭,unihan:identity,118,9,17.0.0
箱,15,箱,unihan:identity,118,9,17.0.0
箴,15,箴,unihan:identity,118,9,17.0.0
箸,15,箸,unihan:identity,118,9,17.0.0
篁,15,篁,unihan:identity,118,9,17.0.0
篆,15,篆,unihan:identity,118,9,17.0.0
篇,15,篇,unihan:identity,118,9,17.0.0
篌,15,篌,unihan:identity,118,9,17.0.0
篑,18,簣,char-table:preferred-traditional+unihan:kTraditionalVariant,118,12,17.0.0
篓,17,簍,char-table:preferred-traditional+unihan:kTraditionalVariant,118,11,17.0.0
篙,16,篙,unihan:identity,118,10,17.0.0
篚,16,篚,unihan:identity,118,10,17.0.0
篝,16,篝,unihan:identity,118,10,17.0.0
篡,16,篡,unihan:identity,118,10,17.0.0
篥,16,篥,unihan:identity,118,10,17.0.0
篦,16,篦,unihan:identity,118,10,17.0.0
篪,16,篪,unihan:identity,118,10,17.0.0
篮,20,籃,char-table:preferred-traditional+unihan:kTraditionalVariant,118,14,17.0.0
篯,22,籛,char-table:preferred-traditional+unihan:kTraditionalVariant,118,16,17.0.0
篱,25,籬,char-table:preferred-traditional+unihan:kTraditionalVariant,118,19,17.0.0
篷,17,篷,unihan:identity,118,11,17.0.0
篼,17,篼,unihan:identity,118,11,17.0.0
篾,17,篾,unihan:identity,118,11,17.0.0
簃,17,簃,unihan:identity,118,11,17.0.0
簇,17,簇,unihan:identity,118,11,17.0.0
簉,17,簉,unihan:identity,118,11,17.0.0
簋,17,簋,unihan:identity,118,11,17.0.0
簌,17,簌,unihan:identity,118,11,17.0.0
簏,17,簏,unihan:identity,118,11,17.0.0
簕,16,簕,unihan:identity,118,10,17.0.0
簖,24,籪,char-table:preferred-traditional+unihan:kTraditionalVariant,118,18,17.0.0
簝,18,簝,unihan:identity,118,12,17.0.0
簟,18,簟,unihan:identity,118,12,17.0.0
簠,18,簠,unihan:identity,118,12,17.0.0
簧,18,簧,unihan:identity,118,12,17.0.0
簪,18,簪,unihan:identity,118,12,17.0.0
簰,18,簰,unihan:identity,118,12,17.0.0
簸,19,簸,unihan:identity,118,13,17.0.0
簿,19,簿,unihan:identity,118,13,17.0.0
籀,19,籀,unihan:identity,118,13,17.0.0
籁,22,籟,char-table:preferred-traditional+unihan:kTraditionalVariant,118,16,17.0.0
籍,20,籍,unihan:identity,118,14,17.0.0
籥,23,籥,unihan:identity,118,17,17.0.0
米,6,米,unihan:identity,119,0,17.0.0
籴,22,糴,char-table:preferred-traditional+unihan:kTraditionalVariant,119,16,17.0.0
类,19,類,char-table:preferred-traditional+unihan:kTraditionalVariant,181,10,17.0.0
籼,8,秈,unihan:kTraditionalVariant[17.0.0],115,3,17.0.0
籽,9,籽,unihan:identity,119,3,17.0.0
粉,10,粉,unihan:identity,119,4,17.0.0
粑,10,粑,unihan:identity,119,4,17.0.0
粒,11,粒,unihan:identity,119,5,17.0.0
粕,11,粕,unihan:identity,119,5,17.0.0
粗,11,粗,unihan:identity,119,5,17.0.0
粘,11,粘,unihan:identity,119,5,17.0.0
粜,25,糶,unihan:kTraditionalVariant[17.0.0],119,19,17.0.0
粝,21,糲,char-table:preferred-traditional+unihan:kTraditionalVariant,119,15,17.0.0
粞,12,粞,unihan:identity,119,6,17.0.0
粟,12,粟,unihan:identity,119,6,17.0.0
粢,12,粢,unihan:identity,119,6,17.0.0
粤,13,粵,unihan:kTraditionalVariant[17.0.0],119,7,17.0.0
粥,12,粥,unihan:identity,119,6,17.0.0
粪,17,糞,char-table:preferred-traditional+unihan:kTraditionalVariant,119,11,17.0.0
粮,18,糧,char-table:preferred-traditional+unihan:kTraditionalVariant,119,12,17.0.0
粱,13,粱,unihan:identity,119,7,17.0.0
粲,13,粲,unihan:identity,119,7,17.0.0
粳,13,粳,unihan:identity,119,7,17.0.0
粹,14,粹,unihan:identity,119,8,17.0.0
粼,14,粼,unihan:identity,119,8,17.0.0
粽,14,粽,unihan:identity,119,8,17.0.0
精,14,精,unihan:identity,119,8,17.0.0
粿,14,粿,unihan:identity,119,8,17.0.0
糁,17,糝,char-table:preferred-traditional+unihan:kTraditionalVariant,119,11,17.0.0
糅,15,糅,unihan:identity,119,9,17.0.0
糇,18,餱,unihan:kTraditionalVariant[17.0.0],184,9,17.0.0
糈,15,糈,unihan:identity,119,9,17.0.0
糊,15,糊,unihan:identity,119,9,17.0.0
糌,15,糌,unihan:identity,119,9,17.0.0
糍,15,糍,unihan:identity,119,9,17.0.0
糒,16,糒,unihan:identity,119,10,17.0.0
糕,16,糕,unihan:identity,119,10,17.0.0
糖,16,糖,unihan:identity,119,10,17.0.0
糗,16,糗,unihan:identity,119,10,17.0.0
糙,17,糙,unihan:identity,119,11,17.0.0
糜,17,糜,unihan:identity,119,11,17.0.0
糟,17,糟,unihan:identity,119,11,17.0.0
糠,17,糠,unihan:identity,119,11,17.0.0
糨,17,糨,unihan:identity,119,11,17.0.0
糯,20,糯,unihan:identity,119,14,17.0.0
糵,23,糵,unihan:identity,119,17,17.0.0
系,9,係,char-table:preferred-traditional+unihan:kTraditionalVariant,9,7,17.0.0
紊,10,紊,unihan:identity,120,4,17.0.0
素,10,素,unihan:identity,120,4,17.0.0
索,10,索,unihan:identity,120,4,17.0.0
紧,14,緊,char-table:preferred-traditional+unihan:kTraditionalVariant,120,8,17.0.0
紫,11,紫,unihan:identity,120,5,17.0.0
累,21,纍,char-table:preferred-traditional+unihan:kTraditionalVariant,120,15,17.0.0
絜,12,絜,unihan:identity,120,6,17.0.0
絮,12,絮,unihan:identity,120,6,17.0.0
絷,17,縶,char-table:preferred-traditional+unihan:kTraditionalVariant,120,11,17.0.0
綦,14,綦,unihan:identity,120,8,17.0.0
綮,14,綮,unihan:identity,120,8,17.0.0
縠,16,縠,unihan:identity,120,10,17.0.0
縢,16,縢,unihan:identity,120,10,17.0.0
縻,17,縻,unihan:identity,120,11,17.0.0
繁,17,繁,unihan:identity,120,11,17.0.0
繄,17,繄,unihan:identity,120,11,17.0.0
繇,17,繇,unihan:identity,120,11,17.0.0
纂,20,纂,unihan:identity,120,14,17.0.0
纛,25,纛,unihan:identity,120,19,17.0.0
纠,8,糾,char-table:preferred-traditional+unihan:kTraditionalVariant,120,2,17.0.0
纡,9,紆,char-table:preferred-traditional+unihan:kTraditionalVariant,120,3,17.0.0
红,9,紅,char-table:preferred-traditional+unihan:kTraditionalVariant,120,3,17.0.0
纣,9,紂,char-table:preferred-traditional+unihan:kTraditionalVariant,120,3,17.0.0
纤,17,縴,char-table:preferred-traditional+unihan:kTraditionalVariant,120,11,17.0.0
纥,9,紇,char-table:preferred-traditional+unihan:kTraditionalVariant,120,3,17.0.0
约,9,約,char-table:preferred-traditional+unihan:kTraditionalVariant,120,3,17.0.0
级,10,級,char-table:preferred-traditional+unihan:kTraditionalVariant,120,4,17.0.0
纨,9,紈,char-table:preferred-traditional+unihan:kTraditionalVariant,120,3,17.0.0
纩,21,纊,char-table:preferred-traditional+unihan:kTraditionalVariant,120,15,17.0.0
纪,9,紀,char-table:preferred-traditional+unihan:kTraditionalVariant,120,3,17.0.0
纫,9,紉,char-table:preferred-traditional+unihan:kTraditionalVariant,120,3,17.0.0
纬,15,緯,char-table:preferred-traditional+unihan:kTraditionalVariant,120,9,17.0.0
纭,10,紜,char-table:preferred-traditional+unihan:kTraditionalVariant,120,4,17.0.0
纮,10,紘,char-table:preferred-traditional+unihan:kTraditionalVariant,120,4,17.0.0
纯,10,純,char-table:preferred-traditional+unihan:kTraditionalVariant,120,4,17.0.0
纰,10,紕,char-table:preferred-traditional+unihan:kTraditionalVariant,120,4,17.0.0
纱,10,紗,char-table:preferred-traditional+unihan:kTraditionalVariant,120,4,17.0.0
纲,14,綱,char-table:preferred-traditional+unihan:kTraditionalVariant,120,8,17.0.0
纳,10,納,char-table:preferred-traditional+unihan:kTraditionalVariant,120,4,17.0.0
纴,10,紝,char-table:preferred-traditional+unihan:kTraditionalVariant,120,4,17.0.0
纵,17,縱,char-table:preferred-traditional+unihan:kTraditionalVariant,120,11,17.0.0
纶,14,綸,char-table:preferred-traditional+unihan:kTraditionalVariant,120,8,17.0.0
纷,10,紛,char-table:preferred-traditional+unihan:kTraditionalVariant,120,4,17.0.0
纸,10,紙,char-table:preferred-traditional+unihan:kTraditionalVariant,120,4,17.0.0
纹,10,紋,char-table:preferred-traditional+unihan:kTraditionalVariant,120,4,17.0.0
纺,10,紡,char-table:preferred-traditional+unihan:kTraditionalVariant,120,4,17.0.0
纻,11,紵,char-table:preferred-traditional+unihan:kTraditionalVariant,120,5,17.0.0
纼,10,紖,char-table:preferred-traditional+unihan:kTraditionalVariant,120,4,17.0.0
纽,10,紐,char-table:preferred-traditional+unihan:kTraditionalVariant,120,4,17.0.0
纾,10,紓,char-table:preferred-traditional+unihan:kTraditionalVariant,120,4,17.0.0
线,14,綫,char-table:preferred-traditional+unihan:kTraditionalVariant,120,8,17.0.0
绀,11,紺,char-table:preferred-traditional+unihan:kTraditionalVariant,120,5,17.0.0
绁,11,紲,char-table:preferred-traditional+unihan:kTraditionalVariant,120,5,17.0.0
绂,11,紱,char-table:preferred-traditional+unihan:kTraditionalVariant,120,5,17.0.0
练,15,練,char-table:preferred-traditional+unihan:kTraditionalVariant,120,9,17.0.0
组,11,組,char-table:preferred-traditional+unihan:kTraditionalVariant,120,5,17.0.0
绅,11,紳,char-table:preferred-traditional+unihan:kTraditionalVariant,120,5,17.0.0
细,11,細,char-table:preferred-traditional+unihan:kTraditionalVariant,120,5,17.0.0
织,18,織,char-table:preferred-traditional+unihan:kTraditionalVariant,120,12,17.0.0
终,11,終,char-table:preferred-traditional+unihan:kTraditionalVariant,120,5,17.0.0
绉,16,縐,char-table:preferred-traditional+unihan:kTraditionalVariant,120,10,17.0.0
绊,11,絆,char-table:preferred-traditional+unihan:kTraditionalVariant,120,5,17.0.0
绋,11,紼,char-table:preferred-traditional+unihan:kTraditionalVariant,120,5,17.0.0
绌,11,絀,char-table:preferred-traditional+unihan:kTraditionalVariant,120,5,17.0.0
绍,11,紹,char-table:preferred-traditional+unihan:kTraditionalVariant,120,5,17.0.0
绎,19,繹,char-table:preferred-traditional+unihan:kTraditionalVariant,120,13,17.0.0
经,13,經,char-table:preferred-traditional+unihan:kTraditionalVariant,120,7,17.0.0
绐,11,紿,char-table:preferred-traditional+unihan:kTraditionalVariant,120,5,17.0.0
绑,13,綁,char-table:preferred-traditional+unihan:kTraditionalVariant,120,7,17.0.0
绒,12,絨,char-table:preferred-traditional+unihan:kTraditionalVariant,120,6,17.0.0
结,12,結,char-table:preferred-traditional+unihan:kTraditionalVariant,120,6,17.0.0
绔,12,絝,char-table:preferred-traditional+unihan:kTraditionalVariant,120,6,17.0.0
绕,18,繞,char-table:preferred-traditional+unihan:kTraditionalVariant,120,12,17.0.0
绖,12,絰,char-table:preferred-traditional+unihan:kTraditionalVariant,120,6,17.0.0
绗,12,絎,char-table:preferred-traditional+unihan:kTraditionalVariant,120,6,17.0.0
绘,19,繪,char-table:preferred-traditional+unihan:kTraditionalVariant,120,13,17.0.0
给,12,給,char-table:preferred-traditional+unihan:kTraditionalVariant,120,6,17.0.0
绚,12,絢,char-table:preferred-traditional+unihan:kTraditionalVariant,120,6,17.0.0
绛,12,絳,char-table:preferred-traditional+unihan:kTraditionalVariant,120,6,17.0.0
络,12,絡,char-table:preferred-traditional+unihan:kTraditionalVariant,120,6,17.0.0
绝,12,絶,char-table:preferred-traditional+unihan:kTraditionalVariant,120,6,17.0.0
绞,12,絞,char-table:preferred-traditional+unihan:kTraditionalVariant,120,6,17.0.0
统,12,統,char-table:preferred-traditional+unihan:kTraditionalVariant,120,6,17.0.0
绠,13,綆,char-table:preferred-traditional+unihan:kTraditionalVariant,120,7,17.0.0
绡,13,綃,char-table:preferred-traditional+unihan:kTraditionalVariant,120,7,17.0.0
绢,13,絹,char-table:preferred-traditional+unihan:kTraditionalVariant,120,7,17.0.0
绣,13,綉,char-table:preferred-traditional+unihan:kTraditionalVariant,120,7,17.0.0
绤,13,綌,char-table:preferred-traditional+unihan:kTraditionalVariant,120,7,17.0.0
绥,13,綏,char-table:preferred-traditional+unihan:kTraditionalVariant,120,7,17.0.0
绦,16,縧,char-table:preferred-traditional+unihan:kTraditionalVariant,120,10,17.0.0
继,20,繼,char-table:preferred-traditional+unihan:kTraditionalVariant,120,14,17.0.0
绨,13,綈,char-table:preferred-traditional+unihan:kTraditionalVariant,120,7,17.0.0
绩,17,績,char-table:preferred-traditional+unihan:kTraditionalVariant,120,11,17.0.0
绪,14,緒,char-table:preferred-traditional+unihan:kTraditionalVariant,120,8,17.0.0
绫,14,綾,char-table:preferred-traditional+unihan:kTraditionalVariant,120,8,17.0.0
续,21,續,char-table:preferred-traditional+unihan:kTraditionalVariant,120,15,17.0.0
绮,14,綺,char-table:preferred-traditional+unihan:kTraditionalVariant,120,8,17.0.0
绯,14,緋,char-table:preferred-traditional+unihan:kTraditionalVariant,120,8,17.0.0
绰,14,綽,char-table:preferred-traditional+unihan:kTraditionalVariant,120,8,17.0.0
绱,14,緔,char-table:preferred-traditional+unihan:kTraditionalVariant,120,8,17.0.0
绲,14,緄,char-table:preferred-traditional+unihan:kTraditionalVariant,120,8,17.0.0
绳,19,繩,char-table:preferred-traditional+unihan:kTraditionalVariant,120,13,17.0.0
维,14,維,char-table:preferred-traditional+unihan:kTraditionalVariant,120,8,17.0.0
绵,14,綿,char-table:preferred-traditional+unihan:kTraditionalVariant,120,8,17.0.0
绶,14,綬,char-table:preferred-traditional+unihan:kTraditionalVariant,120,8,17.0.0
绷,14,綳,char-table:preferred-traditional+unihan:kTraditionalVariant,120,8,17.0.0
绸,14,綢,char-table:preferred-traditional+unihan:kTraditionalVariant,120,8,17.0.0
绹,14,綯,char-table:preferred-traditional+unihan:kTraditionalVariant,120,8,17.0.0
绺,14,綹,char-table:preferred-traditional+unihan:kTraditionalVariant,120,8,17.0.0
绻,14,綣,char-table:preferred-traditional+unihan:kTraditionalVariant,120,8,17.0.0
综,14,綜,char-table:preferred-traditional+unihan:kTraditionalVariant,120,8,17.0.0
绽,14,綻,char-table:preferred-traditional+unihan:kTraditionalVariant,120,8,17.0.0
绾,14,綰,char-table:preferred-traditional+unihan:kTraditionalVariant,120,8,17.0.0
绿,14,緑,char-table:preferred-traditional+unihan:kTraditionalVariant,120,8,17.0.0
缀,14,綴,char-table:preferred-traditional+unihan:kTraditionalVariant,120,8,17.0.0
缁,14,緇,char-table:preferred-traditional+unihan:kTraditionalVariant,120,8,17.0.0
缂,15,緙,char-table:preferred-traditional+unihan:kTraditionalVariant,120,9,17.0.0
缃,15,緗,char-table:preferred-traditional+unihan:kTraditionalVariant,120,9,17.0.0
缄,15,緘,char-table:preferred-traditional+unihan:kTraditionalVariant,120,9,17.0.0
缅,15,緬,char-table:preferred-traditional+unihan:kTraditionalVariant,120,9,17.0.0
缆,27,纜,char-table:preferred-traditional+unihan:kTraditionalVariant,120,21,17.0.0
缇,15,緹,char-table:preferred-traditional+unihan:kTraditionalVariant,120,9,17.0.0
缈,15,緲,char-table:preferred-traditional+unihan:kTraditionalVariant,120,9,17.0.0
缉,15,緝,char-table:preferred-traditional+unihan:kTraditionalVariant,120,9,17.0.0
缊,15,緼,char-table:preferred-traditional+unihan:kTraditionalVariant,120,9,17.0.0
缌,15,緦,char-table:preferred-traditional+unihan:kTraditionalVariant,120,9,17.0.0
缎,15,緞,char-table:preferred-traditional+unihan:kTraditionalVariant,120,9,17.0.0
缐,15,線,char-table:preferred-traditional+unihan:kTraditionalVariant,120,9,17.0.0
缑,15,緱,char-table:preferred-traditional+unihan:kTraditionalVariant,120,9,17.0.0
缒,16,縋,char-table:preferred-traditional+unihan:kTraditionalVariant,120,10,17.0.0
缓,15,緩,char-table:preferred-traditional+unihan:kTraditionalVariant,120,9,17.0.0
缔,15,締,char-table:preferred-traditional+unihan:kTraditionalVariant,120,9,17.0.0
缕,17,縷,char-table:preferred-traditional+unihan:kTraditionalVariant,120,11,17.0.0
编,15,編,char-table:preferred-traditional+unihan:kTraditionalVariant,120,9,17.0.0
缗,15,緡,char-table:preferred-traditional+unihan:kTraditionalVariant,120,9,17.0.0
缘,15,緣,char-table:preferred-traditional+unihan:kTraditionalVariant,120,9,17.0.0
缙,16,縉,char-table:preferred-traditional+unihan:kTraditionalVariant,120,10,17.0.0
缚,16,縛,char-table:preferred-traditional+unihan:kTraditionalVariant,120,10,17.0.0
缛,16,縟,char-table:preferred-traditional+unihan:kTraditionalVariant,120,10,17.0.0
缜,16,縝,char-table:preferred-traditional+unihan:kTraditionalVariant,120,10,17.0.0
缝,17,縫,char-table:preferred-traditional+unihan:kTraditionalVariant,120,11,17.0.0
缞,16,縗,char-table:preferred-traditional+unihan:kTraditionalVariant,120,10,17.0.0
缟,16,縞,char-table:preferred-traditional+unihan:kTraditionalVariant,120,10,17.0.0
缠,21,纏,char-table:preferred-traditional+unihan:kTraditionalVariant,120,15,17.0.0
缡,17,縭,char-table:preferred-traditional+unihan:kTraditionalVariant,120,11,17.0.0
缢,16,縊,char-table:preferred-traditional+unihan:kTraditionalVariant,120,10,17.0.0
缣,16,縑,char-table:preferred-traditional+unihan:kTraditionalVariant,120,10,17.0.0
缤,20,繽,char-table:preferred-traditional+unihan:kTraditionalVariant,120,14,17.0.0
缥,17,縹,char-table:preferred-traditional+unihan:kTraditionalVariant,120,11,17.0.0
缦,17,縵,char-table:preferred-traditional+unihan:kTraditionalVariant,120,11,17.0.0
缧,17,縲,char-table:preferred-traditional+unihan:kTraditionalVariant,120,11,17.0.0
缨,23,纓,char-table:preferred-traditional+unihan:kTraditionalVariant,120,17,17.0.0
缩,17,縮,char-table:preferred-traditional+unihan:kTraditionalVariant,120,11,17.0.0
缪,17,繆,char-table:preferred-traditional+unihan:kTraditionalVariant,120,11,17.0.0
缫,17,繅,char-table:preferred-traditional+unihan:kTraditionalVariant,120,11,17.0.0
缬,21,纈,char-table:preferred-traditional+unihan:kTraditionalVariant,120,15,17.0.0
缭,18,繚,char-table:preferred-traditional+unihan:kTraditionalVariant,120,12,17.0.0
缮,18,繕,char-table:preferred-traditional+unihan:kTraditionalVariant,120,12,17.0.0
缯,18,繒,char-table:preferred-traditional+unihan:kTraditionalVariant,120,12,17.0.0
缰,19,繮,char-table:preferred-traditional+unihan:kTraditionalVariant,120,13,17.0.0
缱,20,繾,char-table:preferred-traditional+unihan:kTraditionalVariant,120,14,17.0.0
缲,19,繰,char-table:preferred-traditional+unihan:kTraditionalVariant,120,13,17.0.0
缳,19,繯,char-table:preferred-traditional+unihan:kTraditionalVariant,120,13,17.0.0
缴,19,繳,char-table:preferred-traditional+unihan:kTraditionalVariant,120,13,17.0.0
缵,25,纘,char-table:preferred-traditional+unihan:kTraditionalVariant,120,19,17.0.0
缶,6,缶,unihan:identity,121,0,17.0.0
缸,9,缸,unihan:identity,121,3,17.0.0
缺,10,缺,unihan:identity,121,4,17.0.0
罂,20,罌,char-table:preferred-traditional+unihan:kTraditionalVariant,121,14,17.0.0
罄,17,罄,unihan:identity,121,11,17.0.0
罅,17,罅,unihan:identity,121,11,17.0.0
罍,21,罍,unihan:identity,121,15,17.0.0
罐,24,罐,unihan:identity,121,18,17.0.0
网,14,網,char-table:preferred-traditional+unihan:kTraditionalVariant,120,8,17.0.0
罔,9,罔,unihan:identity,122,3,17.0.0
罕,9,罕,unihan:identity,122,3,17.0.0
罗,20,羅,char-table:preferred-traditional+unihan:kTraditionalVariant,122,14,17.0.0
罘,10,罘,unihan:identity,122,4,17.0.0
罚,15,罰,char-table:preferred-traditional+unihan:kTraditionalVariant,122,9,17.0.0
罟,11,罟,unihan:identity,122,5,17.0.0
罡,11,罡,unihan:identity,122,5,17.0.0
罢,16,罷,char-table:preferred-traditional+unihan:kTraditionalVariant,122,10,17.0.0
罨,14,罨,unihan:identity,122,8,17.0.0
罩,14,罩,unihan:identity,122,8,17.0.0
罪,14,罪,unihan:identity,122,8,17.0.0
置,14,置,unihan:identity,122,8,17.0.0
罱,15,罱,unihan:identity,122,9,17.0.0
署,14,署,unihan:identity,122,8,17.0.0
罴,20,羆,char-table:preferred-traditional+unihan:kTraditionalVariant,122,14,17.0.0
罶,16,罶,unihan:identity,122,10,17.0.0
罹,17,罹,unihan:identity,122,11,17.0.0
罽,18,罽,unihan:identity,122,12,17.0.0
罾,18,罾,unihan:identity,122,12,17.0.0
羁,25,羈,char-table:preferred-traditional+unihan:kTraditionalVariant,122,19,17.0.0
羊,6,羊,unihan:identity,123,0,17.0.0
羌,8,羌,unihan:identity,123,2,17.0.0
美,9,美,unihan:identity,123,3,17.0.0
羑,9,羑,unihan:identity,123,3,17.0.0
羓,10,羓,unihan:identity,123,4,17.0.0
羔,10,羔,unihan:identity,123,4,17.0.0
羕,11,羕,unihan:identity,123,5,17.0.0
羖,10,羖,unihan:identity,123,4,17.0.0
羚,11,羚,unihan:identity,123,5,17.0.0
羝,11,羝,unihan:identity,123,5,17.0.0
羞,11,羞,unihan:identity,123,5,17.0.0
羟,13,羥,char-table:preferred-traditional+unihan:kTraditionalVariant,123,7,17.0.0
羡,12,羡,unihan:identity,123,6,17.0.0
群,13,群,unihan:identity,123,7,17.0.0
羧,13,羧,unihan:identity,123,7,17.0.0
羯,15,羯,unihan:identity,123,9,17.0.0
羰,15,羰,unihan:identity,123,9,17.0.0
羱,16,羱,unihan:identity,123,10,17.0.0
羲,16,羲,unihan:identity,123,10,17.0.0
羸,19,羸,unihan:identity,123,13,17.0.0
羹,19,羹,unihan:identity,123,13,17.0.0
羼,21,羼,unihan:identity,123,15,17.0.0
羽,6,羽,unihan:identity,124,0,17.0.0
羿,9,羿,unihan:identity,124,3,17.0.0
翀,10,翀,unihan:identity,124,4,17.0.0
翁,10,翁,unihan:identity,124,4,17.0.0
翂,10,翂,unihan:identity,124,4,17.0.0
翃,10,翃,unihan:identity,124,4,17.0.0
翅,10,翅,unihan:identity,124,4,17.0.0
翈,11,翈,unihan:identity,124,5,17.0.0
翊,11,翊,unihan:identity,124,5,17.0.0
翌,11,翌,unihan:identity,124,5,17.0.0
翎,11,翎,unihan:identity,124,5,17.0.0
翔,12,翔,unihan:identity,124,6,17.0.0
翕,12,翕,unihan:identity,124,6,17.0.0
翘,18,翹,char-table:preferred-traditional+unihan:kTraditionalVariant,124,12,17.0.0
翙,19,翽,char-table:preferred-traditional+unihan:kTraditionalVariant,124,13,17.0.0
翚,15,翬,char-table:preferred-traditional+unihan:kTraditionalVariant,124,9,17.0.0
翛,13,翛,unihan:identity,124,7,17.0.0
翟,14,翟,unihan:identity,124,8,17.0.0
翠,14,翠,unihan:identity,124,8,17.0.0
翡,14,翡,unihan:identity,124,8,17.0.0
翥,15,翥,unihan:identity,124,9,17.0.0
翦,15,翦,unihan:identity,124,9,17.0.0
翩,15,翩,unihan:identity,124,9,17.0.0
翮,16,翮,unihan:identity,124,10,17.0.0
翯,16,翯,unihan:identity,124,10,17.0.0
翰,16,翰,unihan:identity,124,10,17.0.0
翱,16,翱,unihan:identity,124,10,17.0.0
翳,17,翳,unihan:identity,124,11,17.0.0
翷,18,翷,unihan:identity,124,12,17.0.0
翻,18,翻,unihan:identity,124,12,17.0.0
翼,17,翼,unihan:identity,124,11,17.0.0
翾,19,翾,unihan:identity,124,13,17.0.0
耀,20,耀,unihan:identity,124,14,17.0.0
老,6,老,unihan:identity,125,0,17.0.0
考,6,考,unihan:identity,125,0,17.0.0
耄,10,耄,unihan:identity,125,4,17.0.0
者,10,者,unihan:identity,125,4,17.0.0
耆,10,耆,unihan:identity,125,4,17.0.0
耇,11,耇,unihan:identity,125,5,17.0.0
耋,12,耋,unihan:identity,125,6,17.0.0
而,6,而,unihan:identity,126,0,17.0.0
耍,9,耍,unihan:identity,126,3,17.0.0
耏,9,耏,unihan:identity,126,3,17.0.0
耐,9,耐,unihan:identity,126,3,17.0.0
耑,9,耑,unihan:identity,126,3,17.0.0
耒,6,耒,unihan:identity,127,0,17.0.0
耔,9,耔,unihan:identity,127,3,17.0.0
耕,10,耕,unihan:identity,127,4,17.0.0
耖,10,耖,unihan:identity,127,4,17.0.0
耗,10,耗,unihan:identity,127,4,17.0.0
耘,10,耘,unihan:identity,127,4,17.0.0
耙,10,耙,unihan:identity,127,4,17.0.0
耜,11,耜,unihan:identity,127,5,17.0.0
耠,12,耠,unihan:identity,127,6,17.0.0
耢,18,耮,char-table:preferred-traditional+unihan:kTraditionalVariant,127,12,17.0.0
耤,14,耤,unihan:identity,127,8,17.0.0
耥,14,耥,unihan:identity,127,8,17.0.0
耦,15,耦,unihan:identity,127,9,17.0.0
耧,17,耬,char-table:preferred-traditional+unihan:kTraditionalVariant,127,11,17.0.0
耨,16,耨,unihan:identity,127,10,17.0.0
耩,16,耩,unihan:identity,127,10,17.0.0
耪,16,耪,unihan:identity,127,10,17.0.0
耰,21,耰,unihan:identity,127,15,17.0.0
耱,22,耱,unihan:identity,127,16,17.0.0
耳,6,耳,unihan:identity,128,0,17.0.0
耵,8,耵,unihan:identity,128,2,17.0.0
耶,9,耶,unihan:identity,128,3,17.0.0
耷,9,耷,unihan:identity,128,3,17.0.0
耸,17,聳,char-table:preferred-traditional+unihan:kTraditionalVariant,128,11,17.0.0
耻,10,恥,unihan:kTraditionalVariant[17.0.0],61,6,17.0.0
耽,10,耽,unihan:identity,128,4,17.0.0
耿,10,耿,unihan:identity,128,4,17.0.0
聂,18,聶,char-table:preferred-traditional+unihan:kTraditionalVariant,128,12,17.0.0
聃,11,聃,unihan:identity,128,5,17.0.0
聆,11,聆,unihan:identity,128,5,17.0.0
聊,11,聊,unihan:identity,128,5,17.0.0
聋,22,聾,char-table:preferred-traditional+unihan:kTraditionalVariant,128,16,17.0.0
职,18,職,char-table:preferred-traditional+unihan:kTraditionalVariant,128,12,17.0.0
聍,20,聹,char-table:preferred-traditional+unihan:kTraditionalVariant,128,14,17.0.0
聒,12,聒,unihan:identity,128,6,17.0.0
联,17,聯,char-table:preferred-traditional+unihan:kTraditionalVariant,128,11,17.0.0
聘,13,聘,unihan:identity,128,7,17.0.0
聚,14,聚,unihan:identity,128,8,17.0.0
聩,18,聵,char-table:preferred-traditional+unihan:kTraditionalVariant,128,12,17.0.0
聪,17,聰,char-table:preferred-traditional+unihan:kTraditionalVariant,128,11,17.0.0
聱,17,聱,unihan:identity,128,11,17.0.0
聿,6,聿,unihan:identity,129,0,17.0.0
肃,13,肅,char-table:preferred-traditional+unihan:kTraditionalVariant,129,7,17.0.0
肄,13,肄,unihan:identity,129,7,17.0.0
肆,13,肆,unihan:identity,129,7,17.0.0
肇,14,肇,unihan:identity,129,8,17.0.0
肉,6,肉,unihan:identity,130,0,17.0.0
肋,8,肋,unihan:identity,130,2,17.0.0
肌,8,肌,unihan:identity,130,2,17.0.0
肓,9,肓,unihan:identity,130,3,17.0.0
肖,9,肖,unihan:identity,130,3,17.0.0
肘,9,肘,unihan:identity,130,3,17.0.0
肚,9,肚,unihan:identity,130,3,17.0.0
肛,9,肛,unihan:identity,130,3,17.0.0
肝,9,肝,unihan:identity,130,3,17.0.0
肟,9,肟,unihan:identity,130,3,17.0.0
肠,15,腸,char-table:preferred-traditional+unihan:kTraditionalVariant,130,9,17.0.0
股,10,股,unihan:identity,130,4,17.0.0
肢,10,肢,unihan:identity,130,4,17.0.0
肤,17,膚,char-table:preferred-traditional+unihan:kTraditionalVariant,130,11,17.0.0
肥,10,肥,unihan:identity,130,4,17.0.0
肩,10,肩,unihan:identity,130,4,17.0.0
肪,10,肪,unihan:identity,130,4,17.0.0
肫,10,肫,unihan:identity,130,4,17.0.0
肭,10,肭,unihan:identity,130,4,17.0.0
肮,14,骯,char-table:preferred-traditional+unihan:kTraditionalVariant,188,4,17.0.0
肯,10,肯,unihan:identity,130,4,17.0.0
肱,10,肱,unihan:identity,130,4,17.0.0
育,10,育,unihan:identity,130,4,17.0.0
肴,17,餚,unihan:kTraditionalVariant[17.0.0],184,8,17.0.0
肷,10,肷,unihan:identity,130,4,17.0.0
肸,10,肸,unihan:identity,130,4,17.0.0
肺,10,肺,unihan:identity,130,4,17.0.0
肼,10,肼,unihan:identity,130,4,17.0.0
肽,10,肽,unihan:identity,130,4,17.0.0
肾,14,腎,char-table:preferred-traditional+unihan:kTraditionalVariant,130,8,17.0.0
肿,15,腫,char-table:preferred-traditional+unihan:kTraditionalVariant,130,9,17.0.0
胀,14,脹,char-table:preferred-traditional+unihan:kTraditionalVariant,130,8,17.0.0
胁,12,脅,char-table:preferred-traditional+unihan:kTraditionalVariant,130,6,17.0.0
胂,11,胂,unihan:identity,130,5,17.0.0
胃,11,胃,unihan:identity,130,5,17.0.0
胄,11,胄,unihan:identity,130,5,17.0.0
胆,19,膽,char-table:preferred-traditional+unihan:kTraditionalVariant,130,13,17.0.0
胈,11,胈,unihan:identity,130,5,17.0.0
背,11,背,unihan:identity,130,5,17.0.0
胍,11,胍,unihan:identity,130,5,17.0.0
胎,11,胎,unihan:identity,130,5,17.0.0
胖,11,胖,unihan:identity,130,5,17.0.0
胗,11,胗,unihan:identity,130,5,17.0.0
胙,11,胙,unihan:identity,130,5,17.0.0
胚,11,胚,unihan:identity,130,5,17.0.0
胛,11,胛,unihan:identity,130,5,17.0.0
胜,12,勝,char-table:preferred-traditional+unihan:kTraditionalVariant,19,10,17.0.0
胝,11,胝,unihan:identity,130,5,17.0.0
胞,11,胞,unihan:identity,130,5,17.0.0
胠,11,胠,unihan:identity,130,5,17.0.0
胡,19,鬍,char-table:preferred-traditional+unihan:kTraditionalVariant,190,9,17.0.0
胣,11,胣,unihan:identity,130,5,17.0.0
胤,11,胤,unihan:identity,130,5,17.0.0
胥,11,胥,unihan:identity,130,5,17.0.0
胧,20,朧,char-table:preferred-traditional+unihan:kTraditionalVariant,74,16,17.0.0
胨,14,腖,char-table:preferred-traditional+unihan:kTraditionalVariant,130,8,17.0.0
胩,11,胩,unihan:identity,130,5,17.0.0
胪,22,臚,char-table:preferred-traditional+unihan:kTraditionalVariant,130,16,17.0.0
胫,13,脛,char-table:preferred-traditional+unihan:kTraditionalVariant,130,7,17.0.0
胬,11,胬,unihan:identity,130,5,17.0.0
胭,12,胭,unihan:identity,130,6,17.0.0
胯,12,胯,unihan:identity,130,6,17.0.0
胰,12,胰,unihan:identity,130,6,17.0.0
胱,12,胱,unihan:identity,130,6,17.0.0
胲,12,胲,unihan:identity,130,6,17.0.0
胳,12,胳,unihan:identity,130,6,17.0.0
胴,12,胴,unihan:identity,130,6,17.0.0
胶,17,膠,char-table:preferred-traditional+unihan:kTraditionalVariant,130,11,17.0.0
胸,12,胸,unihan:identity,130,6,17.0.0
胺,12,胺,unihan:identity,130,6,17.0.0
胼,12,胼,unihan:identity,130,6,17.0.0
能,12,能,unihan:identity,130,6,17.0.0
脂,12,脂,unihan:identity,130,6,17.0.0
脆,12,脆,unihan:identity,130,6,17.0.0
脉,12,脈,unihan:kTraditionalVariant[17.0.0],130,6,17.0.0
脊,12,脊,unihan:identity,130,6,17.0.0
脍,19,膾,char-table:preferred-traditional+unihan:kTraditionalVariant,130,13,17.0.0
脎,12,脎,unihan:identity,130,6,17.0.0
脏,24,臟,char-table:preferred-traditional+unihan:kTraditionalVariant,130,18,17.0.0
脐,20,臍,char-table:preferred-traditional+unihan:kTraditionalVariant,130,14,17.0.0
脑,15,腦,char-table:preferred-traditional+unihan:kTraditionalVariant,130,9,17.0.0
脒,12,脒,unihan:identity,130,6,17.0.0
脓,19,膿,char-table:preferred-traditional+unihan:kTraditionalVariant,130,13,17.0.0
脔,25,臠,char-table:preferred-traditional+unihan:kTraditionalVariant,130,19,17.0.0
脖,13,脖,unihan:identity,130,7,17.0.0
脘,13,脘,unihan:identity,130,7,17.0.0
脚,15,腳,char-table:preferred-traditional+unihan:kTraditionalVariant,130,9,17.0.0
脞,13,脞,unihan:identity,130,7,17.0.0
脟,13,脟,unihan:identity,130,7,17.0.0
脩,13,脩,unihan:identity,130,7,17.0.0
脬,13,脬,unihan:identity,130,7,17.0.0
脯,13,脯,unihan:identity,130,7,17.0.0
脱,13,脫,unihan:kTraditionalVariant[17.0.0],130,7,17.0.0
脲,13,脲,unihan:identity,130,7,17.0.0
脶,15,腡,char-table:preferred-traditional+unihan:kTraditionalVariant,130,9,17.0.0
脸,19,臉,char-table:preferred-traditional+unihan:kTraditionalVariant,130,13,17.0.0
脾,14,脾,unihan:identity,130,8,17.0.0
脿,14,脿,unihan:identity,130,8,17.0.0
腆,14,腆,unihan:identity,130,8,17.0.0
腈,14,腈,unihan:identity,130,8,17.0.0
腊,21,臘,char-table:preferred-traditional+unihan:kTraditionalVariant,130,15,17.0.0
腋,14,腋,unihan:identity,130,8,17.0.0
腌,14,腌,unihan:identity,130,8,17.0.0
腐,14,腐,unihan:identity,130,8,17.0.0
腑,14,腑,unihan:identity,130,8,17.0.0
腒,14,腒,unihan:identity,130,8,17.0.0
腓,14,腓,unihan:identity,130,8,17.0.0
腔,14,腔,unihan:identity,130,8,17.0.0
腕,14,腕,unihan:identity,130,8,17.0.0
腘,17,膕,char-table:preferred-traditional+unihan:kTraditionalVariant,130,11,17.0.0
腙,14,腙,unihan:identity,130,8,17.0.0
腚,14,腚,unihan:identity,130,8,17.0.0
腠,15,腠,unihan:identity,130,9,17.0.0
腥,15,腥,unihan:identity,130,9,17.0.0
腧,15,腧,unihan:identity,130,9,17.0.0
腨,15,腨,unihan:identity,130,9,17.0.0
腩,15,腩,unihan:identity,130,9,17.0.0
腭,24,齶,unihan:kTraditionalVariant[17.0.0],211,9,17.0.0
腮,15,腮,unihan:identity,130,9,17.0.0
腯,15,腯,unihan:identity,130,9,17.0.0
腰,15,腰,unihan:identity,130,9,17.0.0
腱,15,腱,unihan:identity,130,9,17.0.0
腴,15,腴,unihan:identity,130,9,17.0.0
腹,15,腹,unihan:identity,130,9,17.0.0
腺,15,腺,unihan:identity,130,9,17.0.0
腻,18,膩,char-table:preferred-traditional+unihan:kTraditionalVariant,130,12,17.0.0
腼,15,腼,unihan:identity,130,9,17.0.0
腽,16,膃,unihan:kTraditionalVariant[17.0.0],130,10,17.0.0
腾,20,騰,char-table:preferred-traditional+unihan:kTraditionalVariant,187,10,17.0.0
腿,16,腿,unihan:identity,130,10,17.0.0
膀,16,膀,unihan:identity,130,10,17.0.0
膂,16,膂,unihan:identity,130,10,17.0.0
膈,16,膈,unihan:identity,130,10,17.0.0
膊,16,膊,unihan:identity,130,10,17.0.0
膏,16,膏,unihan:identity,130,10,17.0.0
膑,20,臏,char-table:preferred-traditional+unihan:kTraditionalVariant,130,14,17.0.0
膘,17,膘,unihan:identity,130,11,17.0.0
膙,17,膙,unihan:identity,130,11,17.0.0
膛,17,膛,unihan:identity,130,11,17.0.0
膜,17,膜,unihan:identity,130,11,17.0.0
膝,17,膝,unihan:identity,130,11,17.0.0
膦,18,膦,unihan:identity,130,12,17.0.0
膨,18,膨,unihan:identity,130,12,17.0.0
膳,18,膳,unihan:identity,130,12,17.0.0
膺,19,膺,unihan:identity,130,13,17.0.0
膻,19,膻,unihan:identity,130,13,17.0.0
臀,19,臀,unihan:identity,130,13,17.0.0
臂,19,臂,unihan:identity,130,13,17.0.0
臃,19,臃,unihan:identity,130,13,17.0.0
臆,19,臆,unihan:identity,130,13,17.0.0
臊,19,臊,unihan:identity,130,13,17.0.0
臌,19,臌,unihan:identity,130,13,17.0.0
臑,20,臑,unihan:identity,130,14,17.0.0
臜,25,臢,char-table:preferred-traditional+unihan:kTraditionalVariant,130,19,17.0.0
臣,6,臣,unihan:identity,131,0,17.0.0
臧,14,臧,unihan:identity,131,8,17.0.0
自,6,自,unihan:identity,132,0,17.0.0
臬,10,臬,unihan:identity,132,4,17.0.0
臭,10,臭,unihan:identity,132,4,17.0.0
至,6,至,unihan:identity,133,0,17.0.0
致,15,緻,char-table:preferred-traditional+unihan:kTraditionalVariant,120,9,17.0.0
臻,16,臻,unihan:identity,133,10,17.0.0
臼,6,臼,unihan:identity,134,0,17.0.0
臾,8,臾,unihan:identity,134,2,17.0.0
舀,10,舀,unihan:identity,134,4,17.0.0
舁,10,舁,unihan:identity,134,4,17.0.0
舂,11,舂,unihan:identity,134,5,17.0.0
舄,12,舄,unihan:identity,134,6,17.0.0
舅,13,舅,unihan:identity,134,7,17.0.0
舆,17,輿,char-table:preferred-traditional+unihan:kTraditionalVariant,159,10,17.0.0
舌,6,舌,unihan:identity,135,0,17.0.0
舍,12,捨,char-table:preferred-traditional+unihan:kTraditionalVariant,64,8,17.0.0
舐,10,舐,unihan:identity,135,4,17.0.0
舒,12,舒,unihan:identity,135,6,17.0.0
舔,14,舔,unihan:identity,135,8,17.0.0
舛,6,舛,unihan:identity,136,0,17.0.0
舜,12,舜,unihan:identity,136,6,17.0.0
舞,14,舞,unihan:identity,136,8,17.0.0
舟,6,舟,unihan:identity,137,0,17.0.0
舠,8,舠,unihan:identity,137,2,17.0.0
舢,9,舢,unihan:identity,137,3,17.0.0
舣,19,艤,char-table:preferred-traditional+unihan:kTraditionalVariant,137,13,17.0.0
舥,10,舥,unihan:identity,137,4,17.0.0
航,10,航,unihan:identity,137,4,17.0.0
舫,10,舫,unihan:identity,137,4,17.0.0
般,10,般,unihan:identity,137,4,17.0.0
舭,10,舭,unihan:identity,137,4,17.0.0
舯,10,舯,unihan:identity,137,4,17.0.0
舰,20,艦,char-table:preferred-traditional+unihan:kTraditionalVariant,137,14,17.0.0
舱,16,艙,char-table:preferred-traditional+unihan:kTraditionalVariant,137,10,17.0.0
舲,11,舲,unihan:identity,137,5,17.0.0
舳,11,舳,unihan:identity,137,5,17.0.0
舴,11,舴,unihan:identity,137,5,17.0.0
舵,11,舵,unihan:identity,137,5,17.0.0
舶,11,舶,unihan:identity,137,5,17.0.0
舷,11,舷,unihan:identity,137,5,17.0.0
舸,11,舸,unihan:identity,137,5,17.0.0
船,11,船,unihan:identity,137,5,17.0.0
舻,22,艫,char-table:preferred-traditional+unihan:kTraditionalVariant,137,16,17.0.0
舾,12,舾,unihan:identity,137,6,17.0.0
艄,13,艄,unihan:identity,137,7,17.0.0
艅,13,艅,unihan:identity,137,7,17.0.0
艇,13,艇,unihan:identity,137,7,17.0.0
艉,13,艉,unihan:identity,137,7,17.0.0
艋,14,艋,unihan:identity,137,8,17.0.0
艎,15,艎,unihan:identity,137,9,17.0.0
艏,15,艏,unihan:identity,137,9,17.0.0
艘,16,艘,unihan:identity,137,10,17.0.0
艚,17,艚,unihan:identity,137,11,17.0.0
艟,18,艟,unihan:identity,137,12,17.0.0
艨,20,艨,unihan:identity,137,14,17.0.0
艮,6,艮,unihan:identity,138,0,17.0.0
良,7,良,unihan:identity,138,1,17.0.0
艰,17,艱,char-table:preferred-traditional+unihan:kTraditionalVariant,138,11,17.0.0
色,6,色,unihan:identity,139,0,17.0.0
艳,24,艷,char-table:preferred-traditional+unihan:kTraditionalVariant,139,18,17.0.0
艴,11,艴,unihan:identity,139,5,17.0.0
艺,21,藝,char-table:preferred-traditional+unihan:kTraditionalVariant,140,15,17.0.0
艽,8,艽,unihan:identity,140,2,17.0.0
艾,8,艾,unihan:identity,140,2,17.0.0
艿,8,艿,unihan:identity,140,2,17.0.0
节,13,節,char-table:preferred-traditional+unihan:kTraditionalVariant,118,7,17.0.0
芃,9,芃,unihan:identity,140,3,17.0.0
芄,9,芄,unihan:identity,140,3,17.0.0
芈,7,羋,unihan:kTraditionalVariant[17.0.0],123,1,17.0.0
芊,9,芊,unihan:identity,140,3,17.0.0
芋,9,芋,unihan:identity,140,3,17.0.0
芍,9,芍,unihan:identity,140,3,17.0.0
芎,9,芎,unihan:identity,140,3,17.0.0
芏,9,芏,unihan:identity,140,3,17.0.0
芑,9,芑,unihan:identity,140,3,17.0.0
芒,9,芒,unihan:identity,140,3,17.0.0
芗,19,薌,char-table:preferred-traditional+unihan:kTraditionalVariant,140,13,17.0.0
芘,10,芘,unihan:identity,140,4,17.0.0
芙,10,芙,unihan:identity,140,4,17.0.0
芜,18,蕪,char-table:preferred-traditional+unihan:kTraditionalVariant,140,12,17.0.0
芝,10,芝,unihan:identity,140,4,17.0.0
芟,10,芟,unihan:identity,140,4,17.0.0
芠,10,芠,unihan:identity,140,4,17.0.0
芡,10,芡,unihan:identity,140,4,17.0.0
芣,10,芣,unihan:identity,140,4,17.0.0
芤,10,芤,unihan:identity,140,4,17.0.0
芥,10,芥,unihan:identity,140,4,17.0.0
芦,22,蘆,char-table:preferred-traditional+unihan:kTraditionalVariant,140,16,17.0.0
芨,10,芨,unihan:identity,140,4,17.0.0
芩,10,芩,unihan:identity,140,4,17.0.0
芪,10,芪,unihan:identity,140,4,17.0.0
芫,10,芫,unihan:identity,140,4,17.0.0
芬,10,芬,unihan:identity,140,4,17.0.0
芭,10,芭,unihan:identity,140,4,17.0.0
芮,10,芮,unihan:identity,140,4,17.0.0
芯,10,芯,unihan:identity,140,4,17.0.0
芰,10,芰,unihan:identity,140,4,17.0.0
花,10,花,unihan:identity,140,4,17.0.0
芳,10,芳,unihan:identity,140,4,17.0.0
芴,10,芴,unihan:identity,140,4,17.0.0
芷,10,芷,unihan:identity,140,4,17.0.0
芸,18,蕓,char-table:preferred-traditional+unihan:kTraditionalVariant,140,12,17.0.0
芹,10,芹,unihan:identity,140,4,17.0.0
芼,10,芼,unihan:identity,140,4,17.0.0
芽,10,芽,unihan:identity,140,4,17.0.0
芾,10,芾,unihan:identity,140,4,17.0.0
苁,17,蓯,char-table:preferred-traditional+unihan:kTraditionalVariant,140,11,17.0.0
苄,10,苄,unihan:identity,140,4,17.0.0
苇,15,葦,char-table:preferred-traditional+unihan:kTraditionalVariant,140,9,17.0.0
苈,22,藶,char-table:preferred-traditional+unihan:kTraditionalVariant,140,16,17.0.0
苉,10,苉,unihan:identity,140,4,17.0.0
苊,10,苊,unihan:identity,140,4,17.0.0
苋,13,莧,char-table:preferred-traditional+unihan:kTraditionalVariant,140,7,17.0.0
苌,14,萇,char-table:preferred-traditional+unihan:kTraditionalVariant,140,8,17.0.0
苍,16,蒼,char-table:preferred-traditional+unihan:kTraditionalVariant,140,10,17.0.0
苎,11,苧,char-table:preferred-traditional+unihan:kTraditionalVariant,140,5,17.0.0
苏,22,蘇,char-table:preferred-traditional+unihan:kTraditionalVariant,140,16,17.0.0
苑,11,苑,unihan:identity,140,5,17.0.0
苒,11,苒,unihan:identity,140,5,17.0.0
苓,11,苓,unihan:identity,140,5,17.0.0
苔,11,苔,unihan:identity,140,5,17.0.0
苕,11,苕,unihan:identity,140,5,17.0.0
苗,11,苗,unihan:identity,140,5,17.0.0
苘,11,苘,unihan:identity,140,5,17.0.0
苛,11,苛,unihan:identity,140,5,17.0.0
苜,11,苜,unihan:identity,140,5,17.0.0
苞,11,苞,unihan:identity,140,5,17.0.0
苟,11,苟,unihan:identity,140,5,17.0.0
苠,11,苠,unihan:identity,140,5,17.0.0
苡,11,苡,unihan:identity,140,5,17.0.0
苣,11,苣,unihan:identity,140,5,17.0.0
苤,11,苤,unihan:identity,140,5,17.0.0
若,11,若,unihan:identity,140,5,17.0.0
苦,11,苦,unihan:identity,140,5,17.0.0
苧,20,薴,char-table:preferred-traditional+unihan:kTraditionalVariant,140,14,17.0.0
苫,11,苫,unihan:identity,140,5,17.0.0
苯,11,苯,unihan:identity,140,5,17.0.0
英,11,英,unihan:identity,140,5,17.0.0
苴,11,苴,unihan:identity,140,5,17.0.0
苷,11,苷,unihan:identity,140,5,17.0.0
苹,22,蘋,char-table:preferred-traditional+unihan:kTraditionalVariant,140,16,17.0.0
苻,11,苻,unihan:identity,140,5,17.0.0
苾,11,苾,unihan:identity,140,5,17.0.0
茀,11,茀,unihan:identity,140,5,17.0.0
茁,11,茁,unihan:identity,140,5,17.0.0
茂,11,茂,unihan:identity,140,5,17.0.0
范,15,範,char-table:preferred-traditional+unihan:kTraditionalVariant,118,9,17.0.0
茄,11,茄,unihan:identity,140,5,17.0.0
茅,11,茅,unihan:identity,140,5,17.0.0
茆,11,茆,unihan:identity,140,5,17.0.0
茈,11,茈,unihan:identity,140,5,17.0.0
茉,11,茉,unihan:identity,140,5,17.0.0
茋,11,茋,unihan:identity,140,5,17.0.0
茌,11,茌,unihan:identity,140,5,17.0.0
茎,13,莖,char-table:preferred-traditional+unihan:kTraditionalVariant,140,7,17.0.0
茏,22,蘢,char-table:preferred-traditional+unihan:kTraditionalVariant,140,16,17.0.0
茑,17,蔦,char-table:preferred-traditional+unihan:kTraditionalVariant,140,11,17.0.0
茓,11,茓,unihan:identity,140,5,17.0.0
茔,13,塋,char-table:preferred-traditional+unihan:kTraditionalVariant,32,10,17.0.0
茕,13,煢,char-table:preferred-traditional+unihan:kTraditionalVariant,86,9,17.0.0
茗,12,茗,unihan:identity,140,6,17.0.0
茚,12,茚,unihan:identity,140,6,17.0.0
茛,12,茛,unihan:identity,140,6,17.0.0
茜,12,茜,unihan:identity,140,6,17.0.0
茝,13,茝,unihan:identity,140,7,17.0.0
茧,19,繭,char-table:preferred-traditional+unihan:kTraditionalVariant,120,13,17.0.0
茨,12,茨,unihan:identity,140,6,17.0.0
茫,12,茫,unihan:identity,140,6,17.0.0
茬,12,茬,unihan:identity,140,6,17.0.0
茭,12,茭,unihan:identity,140,6,17.0.0
茯,12,茯,unihan:identity,140,6,17.0.0
茱,12,茱,unihan:identity,140,6,17.0.0
茳,12,茳,unihan:identity,140,6,17.0.0
茴,12,茴,unihan:identity,140,6,17.0.0
茵,12,茵,unihan:identity,140,6,17.0.0
茶,12,茶,unihan:identity,140,6,17.0.0
茸,12,茸,unihan:identity,140,6,17.0.0
茹,12,茹,unihan:identity,140,6,17.0.0
茺,12,茺,unihan:identity,140,6,17.0.0
茼,12,茼,unihan:identity,140,6,17.0.0
茽,12,茽,unihan:identity,140,6,17.0.0
荀,12,荀,unihan:identity,140,6,17.0.0
荁,12,荁,unihan:identity,140,6,17.0.0
荃,12,荃,unihan:identity,140,6,17.0.0
荄,12,荄,unihan:identity,140,6,17.0.0
荆,12,荊,unihan:kTraditionalVariant[17.0.0],140,6,17.0.0
荇,12,荇,unihan:identity,140,6,17.0.0
草,12,草,unihan:identity,140,6,17.0.0
荏,12,荏,unihan:identity,140,6,17.0.0
荐,19,薦,char-table:preferred-traditional+unihan:kTraditionalVariant,140,13,17.0.0
荑,12,荑,unihan:identity,140,6,17.0.0
荒,12,荒,unihan:identity,140,6,17.0.0
荓,14,荓,unihan:identity,140,8,17.0.0
荔,12,荔,unihan:identity,140,6,17.0.0
荖,12,荖,unihan:identity,140,6,17.0.0
荙,19,薘,char-table:preferred-traditional+unihan:kTraditionalVariant,140,13,17.0.0
荚,13,莢,char-table:preferred-traditional+unihan:kTraditionalVariant,140,7,17.0.0
荛,18,蕘,char-table:preferred-traditional+unihan:kTraditionalVariant,140,12,17.0.0
荜,17,蓽,char-table:preferred-traditional+unihan:kTraditionalVariant,140,11,17.0.0
荞,18,蕎,char-table:preferred-traditional+unihan:kTraditionalVariant,140,12,17.0.0
荟,19,薈,char-table:preferred-traditional+unihan:kTraditionalVariant,140,13,17.0.0
荠,20,薺,char-table:preferred-traditional+unihan:kTraditionalVariant,140,14,17.0.0
荡,18,蕩,char-table:preferred-traditional+unihan:kTraditionalVariant,140,12,17.0.0
荣,14,榮,char-table:preferred-traditional+unihan:kTraditionalVariant,75,10,17.0.0
荤,15,葷,char-table:preferred-traditional+unihan:kTraditionalVariant,140,9,17.0.0
荥,14,滎,char-table:preferred-traditional+unihan:kTraditionalVariant,85,10,17.0.0
荦,14,犖,char-table:preferred-traditional+unihan:kTraditionalVariant,93,10,17.0.0
荧,14,熒,char-table:preferred-traditional+unihan:kTraditionalVariant,86,10,17.0.0
荨,18,蕁,char-table:preferred-traditional+unihan:kTraditionalVariant,140,12,17.0.0
荩,20,藎,char-table:preferred-traditional+unihan:kTraditionalVariant,140,14,17.0.0
荪,16,蓀,char-table:preferred-traditional+unihan:kTraditionalVariant,140,10,17.0.0
荫,17,蔭,char-table:preferred-traditional+unihan:kTraditionalVariant,140,11,17.0.0
荬,18,蕒,char-table:preferred-traditional+unihan:kTraditionalVariant,140,12,17.0.0
荭,15,葒,char-table:preferred-traditional+unihan:kTraditionalVariant,140,9,17.0.0
荮,15,葤,char-table:preferred-traditional+unihan:kTraditionalVariant,140,9,17.0.0
药,21,藥,char-table:preferred-traditional+unihan:kTraditionalVariant,140,15,17.0.0
荷,13,荷,unihan:identity,140,7,17.0.0
荸,13,荸,unihan:identity,140,7,17.0.0
荻,13,荻,unihan:identity,140,7,17.0.0
荼,13,荼,unihan:identity,140,7,17.0.0
荽,13,荽,unihan:identity,140,7,17.0.0
莅,16,蒞,unihan:kTraditionalVariant[17.0.0],140,10,17.0.0
莆,13,莆,unihan:identity,140,7,17.0.0
莉,13,莉,unihan:identity,140,7,17.0.0
莎,13,莎,unihan:identity,140,7,17.0.0
莒,13,莒,unihan:identity,140,7,17.0.0
莓,13,莓,unihan:identity,140,7,17.0.0
莘,13,莘,unihan:identity,140,7,17.0.0
莙,13,莙,unihan:identity,140,7,17.0.0
莛,13,莛,unihan:identity,140,7,17.0.0
莜,13,莜,unihan:identity,140,7,17.0.0
莝,13,莝,unihan:identity,140,7,17.0.0
莞,13,莞,unihan:identity,140,7,17.0.0
莠,13,莠,unihan:identity,140,7,17.0.0
莨,13,莨,unihan:identity,140,7,17.0.0
莩,13,莩,unihan:identity,140,7,17.0.0
莪,13,莪,unihan:identity,140,7,17.0.0
莫,13,莫,unihan:identity,140,7,17.0.0
莰,13,莰,unihan:identity,140,7,17.0.0
莱,14,萊,char-table:preferred-traditional+unihan:kTraditionalVariant,140,8,17.0.0
莲,17,蓮,char-table:preferred-traditional+unihan:kTraditionalVariant,140,11,17.0.0
莳,16,蒔,char-table:preferred-traditional+unihan:kTraditionalVariant,140,10,17.0.0
莴,15,萵,char-table:preferred-traditional+unihan:kTraditionalVariant,140,9,17.0.0
莶,19,薟,char-table:preferred-traditional+unihan:kTraditionalVariant,140,13,17.0.0
获,18,獲,char-table:preferred-traditional+unihan:kTraditionalVariant,94,14,17.0.0
莸,18,蕕,char-table:preferred-traditional+unihan:kTraditionalVariant,140,12,17.0.0
莹,15,瑩,char-table:preferred-traditional+unihan:kTraditionalVariant,96,10,17.0.0
莺,21,鶯,char-table:preferred-traditional+unihan:kTraditionalVariant,196,10,17.0.0
莼,16,蒓,char-table:preferred-traditional+unihan:kTraditionalVariant,140,10,17.0.0
莽,13,莽,unihan:identity,140,7,17.0.0
莿,14,莿,unihan:identity,140,8,17.0.0
菀,14,菀,unihan:identity,140,8,17.0.0
菁,14,菁,unihan:identity,140,8,17.0.0
菂,14,菂,unihan:identity,140,8,17.0.0
菅,14,菅,unihan:identity,140,8,17.0.0
菇,14,菇,unihan:identity,140,8,17.0.0
菉,14,菉,unihan:identity,140,8,17.0.0
菊,14,菊,unihan:identity,140,8,17.0.0
菌,14,菌,unihan:identity,140,8,17.0.0
菍,14,菍,unihan:identity,140,8,17.0.0
菏,14,菏,unihan:identity,140,8,17.0.0
菔,14,菔,unihan:identity,140,8,17.0.0
菖,14,菖,unihan:identity,140,8,17.0.0
菘,14,菘,unihan:identity,140,8,17.0.0
菜,14,菜,unihan:identity,140,8,17.0.0
菝,14,菝,unihan:identity,140,8,17.0.0
菟,14,菟,unihan:identity,140,8,17.0.0
菠,14,菠,unihan:identity,140,8,17.0.0
菡,14,菡,unihan:identity,140,8,17.0.0
菥,14,菥,unihan:identity,140,8,17.0.0
菩,14,菩,unihan:identity,140,8,17.0.0
菪,14,菪,unihan:identity,140,8,17.0.0
菰,14,菰,unihan:identity,140,8,17.0.0
菱,14,菱,unihan:identity,140,8,17.0.0
菲,14,菲,unihan:identity,140,8,17.0.0
菹,14,菹,unihan:identity,140,8,17.0.0
菼,14,菼,unihan:identity,140,8,17.0.0
菽,14,菽,unihan:identity,140,8,17.0.0
萁,14,萁,unihan:identity,140,8,17.0.0
萃,14,萃,unihan:identity,140,8,17.0.0
萄,14,萄,unihan:identity,140,8,17.0.0
萆,14,萆,unihan:identity,140,8,17.0.0
萋,14,萋,unihan:identity,140,8,17.0.0
萌,14,萌,unihan:identity,140,8,17.0.0
萍,14,萍,unihan:identity,140,8,17.0.0
萎,14,萎,unihan:identity,140,8,17.0.0
萏,14,萏,unihan:identity,140,8,17.0.0
萑,14,萑,unihan:identity,140,8,17.0.0
萘,14,萘,unihan:identity,140,8,17.0.0
萚,22,蘀,char-table:preferred-traditional+unihan:kTraditionalVariant,140,16,17.0.0
萜,14,萜,unihan:identity,140,8,17.0.0
萝,25,蘿,char-table:preferred-traditional+unihan:kTraditionalVariant,140,19,17.0.0
萣,14,萣,unihan:identity,140,8,17.0.0
萤,16,螢,char-table:preferred-traditional+unihan:kTraditionalVariant,142,10,17.0.0
营,17,營,char-table:preferred-traditional+unihan:kTraditionalVariant,86,13,17.0.0
萦,16,縈,char-table:preferred-traditional+unihan:kTraditionalVariant,120,10,17.0.0
萧,18,蕭,char-table:preferred-traditional+unihan:kTraditionalVariant,140,12,17.0.0
萨,20,薩,char-table:preferred-traditional+unihan:kTraditionalVariant,140,14,17.0.0
萩,15,萩,unihan:identity,140,9,17.0.0
萱,15,萱,unihan:identity,140,9,17.0.0
萳,15,萳,unihan:identity,140,9,17.0.0
萸,15,萸,unihan:identity,140,9,17.0.0
萹,15,萹,unihan:identity,140,9,17.0.0
萼,15,萼,unihan:identity,140,9,17.0.0
落,15,落,unihan:identity,140,9,17.0.0
葆,15,葆,unihan:identity,140,9,17.0.0
葎,15,葎,unihan:identity,140,9,17.0.0
葑,15,葑,unihan:identity,140,9,17.0.0
葖,15,葖,unihan:identity,140,9,17.0.0
著,14,著,unihan:identity,140,8,17.0.0
葙,15,葙,unihan:identity,140,9,17.0.0
葚,15,葚,unihan:identity,140,9,17.0.0
葛,15,葛,unihan:identity,140,9,17.0.0
葜,15,葜,unihan:identity,140,9,17.0.0
葡,15,葡,unihan:identity,140,9,17.0.0
董,15,董,unihan:identity,140,9,17.0.0
葩,15,葩,unihan:identity,140,9,17.0.0
葫,15,葫,unihan:identity,140,9,17.0.0
葬,15,葬,unihan:identity,140,9,17.0.0
葭,15,葭,unihan:identity,140,9,17.0.0
葰,15,葰,unihan:identity,140,9,17.0.0
葱,17,蔥,unihan:kTraditionalVariant[17.0.0],140,11,17.0.0
葳,15,葳,unihan:identity,140,9,17.0.0
葴,15,葴,unihan:identity,140,9,17.0.0
葵,15,葵,unihan:identity,140,9,17.0.0
葶,15,葶,unihan:identity,140,9,17.0.0
葸,15,葸,unihan:identity,140,9,17.0.0
葺,15,葺,unihan:identity,140,9,17.0.0
蒂,15,蒂,unihan:identity,140,9,17.0.0
蒄,15,蒄,unihan:identity,140,9,17.0.0
蒇,18,蕆,char-table:preferred-traditional+unihan:kTraditionalVariant,140,12,17.0.0
蒈,15,蒈,unihan:identity,140,9,17.0.0
蒉,18,蕢,char-table:preferred-traditional+unihan:kTraditionalVariant,140,12,17.0.0
蒋,17,蔣,char-table:preferred-traditional+unihan:kTraditionalVariant,140,11,17.0.0
蒌,17,蔞,char-table:preferred-traditional+unihan:kTraditionalVariant,140,11,17.0.0
蒎,15,蒎,unihan:identity,140,9,17.0.0
蒐,16,蒐,unihan:identity,140,10,17.0.0
蒗,16,蒗,unihan:identity,140,10,17.0.0
蒙,18,濛,char-table:preferred-traditional+unihan:kTraditionalVariant,85,14,17.0.0
蒜,16,蒜,unihan:identity,140,10,17.0.0
蒟,16,蒟,unihan:identity,140,10,17.0.0
蒡,16,蒡,unihan:identity,140,10,17.0.0
蒨,16,蒨,unihan:identity,140,10,17.0.0
蒯,16,蒯,unihan:identity,140,10,17.0.0
蒱,16,蒱,unihan:identity,140,10,17.0.0
蒲,16,蒲,unihan:identity,140,10,17.0.0
蒴,16,蒴,unihan:identity,140,10,17.0.0
蒸,16,蒸,unihan:identity,140,10,17.0.0
蒹,16,蒹,unihan:identity,140,10,17.0.0
蒺,16,蒺,unihan:identity,140,10,17.0.0
蒻,16,蒻,unihan:identity,140,10,17.0.0
蒽,16,蒽,unihan:identity,140,10,17.0.0
蒿,16,蒿,unihan:identity,140,10,17.0.0
蓁,16,蓁,unihan:identity,140,10,17.0.0
蓂,16,蓂,unihan:identity,140,10,17.0.0
蓄,16,蓄,unihan:identity,140,10,17.0.0
蓇,16,蓇,unihan:identity,140,10,17.0.0
蓉,16,蓉,unihan:identity,140,10,17.0.0
蓊,16,蓊,unihan:identity,140,10,17.0.0
蓍,16,蓍,unihan:identity,140,10,17.0.0
蓏,16,蓏,unihan:identity,140,10,17.0.0
蓐,16,蓐,unihan:identity,140,10,17.0.0
蓑,16,蓑,unihan:identity,140,10,17.0.0
蓓,16,蓓,unihan:identity,140,10,17.0.0
蓖,16,蓖,unihan:identity,140,10,17.0.0
蓝,20,藍,char-table:preferred-traditional+unihan:kTraditionalVariant,140,14,17.0.0
蓟,19,薊,char-table:preferred-traditional+unihan:kTraditionalVariant,140,13,17.0.0
蓠,25,蘺,char-table:preferred-traditional+unihan:kTraditionalVariant,140,19,17.0.0
蓢,16,蓢,unihan:identity,140,10,17.0.0
蓣,19,蕷,char-table:preferred-traditional+unihan:kTraditionalVariant,140,13,17.0.0
蓥,18,鎣,char-table:preferred-traditional+unihan:kTraditionalVariant,167,10,17.0.0
蓦,21,驀,char-table:preferred-traditional+unihan:kTraditionalVariant,187,11,17.0.0
蓬,17,蓬,unihan:identity,140,11,17.0.0
蓰,17,蓰,unihan:identity,140,11,17.0.0
蓼,17,蓼,unihan:identity,140,11,17.0.0
蓿,17,蓿,unihan:identity,140,11,17.0.0
蔀,17,蔀,unihan:identity,140,11,17.0.0
蔃,17,蔃,unihan:identity,140,11,17.0.0
蔈,17,蔈,unihan:identity,140,11,17.0.0
蔊,17,蔊,unihan:identity,140,11,17.0.0
蔌,17,蔌,unihan:identity,140,11,17.0.0
蔑,21,衊,char-table:preferred-traditional+unihan:kTraditionalVariant,143,15,17.0.0
蔓,17,蔓,unihan:identity,140,11,17.0.0
蔗,17,蔗,unihan:identity,140,11,17.0.0
蔚,17,蔚,unihan:identity,140,11,17.0.0
蔟,17,蔟,unihan:identity,140,11,17.0.0
蔡,17,蔡,unihan:identity,140,11,17.0.0
蔫,17,蔫,unihan:identity,140,11,17.0.0
蔬,17,蔬,unihan:identity,140,11,17.0.0
蔷,19,薔,char-table:preferred-traditional+unihan:kTraditionalVariant,140,13,17.0.0
蔸,17,蔸,unihan:identity,140,11,17.0.0
蔹,23,蘞,char-table:preferred-traditional+unihan:kTraditionalVariant,140,17,17.0.0
蔺,22,藺,char-table:preferred-traditional+unihan:kTraditionalVariant,140,16,17.0.0
蔻,17,蔻,unihan:identity,140,11,17.0.0
蔼,22,藹,char-table:preferred-traditional+unihan:kTraditionalVariant,140,16,17.0.0
蔽,18,蔽,unihan:identity,140,12,17.0.0
蕃,18,蕃,unihan:identity,140,12,17.0.0
蕈,18,蕈,unihan:identity,140,12,17.0.0
蕉,18,蕉,unihan:identity,140,12,17.0.0
蕊,18,蕊,unihan:identity,140,12,17.0.0
蕖,18,蕖,unihan:identity,140,12,17.0.0
蕗,18,蕗,unihan:identity,140,12,17.0.0
蕙,18,蕙,unihan:identity,140,12,17.0.0
蕞,18,蕞,unihan:identity,140,12,17.0.0
蕤,18,蕤,unihan:identity,140,12,17.0.0
蕨,18,蕨,unihan:identity,140,12,17.0.0
蕰,19,薀,unihan:kTraditionalVariant[17.0.0],140,13,17.0.0
蕲,22,蘄,char-table:preferred-traditional+unihan:kTraditionalVariant,140,16,17.0.0
蕴,22,蘊,char-table:preferred-traditional+unihan:kTraditionalVariant,140,16,17.0.0
蕹,19,蕹,unihan:identity,140,13,17.0.0
蕺,19,蕺,unihan:identity,140,13,17.0.0
蕻,19,蕻,unihan:identity,140,13,17.0.0
蕾,19,蕾,unihan:identity,140,13,17.0.0
薁,19,薁,unihan:identity,140,13,17.0.0
薄,19,薄,unihan:identity,140,13,17.0.0
薅,19,薅,unihan:identity,140,13,17.0.0
薇,19,薇,unihan:identity,140,13,17.0.0
薏,19,薏,unihan:identity,140,13,17.0.0
薛,19,薛,unihan:identity,140,13,17.0.0
薜,19,薜,unihan:identity,140,13,17.0.0
薢,19,薢,unihan:identity,140,13,17.0.0
薤,19,薤,unihan:identity,140,13,17.0.0
薨,19,薨,unihan:identity,140,13,17.0.0
薪,19,薪,unihan:identity,140,13,17.0.0
薮,21,藪,char-table:preferred-traditional+unihan:kTraditionalVariant,140,15,17.0.0
薯,20,薯,unihan:identity,140,14,17.0.0
薰,20,薰,unihan:identity,140,14,17.0.0
薳,20,薳,unihan:identity,140,14,17.0.0
薷,20,薷,unihan:identity,140,14,17.0.0
薸,20,薸,unihan:identity,140,14,17.0.0
薹,20,薹,unihan:identity,140,14,17.0.0
薿,20,薿,unihan:identity,140,14,17.0.0
藁,20,藁,unihan:identity,140,14,17.0.0
藉,20,藉,unihan:identity,140,14,17.0.0
藏,20,藏,unihan:identity,140,14,17.0.0
藐,20,藐,unihan:identity,140,14,17.0.0
藓,23,蘚,char-table:preferred-traditional+unihan:kTraditionalVariant,140,17,17.0.0
藕,21,藕,unihan:identity,140,15,17.0.0
藜,21,藜,unihan:identity,140,15,17.0.0
藟,21,藟,unihan:identity,140,15,17.0.0
藠,21,藠,unihan:identity,140,15,17.0.0
藤,21,藤,unihan:identity,140,15,17.0.0
藦,21,藦,unihan:identity,140,15,17.0.0
藨,21,藨,unihan:identity,140,15,17.0.0
藩,21,藩,unihan:identity,140,15,17.0.0
藻,22,藻,unihan:identity,140,16,17.0.0
藿,22,藿,unihan:identity,140,16,17.0.0
蘅,22,蘅,unihan:identity,140,16,17.0.0
蘑,22,蘑,unihan:identity,140,16,17.0.0
蘖,20,櫱,unihan:kTraditionalVariant[17.0.0],75,16,17.0.0
蘘,23,蘘,unihan:identity,140,17,17.0.0
蘧,23,蘧,unihan:identity,140,17,17.0.0
蘩,23,蘩,unihan:identity,140,17,17.0.0
蘸,25,蘸,unihan:identity,140,19,17.0.0
蘼,25,蘼,unihan:identity,140,19,17.0.0
虎,8,虎,unihan:identity,141,2,17.0.0
虏,12,虜,char-table:preferred-traditional+unihan:kTraditionalVariant,141,6,17.0.0
虐,9,虐,unihan:identity,141,3,17.0.0
虑,15,慮,char-table:preferred-traditional+unihan:kTraditionalVariant,61,11,17.0.0
虒,10,虒,unihan:identity,141,4,17.0.0
虓,10,虓,unihan:identity,141,4,17.0.0
虔,10,虔,unihan:identity,141,4,17.0.0
虚,12,虛,unihan:kTraditionalVariant[17.0.0],141,6,17.0.0
虞,13,虞,unihan:identity,141,7,17.0.0
虢,15,虢,unihan:identity,141,9,17.0.0
虤,16,虤,unihan:identity,141,10,17.0.0
虫,18,蟲,char-table:preferred-traditional+unihan:kTraditionalVariant,142,12,17.0.0
虬,8,虯,unihan:kTraditionalVariant[17.0.0],142,2,17.0.0
虮,18,蟣,char-table:preferred-traditional+unihan:kTraditionalVariant,142,12,17.0.0
虱,8,虱,unihan:identity,142,2,17.0.0
虷,9,虷,unihan:identity,142,3,17.0.0
虸,9,虸,unihan:identity,142,3,17.0.0
虹,9,虹,unihan:identity,142,3,17.0.0
虺,9,虺,unihan:identity,142,3,17.0.0
虻,9,虻,unihan:identity,142,3,17.0.0
虼,9,虼,unihan:identity,142,3,17.0.0
虽,17,雖,char-table:preferred-traditional+unihan:kTraditionalVariant,172,9,17.0.0
虾,15,蝦,char-table:preferred-traditional+unihan:kTraditionalVariant,142,9,17.0.0
虿,19,蠆,char-table:preferred-traditional+unihan:kTraditionalVariant,142,13,17.0.0
蚀,15,蝕,char-table:preferred-traditional+unihan:kTraditionalVariant,142,9,17.0.0
蚁,19,蟻,char-table:preferred-traditional+unihan:kTraditionalVariant,142,13,17.0.0
蚂,16,螞,char-table:preferred-traditional+unihan:kTraditionalVariant,142,10,17.0.0
蚄,10,蚄,unihan:identity,142,4,17.0.0
蚆,10,蚆,unihan:identity,142,4,17.0.0
蚊,10,蚊,unihan:identity,142,4,17.0.0
蚋,10,蚋,unihan:identity,142,4,17.0.0
蚌,10,蚌,unihan:identity,142,4,17.0.0
蚍,10,蚍,unihan:identity,142,4,17.0.0
蚓,10,蚓,unihan:identity,142,4,17.0.0
蚕,24,蠶,char-table:preferred-traditional+unihan:kTraditionalVariant,142,18,17.0.0
蚜,10,蚜,unihan:identity,142,4,17.0.0
蚝,10,蚝,unihan:identity,142,4,17.0.0
蚣,10,蚣,unihan:identity,142,4,17.0.0
蚤,10,蚤,unihan:identity,142,4,17.0.0
蚧,10,蚧,unihan:identity,142,4,17.0.0
蚨,10,蚨,unihan:identity,142,4,17.0.0
蚩,10,蚩,unihan:identity,142,4,17.0.0
蚪,10,蚪,unihan:identity,142,4,17.0.0
蚬,13,蜆,char-table:preferred-traditional+unihan:kTraditionalVariant,142,7,17.0.0
蚯,11,蚯,unihan:identity,142,5,17.0.0
蚰,11,蚰,unihan:identity,142,5,17.0.0
蚱,11,蚱,unihan:identity,142,5,17.0.0
蚲,11,蚲,unihan:identity,142,5,17.0.0
蚴,11,蚴,unihan:identity,142,5,17.0.0
蚶,11,蚶,unihan:identity,142,5,17.0.0
蚺,11,蚺,unihan:identity,142,5,17.0.0
蛀,11,蛀,unihan:identity,142,5,17.0.0
蛃,11,蛃,unihan:identity,142,5,17.0.0
蛄,11,蛄,unihan:identity,142,5,17.0.0
蛆,11,蛆,unihan:identity,142,5,17.0.0
蛇,11,蛇,unihan:identity,142,5,17.0.0
蛉,11,蛉,unihan:identity,142,5,17.0.0
蛊,23,蠱,char-table:preferred-traditional+unihan:kTraditionalVariant,142,17,17.0.0
蛋,11,蛋,unihan:identity,142,5,17.0.0
蛎,21,蠣,char-table:preferred-traditional+unihan:kTraditionalVariant,142,15,17.0.0
蛏,19,蟶,char-table:preferred-traditional+unihan:kTraditionalVariant,142,13,17.0.0
蛐,12,蛐,unihan:identity,142,6,17.0.0
蛑,12,蛑,unihan:identity,142,6,17.0.0
蛔,12,蛔,unihan:identity,142,6,17.0.0
蛘,12,蛘,unihan:identity,142,6,17.0.0
蛙,12,蛙,unihan:identity,142,6,17.0.0
蛛,12,蛛,unihan:identity,142,6,17.0.0
蛞,12,蛞,unihan:identity,142,6,17.0.0
蛟,12,蛟,unihan:identity,142,6,17.0.0
蛤,12,蛤,unihan:identity,142,6,17.0.0
蛩,12,蛩,unihan:identity,142,6,17.0.0
蛭,12,蛭,unihan:identity,142,6,17.0.0
蛮,25,蠻,char-table:preferred-traditional+unihan:kTraditionalVariant,142,19,17.0.0
蛰,17,蟄,char-table:preferred-traditional+unihan:kTraditionalVariant,142,11,17.0.0
蛱,13,蛺,char-table:preferred-traditional+unihan:kTraditionalVariant,142,7,17.0.0
蛲,18,蟯,char-table:preferred-traditional+unihan:kTraditionalVariant,142,12,17.0.0
蛳,16,螄,char-table:preferred-traditional+unihan:kTraditionalVariant,142,10,17.0.0
蛴,20,蠐,char-table:preferred-traditional+unihan:kTraditionalVariant,142,14,17.0.0
蛸,13,蛸,unihan:identity,142,7,17.0.0
蛹,13,蛹,unihan:identity,142,7,17.0.0
蛾,13,蛾,unihan:identity,142,7,17.0.0
蜀,13,蜀,unihan:identity,142,7,17.0.0
蜂,13,蜂,unihan:identity,142,7,17.0.0
蜃,13,蜃,unihan:identity,142,7,17.0.0
蜇,13,蜇,unihan:identity,142,7,17.0.0
蜈,13,蜈,unihan:identity,142,7,17.0.0
蜉,13,蜉,unihan:identity,142,7,17.0.0
蜊,13,蜊,unihan:identity,142,7,17.0.0
蜍,13,蜍,unihan:identity,142,7,17.0.0
蜎,13,蜎,unihan:identity,142,7,17.0.0
蜐,13,蜐,unihan:identity,142,7,17.0.0
蜒,13,蜒,unihan:identity,142,7,17.0.0
蜓,13,蜓,unihan:identity,142,7,17.0.0
蜕,13,蛻,unihan:kTraditionalVariant[17.0.0],142,7,17.0.0
蜗,15,蝸,char-table:preferred-traditional+unihan:kTraditionalVariant,142,9,17.0.0
蜘,14,蜘,unihan:identity,142,8,17.0.0
蜚,14,蜚,unihan:identity,142,8,17.0.0
蜜,14,蜜,unihan:identity,142,8,17.0.0
蜞,14,蜞,unihan:identity,142,8,17.0.0
蜡,21,蠟,char-table:preferred-traditional+unihan:kTraditionalVariant,142,15,17.0.0
蜢,14,蜢,unihan:identity,142,8,17.0.0
蜣,14,蜣,unihan:identity,142,8,17.0.0
蜥,14,蜥,unihan:identity,142,8,17.0.0
蜩,14,蜩,unihan:identity,142,8,17.0.0
蜮,14,蜮,unihan:identity,142,8,17.0.0
蜱,14,蜱,unihan:identity,142,8,17.0.0
蜴,14,蜴,unihan:identity,142,8,17.0.0
蜷,14,蜷,unihan:identity,142,8,17.0.0
蜻,14,蜻,unihan:identity,142,8,17.0.0
蜾,14,蜾,unihan:identity,142,8,17.0.0
蜿,14,蜿,unihan:identity,142,8,17.0.0
蝇,19,蠅,char-table:preferred-traditional+unihan:kTraditionalVariant,142,13,17.0.0
蝈,17,蟈,char-table:preferred-traditional+unihan:kTraditionalVariant,142,11,17.0.0
蝉,18,蟬,char-table:preferred-traditional+unihan:kTraditionalVariant,142,12,17.0.0
蝌,15,蝌,unihan:identity,142,9,17.0.0
蝎,15,蝎,unihan:identity,142,9,17.0.0
蝓,15,蝓,unihan:identity,142,9,17.0.0
蝗,15,蝗,unihan:identity,142,9,17.0.0
蝘,15,蝘,unihan:identity,142,9,17.0.0
蝙,15,蝙,unihan:identity,142,9,17.0.0
蝠,15,蝠,unihan:identity,142,9,17.0.0
蝣,15,蝣,unihan:identity,142,9,17.0.0
蝤,15,蝤,unihan:identity,142,9,17.0.0
蝥,15,蝥,unihan:identity,142,9,17.0.0
蝮,15,蝮,unihan:identity,142,9,17.0.0
蝰,15,蝰,unihan:identity,142,9,17.0.0
蝲,15,蝲,unihan:identity,142,9,17.0.0
蝴,15,蝴,unihan:identity,142,9,17.0.0
蝶,15,蝶,unihan:identity,142,9,17.0.0
蝻,15,蝻,unihan:identity,142,9,17.0.0
蝼,17,螻,char-table:preferred-traditional+unihan:kTraditionalVariant,142,11,17.0.0
蝽,15,蝽,unihan:identity,142,9,17.0.0
蝾,20,蠑,char-table:preferred-traditional+unihan:kTraditionalVariant,142,14,17.0.0
螂,16,螂,unihan:identity,142,10,17.0.0
螃,16,螃,unihan:identity,142,10,17.0.0
螅,16,螅,unihan:identity,142,10,17.0.0
螈,16,螈,unihan:identity,142,10,17.0.0
螋,16,螋,unihan:identity,142,10,17.0.0
融,16,融,unihan:identity,142,10,17.0.0
螗,16,螗,unihan:identity,142,10,17.0.0
螟,16,螟,unihan:identity,142,10,17.0.0
螠,16,螠,unihan:identity,142,10,17.0.0
螣,16,螣,unihan:identity,142,10,17.0.0
螨,17,蟎,char-table:preferred-traditional+unihan:kTraditionalVariant,142,11,17.0.0
螫,17,螫,unihan:identity,142,11,17.0.0
螬,17,螬,unihan:identity,142,11,17.0.0
螭,17,螭,unihan:identity,142,11,17.0.0
螯,17,螯,unihan:identity,142,11,17.0.0
螱,17,螱,unihan:identity,142,11,17.0.0
螳,17,螳,unihan:identity,142,11,17.0.0
螵,17,螵,unihan:identity,142,11,17.0.0
螺,17,螺,unihan:identity,142,11,17.0.0
螽,17,螽,unihan:identity,142,11,17.0.0
蟀,17,蟀,unihan:identity,142,11,17.0.0
蟆,17,蟆,unihan:identity,142,11,17.0.0
蟊,17,蟊,unihan:identity,142,11,17.0.0
蟋,17,蟋,unihan:identity,142,11,17.0.0
蟏,22,蠨,unihan:kTraditionalVariant[17.0.0],142,16,17.0.0
蟑,17,蟑,unihan:identity,142,11,17.0.0
蟒,17,蟒,unihan:identity,142,11,17.0.0
蟛,18,蟛,unihan:identity,142,12,17.0.0
蟠,18,蟠,unihan:identity,142,12,17.0.0
蟥,18,蟥,unihan:identity,142,12,17.0.0
蟪,18,蟪,unihan:identity,142,12,17.0.0
蟫,18,蟫,unihan:identity,142,12,17.0.0
蟮,18,蟮,unihan:identity,142,12,17.0.0
蟹,19,蟹,unihan:identity,142,13,17.0.0
蟾,19,蟾,unihan:identity,142,13,17.0.0
蠃,19,蠃,unihan:identity,142,13,17.0.0
蠊,19,蠊,unihan:identity,142,13,17.0.0
蠋,19,蠋,unihan:identity,142,13,17.0.0
蠓,20,蠓,unihan:identity,142,14,17.0.0
蠕,20,蠕,unihan:identity,142,14,17.0.0
蠖,20,蠖,unihan:identity,142,14,17.0.0
蠡,21,蠡,unihan:identity,142,15,17.0.0
蠢,21,蠢,unihan:identity,142,15,17.0.0
蠲,23,蠲,unihan:identity,142,17,17.0.0
蠹,24,蠹,unihan:identity,142,18,17.0.0
蠼,26,蠼,unihan:identity,142,20,17.0.0
血,6,血,unihan:identity,143,0,17.0.0
衃,10,衃,unihan:identity,143,4,17.0.0
衄,10,衄,unihan:identity,143,4,17.0.0
衅,25,釁,char-table:preferred-traditional+unihan:kTraditionalVariant,164,18,17.0.0
行,6,行,unihan:identity,144,0,17.0.0
衍,9,衍,unihan:identity,144,3,17.0.0
衎,9,衎,unihan:identity,144,3,17.0.0
衒,11,衒,unihan:identity,144,5,17.0.0
衔,14,銜,char-table:preferred-traditional+unihan:kTraditionalVariant,167,6,17.0.0
街,12,街,unihan:identity,144,6,17.0.0
衙,13,衙,unihan:identity,144,7,17.0.0
衠,16,衠,unihan:identity,144,10,17.0.0
衡,16,衡,unihan:identity,144,10,17.0.0
衢,24,衢,unihan:identity,144,18,17.0.0
衣,6,衣,unihan:identity,145,0,17.0.0
补,13,補,char-table:preferred-traditional+unihan:kTraditionalVariant,145,7,17.0.0
表,16,錶,char-table:preferred-traditional+unihan:kTraditionalVariant,167,8,17.0.0
衩,9,衩,unihan:identity,145,3,17.0.0
衫,9,衫,unihan:identity,145,3,17.0.0
衬,22,襯,char-table:preferred-traditional+unihan:kTraditionalVariant,145,16,17.0.0
衮,11,袞,unihan:kTraditionalVariant[17.0.0],145,5,17.0.0
衰,10,衰,unihan:identity,145,4,17.0.0
衲,10,衲,unihan:identity,145,4,17.0.0
衷,10,衷,unihan:identity,145,4,17.0.0
衽,10,衽,unihan:identity,145,4,17.0.0
衾,10,衾,unihan:identity,145,4,17.0.0
衿,10,衿,unihan:identity,145,4,17.0.0
袁,10,袁,unihan:identity,145,4,17.0.0
袂,10,袂,unihan:identity,145,4,17.0.0
袄,19,襖,char-table:preferred-traditional+unihan:kTraditionalVariant,145,13,17.0.0
袅,13,裊,char-table:preferred-traditional+unihan:kTraditionalVariant,145,7,17.0.0
袆,15,褘,char-table:preferred-traditional+unihan:kTraditionalVariant,145,9,17.0.0
袈,11,袈,unihan:identity,145,5,17.0.0
袋,11,袋,unihan:identity,145,5,17.0.0
袍,11,袍,unihan:identity,145,5,17.0.0
袒,11,袒,unihan:identity,145,5,17.0.0
袖,11,袖,unihan:identity,145,5,17.0.0
袗,11,袗,unihan:identity,145,5,17.0.0
袜,21,襪,char-table:preferred-traditional+unihan:kTraditionalVariant,145,15,17.0.0
袢,11,袢,unihan:identity,145,5,17.0.0
袤,11,袤,unihan:identity,145,5,17.0.0
袪,11,袪,unihan:identity,145,5,17.0.0
被,11,被,unihan:identity,145,5,17.0.0
袭,22,襲,char-table:preferred-traditional+unihan:kTraditionalVariant,145,16,17.0.0
袯,18,襏,char-table:preferred-traditional+unihan:kTraditionalVariant,145,12,17.0.0
袱,12,袱,unihan:identity,145,6,17.0.0
袷,12,袷,unihan:identity,145,6,17.0.0
袼,12,袼,unihan:identity,145,6,17.0.0
裁,12,裁,unihan:identity,145,6,17.0.0
裂,12,裂,unihan:identity,145,6,17.0.0
装,13,裝,char-table:preferred-traditional+unihan:kTraditionalVariant,145,7,17.0.0
裆,19,襠,char-table:preferred-traditional+unihan:kTraditionalVariant,145,13,17.0.0
裈,15,褌,char-table:preferred-traditional+unihan:kTraditionalVariant,145,9,17.0.0
裉,12,裉,unihan:identity,145,6,17.0.0
裎,13,裎,unihan:identity,145,7,17.0.0
裒,13,裒,unihan:identity,145,7,17.0.0
裔,13,裔,unihan:identity,145,7,17.0.0
裕,13,裕,unihan:identity,145,7,17.0.0
裘,13,裘,unihan:identity,145,7,17.0.0
裙,13,裙,unihan:identity,145,7,17.0.0
裛,13,裛,unihan:identity,145,7,17.0.0
裟,13,裟,unihan:identity,145,7,17.0.0
裢,17,褳,char-table:preferred-traditional+unihan:kTraditionalVariant,145,11,17.0.0
裣,19,襝,char-table:preferred-traditional+unihan:kTraditionalVariant,145,13,17.0.0
裤,16,褲,char-table:preferred-traditional+unihan:kTraditionalVariant,145,10,17.0.0
裥,18,襇,char-table:preferred-traditional+unihan:kTraditionalVariant,145,12,17.0.0
裨,14,裨,unihan:identity,145,8,17.0.0
裰,14,裰,unihan:identity,145,8,17.0.0
裱,14,裱,unihan:identity,145,8,17.0.0
裳,14,裳,unihan:identity,145,8,17.0.0
裴,14,裴,unihan:identity,145,8,17.0.0
裸,14,裸,unihan:identity,145,8,17.0.0
裹,14,裹,unihan:identity,145,8,17.0.0
裼,14,裼,unihan:identity,145,8,17.0.0
裾,14,裾,unihan:identity,145,8,17.0.0
褂,14,褂,unihan:identity,145,8,17.0.0
褊,15,褊,unihan:identity,145,9,17.0.0
褐,15,褐,unihan:identity,145,9,17.0.0
褒,15,褒,unihan:identity,145,9,17.0.0
褓,15,褓,unihan:identity,145,9,17.0.0
褕,15,褕,unihan:identity,145,9,17.0.0
褙,15,褙,unihan:identity,145,9,17.0.0
褚,15,褚,unihan:identity,145,9,17.0.0
褛,17,褸,char-table:preferred-traditional+unihan:kTraditionalVariant,145,11,17.0.0
褟,16,褟,unihan:identity,145,10,17.0.0
褡,16,褡,unihan:identity,145,10,17.0.0
褥,16,褥,unihan:identity,145,10,17.0.0
褪,16,褪,unihan:identity,145,10,17.0.0
褫,16,褫,unihan:identity,145,10,17.0.0
褯,16,褯,unihan:identity,145,10,17.0.0
褰,16,褰,unihan:identity,145,10,17.0.0
褴,20,襤,char-table:preferred-traditional+unihan:kTraditionalVariant,145,14,17.0.0
褶,17,褶,unihan:identity,145,11,17.0.0
襁,17,襁,unihan:identity,145,11,17.0.0
襄,17,襄,unihan:identity,145,11,17.0.0
襕,23,襴,char-table:preferred-traditional+unihan:kTraditionalVariant,145,17,17.0.0
襚,19,襚,unihan:identity,145,13,17.0.0
襜,19,襜,unihan:identity,145,13,17.0.0
襞,19,襞,unihan:identity,145,13,17.0.0
襟,19,襟,unihan:identity,145,13,17.0.0
襦,20,襦,unihan:identity,145,14,17.0.0
襫,21,襫,unihan:identity,145,15,17.0.0
襻,25,襻,unihan:identity,145,19,17.0.0
西,6,西,unihan:identity,146,0,17.0.0
要,9,要,unihan:identity,146,3,17.0.0
覃,12,覃,unihan:identity,146,6,17.0.0
覆,18,覆,unihan:identity,146,12,17.0.0
见,7,見,char-table:preferred-traditional+unihan:kTraditionalVariant,147,0,17.0.0
观,25,觀,char-table:preferred-traditional+unihan:kTraditionalVariant,147,18,17.0.0
觃,10,覎,char-table:preferred-traditional+unihan:kTraditionalVariant,147,3,17.0.0
规,11,規,char-table:preferred-traditional+unihan:kTraditionalVariant,147,4,17.0.0
觅,11,覓,char-table:preferred-traditional+unihan:kTraditionalVariant,147,4,17.0.0
视,12,視,char-table:preferred-traditional+unihan:kTraditionalVariant,147,5,17.0.0
觇,12,覘,char-table:preferred-traditional+unihan:kTraditionalVariant,147,5,17.0.0
览,21,覽,char-table:preferred-traditional+unihan:kTraditionalVariant,147,14,17.0.0
觉,20,覺,char-table:preferred-traditional+unihan:kTraditionalVariant,147,13,17.0.0
觊,17,覬,char-table:preferred-traditional+unihan:kTraditionalVariant,147,10,17.0.0
觋,14,覡,char-table:preferred-traditional+unihan:kTraditionalVariant,147,7,17.0.0
觌,22,覿,char-table:preferred-traditional+unihan:kTraditionalVariant,147,15,17.0.0
觎,16,覦,char-table:preferred-traditional+unihan:kTraditionalVariant,147,9,17.0.0
觏,17,覯,char-table:preferred-traditional+unihan:kTraditionalVariant,147,10,17.0.0
觐,18,覲,char-table:preferred-traditional+unihan:kTraditionalVariant,147,11,17.0.0
觑,19,覷,char-table:preferred-traditional+unihan:kTraditionalVariant,147,12,17.0.0
角,7,角,unihan:identity,148,0,17.0.0
觖,11,觖,unihan:identity,148,4,17.0.0
觚,12,觚,unihan:identity,148,5,17.0.0
觜,13,觜,unihan:identity,148,6,17.0.0
觞,18,觴,char-table:preferred-traditional+unihan:kTraditionalVariant,148,11,17.0.0
觟,13,觟,unihan:identity,148,6,17.0.0
解,13,解,unihan:identity,148,6,17.0.0
觥,13,觥,unihan:identity,148,6,17.0.0
触,20,觸,char-table:preferred-traditional+unihan:kTraditionalVariant,148,13,17.0.0
觫,14,觫,unihan:identity,148,7,17.0.0
觭,15,觭,unihan:identity,148,8,17.0.0
觯,19,觶,char-table:preferred-traditional+unihan:kTraditionalVariant,148,12,17.0.0
觱,16,觱,unihan:identity,148,9,17.0.0
觳,17,觳,unihan:identity,148,10,17.0.0
觿,25,觿,unihan:identity,148,18,17.0.0
言,7,言,unihan:identity,149,0,17.0.0
訄,9,訄,unihan:identity,149,2,17.0.0
訇,9,訇,unihan:identity,149,2,17.0.0
訚,15,誾,char-table:preferred-traditional+unihan:kTraditionalVariant,149,8,17.0.0
訾,12,訾,unihan:identity,149,5,17.0.0
詈,12,詈,unihan:identity,149,5,17.0.0
詟,23,讋,char-table:preferred-traditional+unihan:kTraditionalVariant,149,16,17.0.0
詹,13,詹,unihan:identity,149,6,17.0.0
誉,21,譽,char-table:preferred-traditional+unihan:kTraditionalVariant,149,14,17.0.0
誊,17,謄,char-table:preferred-traditional+unihan:kTraditionalVariant,149,10,17.0.0
誓,14,誓,unihan:identity,149,7,17.0.0
謇,17,謇,unihan:identity,149,10,17.0.0
警,20,警,unihan:identity,149,13,17.0.0
譬,20,譬,unihan:identity,149,13,17.0.0
计,9,計,char-table:preferred-traditional+unihan:kTraditionalVariant,149,2,17.0.0
订,9,訂,unihan:kTraditionalVariant[17.0.0],149,2,17.0.0
讣,9,訃,char-table:preferred-traditional+unihan:kTraditionalVariant,149,2,17.0.0
认,14,認,char-table:preferred-traditional+unihan:kTraditionalVariant,149,7,17.0.0
讥,19,譏,char-table:preferred-traditional+unihan:kTraditionalVariant,149,12,17.0.0
讦,10,訐,char-table:preferred-traditional+unihan:kTraditionalVariant,149,3,17.0.0
讧,10,訌,char-table:preferred-traditional+unihan:kTraditionalVariant,149,3,17.0.0
讨,10,討,char-table:preferred-traditional+unihan:kTraditionalVariant,149,3,17.0.0
让,24,讓,char-table:preferred-traditional+unihan:kTraditionalVariant,149,17,17.0.0
讪,10,訕,char-table:preferred-traditional+unihan:kTraditionalVariant,149,3,17.0.0
讫,10,訖,char-table:preferred-traditional+unihan:kTraditionalVariant,149,3,17.0.0
训,10,訓,char-table:preferred-traditional+unihan:kTraditionalVariant,149,3,17.0.0
议,20,議,char-table:preferred-traditional+unihan:kTraditionalVariant,149,13,17.0.0
讯,10,訊,char-table:preferred-traditional+unihan:kTraditionalVariant,149,3,17.0.0
记,10,記,char-table:preferred-traditional+unihan:kTraditionalVariant,149,3,17.0.0
讱,10,訒,char-table:preferred-traditional+unihan:kTraditionalVariant,149,3,17.0.0
讲,17,講,char-table:preferred-traditional+unihan:kTraditionalVariant,149,10,17.0.0
讳,16,諱,char-table:preferred-traditional+unihan:kTraditionalVariant,149,9,17.0.0
讴,18,謳,char-table:preferred-traditional+unihan:kTraditionalVariant,149,11,17.0.0
讵,12,詎,char-table:preferred-traditional+unihan:kTraditionalVariant,149,5,17.0.0
讶,11,訝,char-table:preferred-traditional+unihan:kTraditionalVariant,149,4,17.0.0
讷,11,訥,char-table:preferred-traditional+unihan:kTraditionalVariant,149,4,17.0.0
许,11,許,char-table:preferred-traditional+unihan:kTraditionalVariant,149,4,17.0.0
讹,11,訛,char-table:preferred-traditional+unihan:kTraditionalVariant,149,4,17.0.0
论,15,論,char-table:preferred-traditional+unihan:kTraditionalVariant,149,8,17.0.0
讻,11,訩,char-table:preferred-traditional+unihan:kTraditionalVariant,149,4,17.0.0
讼,11,訟,char-table:preferred-traditional+unihan:kTraditionalVariant,149,4,17.0.0
讽,16,諷,char-table:preferred-traditional+unihan:kTraditionalVariant,149,9,17.0.0
设,11,設,char-table:preferred-traditional+unihan:kTraditionalVariant,149,4,17.0.0
访,11,訪,char-table:preferred-traditional+unihan:kTraditionalVariant,149,4,17.0.0
诀,11,訣,char-table:preferred-traditional+unihan:kTraditionalVariant,149,4,17.0.0
证,19,證,char-table:preferred-traditional+unihan:kTraditionalVariant,149,12,17.0.0
诂,12,詁,char-table:preferred-traditional+unihan:kTraditionalVariant,149,5,17.0.0
诃,12,訶,char-table:preferred-traditional+unihan:kTraditionalVariant,149,5,17.0.0
评,12,評,char-table:preferred-traditional+unihan:kTraditionalVariant,149,5,17.0.0
诅,12,詛,char-table:preferred-traditional+unihan:kTraditionalVariant,149,5,17.0.0
识,19,識,char-table:preferred-traditional+unihan:kTraditionalVariant,149,12,17.0.0
诇,12,詗,char-table:preferred-traditional+unihan:kTraditionalVariant,149,5,17.0.0
诈,12,詐,char-table:preferred-traditional+unihan:kTraditionalVariant,149,5,17.0.0
诉,12,訴,char-table:preferred-traditional+unihan:kTraditionalVariant,149,5,17.0.0
诊,12,診,char-table:preferred-traditional+unihan:kTraditionalVariant,149,5,17.0.0
诋,12,詆,char-table:preferred-traditional+unihan:kTraditionalVariant,149,5,17.0.0
诌,17,謅,char-table:preferred-traditional+unihan:kTraditionalVariant,149,10,17.0.0
词,12,詞,char-table:preferred-traditional+unihan:kTraditionalVariant,149,5,17.0.0
诎,12,詘,char-table:preferred-traditional+unihan:kTraditionalVariant,149,5,17.0.0
诏,12,詔,char-table:preferred-traditional+unihan:kTraditionalVariant,149,5,17.0.0
诐,12,詖,char-table:preferred-traditional+unihan:kTraditionalVariant,149,5,17.0.0
译,20,譯,char-table:preferred-traditional+unihan:kTraditionalVariant,149,13,17.0.0
诒,12,詒,char-table:preferred-traditional+unihan:kTraditionalVariant,149,5,17.0.0
诓,13,誆,char-table:preferred-traditional+unihan:kTraditionalVariant,149,6,17.0.0
诔,13,誄,char-table:preferred-traditional+unihan:kTraditionalVariant,149,6,17.0.0
试,13,試,char-table:preferred-traditional+unihan:kTraditionalVariant,149,6,17.0.0
诖,13,詿,char-table:preferred-traditional+unihan:kTraditionalVariant,149,6,17.0.0
诗,13,詩,char-table:preferred-traditional+unihan:kTraditionalVariant,149,6,17.0.0
诘,13,詰,char-table:preferred-traditional+unihan:kTraditionalVariant,149,6,17.0.0
诙,13,詼,char-table:preferred-traditional+unihan:kTraditionalVariant,149,6,17.0.0
诚,13,誠,char-table:preferred-traditional+unihan:kTraditionalVariant,149,6,17.0.0
诛,13,誅,char-table:preferred-traditional+unihan:kTraditionalVariant,149,6,17.0.0
诜,13,詵,char-table:preferred-traditional+unihan:kTraditionalVariant,149,6,17.0.0
话,13,話,char-table:preferred-traditional+unihan:kTraditionalVariant,149,6,17.0.0
诞,14,誕,char-table:preferred-traditional+unihan:kTraditionalVariant,149,7,17.0.0
诟,13,詬,char-table:preferred-traditional+unihan:kTraditionalVariant,149,6,17.0.0
诠,13,詮,char-table:preferred-traditional+unihan:kTraditionalVariant,149,6,17.0.0
诡,13,詭,char-table:preferred-traditional+unihan:kTraditionalVariant,149,6,17.0.0
询,13,詢,char-table:preferred-traditional+unihan:kTraditionalVariant,149,6,17.0.0
诣,13,詣,char-table:preferred-traditional+unihan:kTraditionalVariant,149,6,17.0.0
诤,15,諍,char-table:preferred-traditional+unihan:kTraditionalVariant,149,8,17.0.0
该,13,該,char-table:preferred-traditional+unihan:kTraditionalVariant,149,6,17.0.0
详,13,詳,char-table:preferred-traditional+unihan:kTraditionalVariant,149,6,17.0.0
诧,13,詫,char-table:preferred-traditional+unihan:kTraditionalVariant,149,6,17.0.0
诨,16,諢,char-table:preferred-traditional+unihan:kTraditionalVariant,149,9,17.0.0
诩,13,詡,char-table:preferred-traditional+unihan:kTraditionalVariant,149,6,17.0.0
诫,14,誡,char-table:preferred-traditional+unihan:kTraditionalVariant,149,7,17.0.0
诬,14,誣,char-table:preferred-traditional+unihan:kTraditionalVariant,149,7,17.0.0
语,14,語,char-table:preferred-traditional+unihan:kTraditionalVariant,149,7,17.0.0
诮,14,誚,char-table:preferred-traditional+unihan:kTraditionalVariant,149,7,17.0.0
误,14,誤,char-table:preferred-traditional+unihan:kTraditionalVariant,149,7,17.0.0
诰,14,誥,char-table:preferred-traditional+unihan:kTraditionalVariant,149,7,17.0.0
诱,14,誘,char-table:preferred-traditional+unihan:kTraditionalVariant,149,7,17.0.0
诲,14,誨,char-table:preferred-traditional+unihan:kTraditionalVariant,149,7,17.0.0
诳,14,誑,char-table:preferred-traditional+unihan:kTraditionalVariant,149,7,17.0.0
说,14,説,char-table:preferred-traditional+unihan:kTraditionalVariant,149,7,17.0.0
诵,14,誦,char-table:preferred-traditional+unihan:kTraditionalVariant,149,7,17.0.0
请,15,請,char-table:preferred-traditional+unihan:kTraditionalVariant,149,8,17.0.0
诸,16,諸,char-table:preferred-traditional+unihan:kTraditionalVariant,149,9,17.0.0
诹,15,諏,char-table:preferred-traditional+unihan:kTraditionalVariant,149,8,17.0.0
诺,16,諾,char-table:preferred-traditional+unihan:kTraditionalVariant,149,9,17.0.0
读,22,讀,char-table:preferred-traditional+unihan:kTraditionalVariant,149,15,17.0.0
诼,15,諑,char-table:preferred-traditional+unihan:kTraditionalVariant,149,8,17.0.0
诽,15,誹,char-table:preferred-traditional+unihan:kTraditionalVariant,149,8,17.0.0
课,15,課,char-table:preferred-traditional+unihan:kTraditionalVariant,149,8,17.0.0
诿,15,諉,char-table:preferred-traditional+unihan:kTraditionalVariant,149,8,17.0.0
谀,16,諛,char-table:preferred-traditional+unihan:kTraditionalVariant,149,9,17.0.0
谁,15,誰,char-table:preferred-traditional+unihan:kTraditionalVariant,149,8,17.0.0
谂,15,諗,char-table:preferred-traditional+unihan:kTraditionalVariant,149,8,17.0.0
调,15,調,char-table:preferred-traditional+unihan:kTraditionalVariant,149,8,17.0.0
谄,15,諂,char-table:preferred-traditional+unihan:kTraditionalVariant,149,8,17.0.0
谅,15,諒,char-table:preferred-traditional+unihan:kTraditionalVariant,149,8,17.0.0
谆,15,諄,char-table:preferred-traditional+unihan:kTraditionalVariant,149,8,17.0.0
谇,15,誶,char-table:preferred-traditional+unihan:kTraditionalVariant,149,8,17.0.0
谈,15,談,char-table:preferred-traditional+unihan:kTraditionalVariant,149,8,17.0.0
谊,15,誼,char-table:preferred-traditional+unihan:kTraditionalVariant,149,8,17.0.0
谋,16,謀,char-table:preferred-traditional+unihan:kTraditionalVariant,149,9,17.0.0
谌,16,諶,char-table:preferred-traditional+unihan:kTraditionalVariant,149,9,17.0.0
谍,16,諜,char-table:preferred-traditional+unihan:kTraditionalVariant,149,9,17.0.0
谎,17,謊,char-table:preferred-traditional+unihan:kTraditionalVariant,149,10,17.0.0
谏,16,諫,char-table:preferred-traditional+unihan:kTraditionalVariant,149,9,17.0.0
谐,16,諧,char-table:preferred-traditional+unihan:kTraditionalVariant,149,9,17.0.0
谑,17,謔,char-table:preferred-traditional+unihan:kTraditionalVariant,149,10,17.0.0
谒,16,謁,char-table:preferred-traditional+unihan:kTraditionalVariant,149,9,17.0.0
谓,16,謂,char-table:preferred-traditional+unihan:kTraditionalVariant,149,9,17.0.0
谔,16,諤,char-table:preferred-traditional+unihan:kTraditionalVariant,149,9,17.0.0
谕,16,諭,char-table:preferred-traditional+unihan:kTraditionalVariant,149,9,17.0.0
谖,16,諼,char-table:preferred-traditional+unihan:kTraditionalVariant,149,9,17.0.0
谗,24,讒,char-table:preferred-traditional+unihan:kTraditionalVariant,149,17,17.0.0
谙,16,諳,char-table:preferred-traditional+unihan:kTraditionalVariant,149,9,17.0.0
谚,16,諺,char-table:preferred-traditional+unihan:kTraditionalVariant,149,9,17.0.0
谛,16,諦,char-table:preferred-traditional+unihan:kTraditionalVariant,149,9,17.0.0
谜,17,謎,char-table:preferred-traditional+unihan:kTraditionalVariant,149,10,17.0.0
谝,16,諞,char-table:preferred-traditional+unihan:kTraditionalVariant,149,9,17.0.0
谞,16,諝,char-table:preferred-traditional+unihan:kTraditionalVariant,149,9,17.0.0
谟,18,謨,char-table:preferred-traditional+unihan:kTraditionalVariant,149,11,17.0.0
谠,27,讜,char-table:preferred-traditional+unihan:kTraditionalVariant,149,20,17.0.0
谡,17,謖,char-table:preferred-traditional+unihan:kTraditionalVariant,149,10,17.0.0
谢,17,謝,char-table:preferred-traditional+unihan:kTraditionalVariant,149,10,17.0.0
谣,17,謠,char-table:preferred-traditional+unihan:kTraditionalVariant,149,10,17.0.0
谤,17,謗,char-table:preferred-traditional+unihan:kTraditionalVariant,149,10,17.0.0
谥,17,謚,char-table:preferred-traditional+unihan:kTraditionalVariant,149,10,17.0.0
谦,17,謙,char-table:preferred-traditional+unihan:kTraditionalVariant,149,10,17.0.0
谧,17,謐,char-table:preferred-traditional+unihan:kTraditionalVariant,149,10,17.0.0
谨,18,謹,char-table:preferred-traditional+unihan:kTraditionalVariant,149,11,17.0.0
谩,18,謾,char-table:preferred-traditional+unihan:kTraditionalVariant,149,11,17.0.0
谪,18,謫,char-table:preferred-traditional+unihan:kTraditionalVariant,149,11,17.0.0
谫,18,謭,char-table:preferred-traditional+unihan:kTraditionalVariant,149,11,17.0.0
谬,18,謬,char-table:preferred-traditional+unihan:kTraditionalVariant,149,11,17.0.0
谭,19,譚,char-table:preferred-traditional+unihan:kTraditionalVariant,149,12,17.0.0
谮,19,譖,char-table:preferred-traditional+unihan:kTraditionalVariant,149,12,17.0.0
谯,19,譙,char-table:preferred-traditional+unihan:kTraditionalVariant,149,12,17.0.0
谰,24,讕,char-table:preferred-traditional+unihan:kTraditionalVariant,149,17,17.0.0
谱,19,譜,char-table:preferred-traditional+unihan:kTraditionalVariant,149,12,17.0.0
谲,19,譎,char-table:preferred-traditional+unihan:kTraditionalVariant,149,12,17.0.0
谳,27,讞,char-table:preferred-traditional+unihan:kTraditionalVariant,149,20,17.0.0
谴,21,譴,char-table:preferred-traditional+unihan:kTraditionalVariant,149,14,17.0.0
谵,20,譫,char-table:preferred-traditional+unihan:kTraditionalVariant,149,13,17.0.0
谶,24,讖,char-table:preferred-traditional+unihan:kTraditionalVariant,149,17,17.0.0
谷,15,穀,char-table:preferred-traditional+unihan:kTraditionalVariant,115,10,17.0.0
谼,13,谼,unihan:identity,150,6,17.0.0
谿,17,谿,unihan:identity,150,10,17.0.0
豁,17,豁,unihan:identity,150,10,17.0.0
豆,7,豆,unihan:identity,151,0,17.0.0
豇,10,豇,unihan:identity,151,3,17.0.0
豉,11,豉,unihan:identity,151,4,17.0.0
豌,15,豌,unihan:identity,151,8,17.0.0
豕,7,豕,unihan:identity,152,0,17.0.0
豚,11,豚,unihan:identity,152,4,17.0.0
象,12,象,unihan:identity,152,5,17.0.0
豢,13,豢,unihan:identity,152,6,17.0.0
豨,14,豨,unihan:identity,152,7,17.0.0
豪,14,豪,unihan:identity,152,7,17.0.0
豫,16,豫,unihan:identity,152,9,17.0.0
豮,20,豶,char-table:preferred-traditional+unihan:kTraditionalVariant,152,13,17.0.0
豳,17,豳,unihan:identity,152,10,17.0.0
豸,7,豸,unihan:identity,153,0,17.0.0
豹,10,豹,unihan:identity,153,3,17.0.0
豺,10,豺,unihan:identity,153,3,17.0.0
貂,12,貂,unihan:identity,153,5,17.0.0
貅,13,貅,unihan:identity,153,6,17.0.0
貆,13,貆,unihan:identity,153,6,17.0.0
貉,13,貉,unihan:identity,153,6,17.0.0
貊,13,貊,unihan:identity,153,6,17.0.0
貌,14,貌,unihan:identity,153,7,17.0.0
貔,17,貔,unihan:identity,153,10,17.0.0
貘,18,貘,unihan:identity,153,11,17.0.0
贝,7,貝,char-table:preferred-traditional+unihan:kTraditionalVariant,154,0,17.0.0
贞,9,貞,char-table:preferred-traditional+unihan:kTraditionalVariant,154,2,17.0.0
负,9,負,char-table:preferred-traditional+unihan:kTraditionalVariant,154,2,17.0.0
贡,10,貢,char-table:preferred-traditional+unihan:kTraditionalVariant,154,3,17.0.0
财,10,財,char-table:preferred-traditional+unihan:kTraditionalVariant,154,3,17.0.0
责,11,責,char-table:preferred-traditional+unihan:kTraditionalVariant,154,4,17.0.0
贤,15,賢,char-table:preferred-traditional+unihan:kTraditionalVariant,154,8,17.0.0
败,11,敗,char-table:preferred-traditional+unihan:kTraditionalVariant,66,7,17.0.0
账,15,賬,char-table:preferred-traditional+unihan:kTraditionalVariant,154,8,17.0.0
货,11,貨,char-table:preferred-traditional+unihan:kTraditionalVariant,154,4,17.0.0
质,15,質,char-table:preferred-traditional+unihan:kTraditionalVariant,154,8,17.0.0
贩,11,販,char-table:preferred-traditional+unihan:kTraditionalVariant,154,4,17.0.0
贪,11,貪,char-table:preferred-traditional+unihan:kTraditionalVariant,154,4,17.0.0
贫,11,貧,char-table:preferred-traditional+unihan:kTraditionalVariant,154,4,17.0.0
贬,12,貶,char-table:preferred-traditional+unihan:kTraditionalVariant,154,5,17.0.0
购,17,購,char-table:preferred-traditional+unihan:kTraditionalVariant,154,10,17.0.0
贮,12,貯,char-table:preferred-traditional+unihan:kTraditionalVariant,154,5,17.0.0
贯,11,貫,char-table:preferred-traditional+unihan:kTraditionalVariant,154,4,17.0.0
贰,12,貳,char-table:preferred-traditional+unihan:kTraditionalVariant,154,5,17.0.0
贱,15,賤,char-table:preferred-traditional+unihan:kTraditionalVariant,154,8,17.0.0
贲,12,賁,char-table:preferred-traditional+unihan:kTraditionalVariant,154,5,17.0.0
贳,12,貰,char-table:preferred-traditional+unihan:kTraditionalVariant,154,5,17.0.0
贴,12,貼,char-table:preferred-traditional+unihan:kTraditionalVariant,154,5,17.0.0
贵,12,貴,char-table:preferred-traditional+unihan:kTraditionalVariant,154,5,17.0.0
贶,12,貺,char-table:preferred-traditional+unihan:kTraditionalVariant,154,5,17.0.0
贷,12,貸,char-table:preferred-traditional+unihan:kTraditionalVariant,154,5,17.0.0
贸,12,貿,char-table:preferred-traditional+unihan:kTraditionalVariant,154,5,17.0.0
费,12,費,char-table:preferred-traditional+unihan:kTraditionalVariant,154,5,17.0.0
贺,12,賀,char-table:preferred-traditional+unihan:kTraditionalVariant,154,5,17.0.0
贻,12,貽,char-table:preferred-traditional+unihan:kTraditionalVariant,154,5,17.0.0
贼,13,賊,char-table:preferred-traditional+unihan:kTraditionalVariant,154,6,17.0.0
贽,18,贄,char-table:preferred-traditional+unihan:kTraditionalVariant,154,11,17.0.0
贾,13,賈,char-table:preferred-traditional+unihan:kTraditionalVariant,154,6,17.0.0
贿,13,賄,char-table:preferred-traditional+unihan:kTraditionalVariant,154,6,17.0.0
赀,12,貲,char-table:preferred-traditional+unihan:kTraditionalVariant,154,5,17.0.0
赁,13,賃,char-table:preferred-traditional+unihan:kTraditionalVariant,154,6,17.0.0
赂,13,賂,char-table:preferred-traditional+unihan:kTraditionalVariant,154,6,17.0.0
赃,25,贜,char-table:preferred-traditional+unihan:kTraditionalVariant,154,18,17.0.0
资,13,資,char-table:preferred-traditional+unihan:kTraditionalVariant,154,6,17.0.0
赅,13,賅,char-table:preferred-traditional+unihan:kTraditionalVariant,154,6,17.0.0
赆,21,贐,char-table:preferred-traditional+unihan:kTraditionalVariant,154,14,17.0.0
赇,14,賕,char-table:preferred-traditional+unihan:kTraditionalVariant,154,7,17.0.0
赈,14,賑,char-table:preferred-traditional+unihan:kTraditionalVariant,154,7,17.0.0
赉,15,賚,char-table:preferred-traditional+unihan:kTraditionalVariant,154,8,17.0.0
赊,14,賒,char-table:preferred-traditional+unihan:kTraditionalVariant,154,7,17.0.0
赋,15,賦,char-table:preferred-traditional+unihan:kTraditionalVariant,154,8,17.0.0
赌,16,賭,char-table:preferred-traditional+unihan:kTraditionalVariant,154,9,17.0.0
赍,15,賫,char-table:preferred-traditional+unihan:kTraditionalVariant,154,8,17.0.0
赎,22,贖,char-table:preferred-traditional+unihan:kTraditionalVariant,154,15,17.0.0
赏,15,賞,char-table:preferred-traditional+unihan:kTraditionalVariant,154,8,17.0.0
赐,15,賜,char-table:preferred-traditional+unihan:kTraditionalVariant,154,8,17.0.0
赑,21,贔,char-table:preferred-traditional+unihan:kTraditionalVariant,154,14,17.0.0
赒,15,賙,char-table:preferred-traditional+unihan:kTraditionalVariant,154,8,17.0.0
赓,15,賡,char-table:preferred-traditional+unihan:kTraditionalVariant,154,8,17.0.0
赔,15,賠,char-table:preferred-traditional+unihan:kTraditionalVariant,154,8,17.0.0
赕,15,賧,char-table:preferred-traditional+unihan:kTraditionalVariant,154,8,17.0.0
赖,16,賴,char-table:preferred-traditional+unihan:kTraditionalVariant,154,9,17.0.0
赗,16,賵,char-table:preferred-traditional+unihan:kTraditionalVariant,154,9,17.0.0
赘,18,贅,char-table:preferred-traditional+unihan:kTraditionalVariant,154,11,17.0.0
赙,17,賻,char-table:preferred-traditional+unihan:kTraditionalVariant,154,10,17.0.0
赚,17,賺,char-table:preferred-traditional+unihan:kTraditionalVariant,154,10,17.0.0
赛,17,賽,char-table:preferred-traditional+unihan:kTraditionalVariant,154,10,17.0.0
赜,18,賾,char-table:preferred-traditional+unihan:kTraditionalVariant,154,11,17.0.0
赝,19,贋,char-table:preferred-traditional+unihan:kTraditionalVariant,154,12,17.0.0
赞,19,贊,char-table:preferred-traditional+unihan:kTraditionalVariant,154,12,17.0.0
赟,19,贇,char-table:preferred-traditional+unihan:kTraditionalVariant,154,12,17.0.0
赠,19,贈,char-table:preferred-traditional+unihan:kTraditionalVariant,154,12,17.0.0
赡,20,贍,char-table:preferred-traditional+unihan:kTraditionalVariant,154,13,17.0.0
赢,20,贏,char-table:preferred-traditional+unihan:kTraditionalVariant,154,13,17.0.0
赣,24,贛,char-table:preferred-traditional+unihan:kTraditionalVariant,154,17,17.0.0
赤,7,赤,unihan:identity,155,0,17.0.0
赦,11,赦,unihan:identity,155,4,17.0.0
赧,12,赧,unihan:identity,155,5,17.0.0
赪,16,赬,char-table:preferred-traditional+unihan:kTraditionalVariant,155,9,17.0.0
赫,14,赫,unihan:identity,155,7,17.0.0
赭,16,赭,unihan:identity,155,9,17.0.0
走,7,走,unihan:identity,156,0,17.0.0
赳,9,赳,unihan:identity,156,2,17.0.0
赴,9,赴,unihan:identity,156,2,17.0.0
赵,14,趙,char-table:preferred-traditional+unihan:kTraditionalVariant,156,7,17.0.0
赶,14,趕,char-table:preferred-traditional+unihan:kTraditionalVariant,156,7,17.0.0
起,10,起,unihan:identity,156,3,17.0.0
趁,12,趁,unihan:identity,156,5,17.0.0
趄,12,趄,unihan:identity,156,5,17.0.0
超,12,超,unihan:identity,156,5,17.0.0
越,12,越,unihan:identity,156,5,17.0.0
趋,17,趨,char-table:preferred-traditional+unihan:kTraditionalVariant,156,10,17.0.0
趑,13,趑,unihan:identity,156,6,17.0.0
趔,13,趔,unihan:identity,156,6,17.0.0
趟,15,趟,unihan:identity,156,8,17.0.0
趣,15,趣,unihan:identity,156,8,17.0.0
趯,21,趯,unihan:identity,156,14,17.0.0
趱,26,趲,char-table:preferred-traditional+unihan:kTraditionalVariant,156,19,17.0.0
足,7,足,unihan:identity,157,0,17.0.0
趴,9,趴,unihan:identity,157,2,17.0.0
趵,10,趵,unihan:identity,157,3,17.0.0
趸,20,躉,char-table:preferred-traditional+unihan:kTraditionalVariant,157,13,17.0.0
趺,11,趺,unihan:identity,157,4,17.0.0
趼,13,趼,unihan:identity,157,6,17.0.0
趾,11,趾,unihan:identity,157,4,17.0.0
趿,11,趿,unihan:identity,157,4,17.0.0
跂,11,跂,unihan:identity,157,4,17.0.0
跃,21,躍,char-table:preferred-traditional+unihan:kTraditionalVariant,157,14,17.0.0
跄,17,蹌,char-table:preferred-traditional+unihan:kTraditionalVariant,157,10,17.0.0
跆,12,跆,unihan:identity,157,5,17.0.0
跋,12,跋,unihan:identity,157,5,17.0.0
跌,12,跌,unihan:identity,157,5,17.0.0
跎,12,跎,unihan:identity,157,5,17.0.0
跏,12,跏,unihan:identity,157,5,17.0.0
跐,12,跐,unihan:identity,157,5,17.0.0
跑,12,跑,unihan:identity,157,5,17.0.0
跖,12,跖,unihan:identity,157,5,17.0.0
跗,12,跗,unihan:identity,157,5,17.0.0
跚,12,跚,unihan:identity,157,5,17.0.0
跛,12,跛,unihan:identity,157,5,17.0.0
距,12,距,unihan:identity,157,5,17.0.0
跞,22,躒,char-table:preferred-traditional+unihan:kTraditionalVariant,157,15,17.0.0
跟,13,跟,unihan:identity,157,6,17.0.0
跣,13,跣,unihan:identity,157,6,17.0.0
跤,13,跤,unihan:identity,157,6,17.0.0
跨,13,跨,unihan:identity,157,6,17.0.0
跪,13,跪,unihan:identity,157,6,17.0.0
跬,13,跬,unihan:identity,157,6,17.0.0
路,13,路,unihan:identity,157,6,17.0.0
跱,13,跱,unihan:identity,157,6,17.0.0
跳,13,跳,unihan:identity,157,6,17.0.0
践,15,踐,char-table:preferred-traditional+unihan:kTraditionalVariant,157,8,17.0.0
跶,20,躂,char-table:preferred-traditional+unihan:kTraditionalVariant,157,13,17.0.0
跷,19,蹺,char-table:preferred-traditional+unihan:kTraditionalVariant,157,12,17.0.0
跸,18,蹕,char-table:preferred-traditional+unihan:kTraditionalVariant,157,11,17.0.0
跹,23,躚,char-table:preferred-traditional+unihan:kTraditionalVariant,157,16,17.0.0
跺,13,跺,unihan:identity,157,6,17.0.0
跻,21,躋,char-table:preferred-traditional+unihan:kTraditionalVariant,157,14,17.0.0
跽,14,跽,unihan:identity,157,7,17.0.0
踅,14,踅,unihan:identity,157,7,17.0.0
踉,14,踉,unihan:identity,157,7,17.0.0
踊,16,踴,char-table:preferred-traditional+unihan:kTraditionalVariant,157,9,17.0.0
踌,21,躊,char-table:preferred-traditional+unihan:kTraditionalVariant,157,14,17.0.0
踏,15,踏,unihan:identity,157,8,17.0.0
踒,15,踒,unihan:identity,157,8,17.0.0
踔,15,踔,unihan:identity,157,8,17.0.0
踝,15,踝,unihan:identity,157,8,17.0.0
踞,15,踞,unihan:identity,157,8,17.0.0
踟,15,踟,unihan:identity,157,8,17.0.0
踢,15,踢,unihan:identity,157,8,17.0.0
踣,15,踣,unihan:identity,157,8,17.0.0
踦,15,踦,unihan:identity,157,8,17.0.0
踩,15,踩,unihan:identity,157,8,17.0.0
踪,18,蹤,unihan:kTraditionalVariant[17.0.0],157,11,17.0.0
踬,22,躓,unihan:kTraditionalVariant[17.0.0],157,15,17.0.0
踮,15,踮,unihan:identity,157,8,17.0.0
踯,22,躑,char-table:preferred-traditional+unihan:kTraditionalVariant,157,15,17.0.0
踱,16,踱,unihan:identity,157,9,17.0.0
踵,16,踵,unihan:identity,157,9,17.0.0
踶,16,踶,unihan:identity,157,9,17.0.0
踹,16,踹,unihan:identity,157,9,17.0.0
踺,15,踺,unihan:identity,157,8,17.0.0
踽,16,踽,unihan:identity,157,9,17.0.0
蹀,16,蹀,unihan:identity,157,9,17.0.0
蹁,16,蹁,unihan:identity,157,9,17.0.0
蹂,16,蹂,unihan:identity,157,9,17.0.0
蹄,16,蹄,unihan:identity,157,9,17.0.0
蹅,16,蹅,unihan:identity,157,9,17.0.0
蹇,17,蹇,unihan:identity,157,10,17.0.0
蹈,17,蹈,unihan:identity,157,10,17.0.0
蹉,17,蹉,unihan:identity,157,10,17.0.0
蹊,17,蹊,unihan:identity,157,10,17.0.0
蹋,17,蹋,unihan:identity,157,10,17.0.0
蹐,17,蹐,unihan:identity,157,10,17.0.0
蹑,25,躡,char-table:preferred-traditional+unihan:kTraditionalVariant,157,18,17.0.0
蹒,18,蹣,char-table:preferred-traditional+unihan:kTraditionalVariant,157,11,17.0.0
蹙,18,蹙,unihan:identity,157,11,17.0.0
蹚,18,蹚,unihan:identity,157,11,17.0.0
蹜,18,蹜,unihan:identity,157,11,17.0.0
蹢,18,蹢,unihan:identity,157,11,17.0.0
蹦,18,蹦,unihan:identity,157,11,17.0.0
蹩,19,蹩,unihan:identity,157,12,17.0.0
蹬,19,蹬,unihan:identity,157,12,17.0.0
蹭,19,蹭,unihan:identity,157,12,17.0.0
蹯,19,蹯,unihan:identity,157,12,17.0.0
蹰,22,躕,unihan:kTraditionalVariant[17.0.0],157,15,17.0.0
蹲,19,蹲,unihan:identity,157,12,17.0.0
蹴,19,蹴,unihan:identity,157,12,17.0.0
蹶,19,蹶,unihan:identity,157,12,17.0.0
蹼,19,蹼,unihan:identity,157,12,17.0.0
蹽,19,蹽,unihan:identity,157,12,17.0.0
蹾,19,蹾,unihan:identity,157,12,17.0.0
蹿,25,躥,char-table:preferred-traditional+unihan:kTraditionalVariant,157,18,17.0.0
躁,20,躁,unihan:identity,157,13,17.0.0
躅,20,躅,unihan:identity,157,13,17.0.0
躇,20,躇,unihan:identity,157,13,17.0.0
躏,27,躪,char-table:preferred-traditional+unihan:kTraditionalVariant,157,20,17.0.0
躐,22,躐,unihan:identity,157,15,17.0.0
躔,22,躔,unihan:identity,157,15,17.0.0
躜,26,躦,char-table:preferred-traditional+unihan:kTraditionalVariant,157,19,17.0.0
躞,24,躞,unihan:identity,157,17,17.0.0
身,7,身,unihan:identity,158,0,17.0.0
躬,10,躬,unihan:identity,158,3,17.0.0
躯,18,軀,char-table:preferred-traditional+unihan:kTraditionalVariant,158,11,17.0.0
躲,13,躲,unihan:identity,158,6,17.0.0
躺,15,躺,unihan:identity,158,8,17.0.0
车,7,車,char-table:preferred-traditional+unihan:kTraditionalVariant,159,0,17.0.0
轧,8,軋,char-table:preferred-traditional+unihan:kTraditionalVariant,159,1,17.0.0
轨,9,軌,char-table:preferred-traditional+unihan:kTraditionalVariant,159,2,17.0.0
轩,10,軒,char-table:preferred-traditional+unihan:kTraditionalVariant,159,3,17.0.0
轪,10,軑,char-table:preferred-traditional+unihan:kTraditionalVariant,159,3,17.0.0
轫,10,軔,char-table:preferred-traditional+unihan:kTraditionalVariant,159,3,17.0.0
转,18,轉,char-table:preferred-traditional+unihan:kTraditionalVariant,159,11,17.0.0
轭,11,軛,char-table:preferred-traditional+unihan:kTraditionalVariant,159,4,17.0.0
轮,15,輪,char-table:preferred-traditional+unihan:kTraditionalVariant,159,8,17.0.0
软,11,軟,char-table:preferred-traditional+unihan:kTraditionalVariant,159,4,17.0.0
轰,21,轟,char-table:preferred-traditional+unihan:kTraditionalVariant,159,14,17.0.0
轱,12,軲,char-table:preferred-traditional+unihan:kTraditionalVariant,159,5,17.0.0
轲,12,軻,char-table:preferred-traditional+unihan:kTraditionalVariant,159,5,17.0.0
轳,23,轤,char-table:preferred-traditional+unihan:kTraditionalVariant,159,16,17.0.0
轴,12,軸,char-table:preferred-traditional+unihan:kTraditionalVariant,159,5,17.0.0
轵,12,軹,char-table:preferred-traditional+unihan:kTraditionalVariant,159,5,17.0.0
轶,12,軼,char-table:preferred-traditional+unihan:kTraditionalVariant,159,5,17.0.0
轷,12,軤,char-table:preferred-traditional+unihan:kTraditionalVariant,159,5,17.0.0
轸,12,軫,char-table:preferred-traditional+unihan:kTraditionalVariant,159,5,17.0.0
轹,22,轢,char-table:preferred-traditional+unihan:kTraditionalVariant,159,15,17.0.0
轺,12,軺,char-table:preferred-traditional+unihan:kTraditionalVariant,159,5,17.0.0
轻,14,輕,char-table:preferred-traditional+unihan:kTraditionalVariant,159,7,17.0.0
轼,13,軾,char-table:preferred-traditional+unihan:kTraditionalVariant,159,6,17.0.0
载,13,載,char-table:preferred-traditional+unihan:kTraditionalVariant,159,6,17.0.0
轾,13,輊,char-table:preferred-traditional+unihan:kTraditionalVariant,159,6,17.0.0
轿,19,轎,char-table:preferred-traditional+unihan:kTraditionalVariant,159,12,17.0.0
辀,13,輈,char-table:preferred-traditional+unihan:kTraditionalVariant,159,6,17.0.0
辁,13,輇,char-table:preferred-traditional+unihan:kTraditionalVariant,159,6,17.0.0
辂,13,輅,char-table:preferred-traditional+unihan:kTraditionalVariant,159,6,17.0.0
较,13,較,char-table:preferred-traditional+unihan:kTraditionalVariant,159,6,17.0.0
辄,14,輒,char-table:preferred-traditional+unihan:kTraditionalVariant,159,7,17.0.0
辅,14,輔,char-table:preferred-traditional+unihan:kTraditionalVariant,159,7,17.0.0
辆,15,輛,char-table:preferred-traditional+unihan:kTraditionalVariant,159,8,17.0.0
辇,15,輦,char-table:preferred-traditional+unihan:kTraditionalVariant,159,8,17.0.0
辈,15,輩,char-table:preferred-traditional+unihan:kTraditionalVariant,159,8,17.0.0
辉,15,輝,char-table:preferred-traditional+unihan:kTraditionalVariant,159,8,17.0.0
辊,15,輥,char-table:preferred-traditional+unihan:kTraditionalVariant,159,8,17.0.0
辋,15,輞,char-table:preferred-traditional+unihan:kTraditionalVariant,159,8,17.0.0
辌,15,輬,char-table:preferred-traditional+unihan:kTraditionalVariant,159,8,17.0.0
辍,15,輟,char-table:preferred-traditional+unihan:kTraditionalVariant,159,8,17.0.0
辎,15,輜,char-table:preferred-traditional+unihan:kTraditionalVariant,159,8,17.0.0
辏,16,輳,char-table:preferred-traditional+unihan:kTraditionalVariant,159,9,17.0.0
辐,16,輻,char-table:preferred-traditional+unihan:kTraditionalVariant,159,9,17.0.0
辑,16,輯,char-table:preferred-traditional+unihan:kTraditionalVariant,159,9,17.0.0
辒,16,輼,char-table:preferred-traditional+unihan:kTraditionalVariant,159,9,17.0.0
输,16,輸,char-table:preferred-traditional+unihan:kTraditionalVariant,159,9,17.0.0
辔,22,轡,char-table:preferred-traditional+unihan:kTraditionalVariant,159,15,17.0.0
辕,17,轅,char-table:preferred-traditional+unihan:kTraditionalVariant,159,10,17.0.0
辖,17,轄,char-table:preferred-traditional+unihan:kTraditionalVariant,159,10,17.0.0
辗,17,輾,char-table:preferred-traditional+unihan:kTraditionalVariant,159,10,17.0.0
辘,18,轆,char-table:preferred-traditional+unihan:kTraditionalVariant,159,11,17.0.0
辙,19,轍,char-table:preferred-traditional+unihan:kTraditionalVariant,159,12,17.0.0
辚,19,轔,char-table:preferred-traditional+unihan:kTraditionalVariant,159,12,17.0.0
辛,7,辛,unihan:identity,160,0,17.0.0
辜,12,辜,unihan:identity,160,5,17.0.0
辞,19,辭,char-table:preferred-traditional+unihan:kTraditionalVariant,160,12,17.0.0
辟,21,闢,char-table:preferred-traditional+unihan:kTraditionalVariant,169,13,17.0.0
辣,14,辣,unihan:identity,160,7,17.0.0
辨,16,辨,unihan:identity,160,9,17.0.0
辩,21,辯,char-table:preferred-traditional+unihan:kTraditionalVariant,160,14,17.0.0
辫,20,辮,char-table:preferred-traditional+unihan:kTraditionalVariant,160,13,17.0.0
辰,7,辰,unihan:identity,161,0,17.0.0
辱,10,辱,unihan:identity,161,3,17.0.0
边,22,邊,char-table:preferred-traditional+unihan:kTraditionalVariant,162,15,17.0.0
辽,19,遼,char-table:preferred-traditional+unihan:kTraditionalVariant,162,12,17.0.0
达,16,達,char-table:preferred-traditional+unihan:kTraditionalVariant,162,9,17.0.0
辿,10,辿,unihan:identity,162,3,17.0.0
迁,19,遷,char-table:preferred-traditional+unihan:kTraditionalVariant,162,12,17.0.0
迂,10,迂,unihan:identity,162,3,17.0.0
迄,10,迄,unihan:identity,162,3,17.0.0
迅,10,迅,unihan:identity,162,3,17.0.0
过,16,過,char-table:preferred-traditional+unihan:kTraditionalVariant,162,9,17.0.0
迈,20,邁,char-table:preferred-traditional+unihan:kTraditionalVariant,162,13,17.0.0
迎,11,迎,unihan:identity,162,4,17.0.0
运,16,運,char-table:preferred-traditional+unihan:kTraditionalVariant,162,9,17.0.0
近,11,近,unihan:identity,162,4,17.0.0
迓,11,迓,unihan:identity,162,4,17.0.0
返,11,返,unihan:identity,162,4,17.0.0
迕,11,迕,unihan:identity,162,4,17.0.0
还,20,還,char-table:preferred-traditional+unihan:kTraditionalVariant,162,13,17.0.0
这,14,這,char-table:preferred-traditional+unihan:kTraditionalVariant,162,7,17.0.0
进,15,進,char-table:preferred-traditional+unihan:kTraditionalVariant,162,8,17.0.0
远,17,遠,char-table:preferred-traditional+unihan:kTraditionalVariant,162,10,17.0.0
违,16,違,char-table:preferred-traditional+unihan:kTraditionalVariant,162,9,17.0.0
连,14,連,char-table:preferred-traditional+unihan:kTraditionalVariant,162,7,17.0.0
迟,19,遲,char-table:preferred-traditional+unihan:kTraditionalVariant,162,12,17.0.0
迢,12,迢,unihan:identity,162,5,17.0.0
迤,12,迤,unihan:identity,162,5,17.0.0
迥,12,迥,unihan:identity,162,5,17.0.0
迦,12,迦,unihan:identity,162,5,17.0.0
迨,12,迨,unihan:identity,162,5,17.0.0
迩,21,邇,char-table:preferred-traditional+unihan:kTraditionalVariant,162,14,17.0.0
迪,12,迪,unihan:identity,162,5,17.0.0
迫,12,迫,unihan:identity,162,5,17.0.0
迭,12,迭,unihan:identity,162,5,17.0.0
迮,12,迮,unihan:identity,162,5,17.0.0
述,12,述,unihan:identity,162,5,17.0.0
迳,14,逕,char-table:preferred-traditional+unihan:kTraditionalVariant,162,7,17.0.0
迷,13,迷,unihan:identity,162,6,17.0.0
迸,15,迸,unihan:identity,162,8,17.0.0
迹,13,跡,unihan:kTraditionalVariant[17.0.0],157,6,17.0.0
迺,13,迺,unihan:identity,162,6,17.0.0
追,13,追,unihan:identity,162,6,17.0.0
退,13,退,unihan:identity,162,6,17.0.0
送,13,送,unihan:identity,162,6,17.0.0
适,18,適,char-table:preferred-traditional+unihan:kTraditionalVariant,162,11,17.0.0
逃,13,逃,unihan:identity,162,6,17.0.0
逄,13,逄,unihan:identity,162,6,17.0.0
逅,13,逅,unihan:identity,162,6,17.0.0
逆,13,逆,unihan:identity,162,6,17.0.0
选,19,選,char-table:preferred-traditional+unihan:kTraditionalVariant,162,12,17.0.0
逊,17,遜,char-table:preferred-traditional+unihan:kTraditionalVariant,162,10,17.0.0
逋,14,逋,unihan:identity,162,7,17.0.0
逍,14,逍,unihan:identity,162,7,17.0.0
透,14,透,unihan:identity,162,7,17.0.0
逐,14,逐,unihan:identity,162,7,17.0.0
逑,14,逑,unihan:identity,162,7,17.0.0
递,17,遞,char-table:preferred-traditional+unihan:kTraditionalVariant,162,10,17.0.0
途,14,途,unihan:identity,162,7,17.0.0
逖,14,逖,unihan:identity,162,7,17.0.0
逗,14,逗,unihan:identity,162,7,17.0.0
通,14,通,unihan:identity,162,7,17.0.0
逛,14,逛,unihan:identity,162,7,17.0.0
逝,14,逝,unihan:identity,162,7,17.0.0
逞,14,逞,unihan:identity,162,7,17.0.0
速,14,速,unihan:identity,162,7,17.0.0
造,14,造,unihan:identity,162,7,17.0.0
逡,14,逡,unihan:identity,162,7,17.0.0
逢,14,逢,unihan:identity,162,7,17.0.0
逦,26,邐,char-table:preferred-traditional+unihan:kTraditionalVariant,162,19,17.0.0
逭,15,逭,unihan:identity,162,8,17.0.0
逮,15,逮,unihan:identity,162,8,17.0.0
逯,15,逯,unihan:identity,162,8,17.0.0
逴,15,逴,unihan:identity,162,8,17.0.0
逵,15,逵,unihan:identity,162,8,17.0.0
逶,15,逶,unihan:identity,162,8,17.0.0
逸,15,逸,unihan:identity,162,8,17.0.0
逻,26,邏,char-table:preferred-traditional+unihan:kTraditionalVariant,162,19,17.0.0
逼,16,逼,unihan:identity,162,9,17.0.0
逾,16,逾,unihan:identity,162,9,17.0.0
遁,16,遁,unihan:identity,162,9,17.0.0
遂,16,遂,unihan:identity,162,9,17.0.0
遄,16,遄,unihan:identity,162,9,17.0.0
遆,16,遆,unihan:identity,162,9,17.0.0
遇,16,遇,unihan:identity,162,9,17.0.0
遍,16,遍,unihan:identity,162,9,17.0.0
遏,16,遏,unihan:identity,162,9,17.0.0
遐,16,遐,unihan:identity,162,9,17.0.0
遑,16,遑,unihan:identity,162,9,17.0.0
遒,16,遒,unihan:identity,162,9,17.0.0
道,16,道,unihan:identity,162,9,17.0.0
遗,19,遺,char-table:preferred-traditional+unihan:kTraditionalVariant,162,12,17.0.0
遘,17,遘,unihan:identity,162,10,17.0.0
遛,17,遛,unihan:identity,162,10,17.0.0
遢,17,遢,unihan:identity,162,10,17.0.0
遣,17,遣,unihan:identity,162,10,17.0.0
遥,17,遙,unihan:kTraditionalVariant[17.0.0],162,10,17.0.0
遨,18,遨,unihan:identity,162,11,17.0.0
遭,18,遭,unihan:identity,162,11,17.0.0
遮,18,遮,unihan:identity,162,11,17.0.0
遴,19,遴,unihan:identity,162,12,17.0.0
遵,19,遵,unihan:identity,162,12,17.0.0
遹,19,遹,unihan:identity,162,12,17.0.0
遽,20,遽,unihan:identity,162,13,17.0.0
避,20,避,unihan:identity,162,13,17.0.0
邀,20,邀,unihan:identity,162,13,17.0.0
邂,20,邂,unihan:identity,162,13,17.0.0
邃,20,邃,unihan:identity,162,13,17.0.0
邈,21,邈,unihan:identity,162,14,17.0.0
邋,22,邋,unihan:identity,162,15,17.0.0
邑,7,邑,unihan:identity,163,0,17.0.0
邓,19,鄧,char-table:preferred-traditional+unihan:kTraditionalVariant,163,12,17.0.0
邕,10,邕,unihan:identity,163,3,17.0.0
邗,10,邗,unihan:identity,163,3,17.0.0
邘,10,邘,unihan:identity,163,3,17.0.0
邙,10,邙,unihan:identity,163,3,17.0.0
邛,10,邛,unihan:identity,163,3,17.0.0
邝,22,鄺,char-table:preferred-traditional+unihan:kTraditionalVariant,163,15,17.0.0
邠,11,邠,unihan:identity,163,4,17.0.0
邡,11,邡,unihan:identity,163,4,17.0.0
邢,11,邢,unihan:identity,163,4,17.0.0
那,11,那,unihan:identity,163,4,17.0.0
邦,11,邦,unihan:identity,163,4,17.0.0
邨,11,邨,unihan:identity,163,4,17.0.0
邪,11,邪,unihan:identity,163,4,17.0.0
邬,17,鄔,char-table:preferred-traditional+unihan:kTraditionalVariant,163,10,17.0.0
邮,15,郵,char-table:preferred-traditional+unihan:kTraditionalVariant,163,8,17.0.0
邯,12,邯,unihan:identity,163,5,17.0.0
邰,12,邰,unihan:identity,163,5,17.0.0
邱,12,邱,unihan:identity,163,5,17.0.0
邲,12,邲,unihan:identity,163,5,17.0.0
邳,12,邳,unihan:identity,163,5,17.0.0
邴,12,邴,unihan:identity,163,5,17.0.0
邵,12,邵,unihan:identity,163,5,17.0.0
邶,12,邶,unihan:identity,163,5,17.0.0
邸,12,邸,unihan:identity,163,5,17.0.0
邹,17,鄒,char-table:preferred-traditional+unihan:kTraditionalVariant,163,10,17.0.0
邺,20,鄴,char-table:preferred-traditional+unihan:kTraditionalVariant,163,13,17.0.0
邻,19,鄰,char-table:preferred-traditional+unihan:kTraditionalVariant,163,12,17.0.0
邽,13,邽,unihan:identity,163,6,17.0.0
邾,13,邾,unihan:identity,163,6,17.0.0
邿,13,邿,unihan:identity,163,6,17.0.0
郁,29,鬱,char-table:preferred-traditional+unihan:kTraditionalVariant,192,19,17.0.0
郃,13,郃,unihan:identity,163,6,17.0.0
郄,13,郄,unihan:identity,163,6,17.0.0
郅,13,郅,unihan:identity,163,6,17.0.0
郇,13,郇,unihan:identity,163,6,17.0.0
郈,13,郈,unihan:identity,163,6,17.0.0
郊,13,郊,unihan:identity,163,6,17.0.0
郎,13,郎,unihan:identity,163,6,17.0.0
郏,14,郟,char-table:preferred-traditional+unihan:kTraditionalVariant,163,7,17.0.0
郐,20,鄶,char-table:preferred-traditional+unihan:kTraditionalVariant,163,13,17.0.0
郑,19,鄭,char-table:preferred-traditional+unihan:kTraditionalVariant,163,12,17.0.0
郓,16,鄆,char-table:preferred-traditional+unihan:kTraditionalVariant,163,9,17.0.0
郗,14,郗,unihan:identity,163,7,17.0.0
郚,14,郚,unihan:identity,163,7,17.0.0
郛,14,郛,unihan:identity,163,7,17.0.0
郜,14,郜,unihan:identity,163,7,17.0.0
郝,14,郝,unihan:identity,163,7,17.0.0
郡,14,郡,unihan:identity,163,7,17.0.0
郢,14,郢,unihan:identity,163,7,17.0.0
郤,14,郤,unihan:identity,163,7,17.0.0
郦,26,酈,char-table:preferred-traditional+unihan:kTraditionalVariant,163,19,17.0.0
郧,17,鄖,char-table:preferred-traditional+unihan:kTraditionalVariant,163,10,17.0.0
部,15,部,unihan:identity,163,8,17.0.0
郪,15,郪,unihan:identity,163,8,17.0.0
郫,15,郫,unihan:identity,163,8,17.0.0
郭,15,郭,unihan:identity,163,8,17.0.0
郯,15,郯,unihan:identity,163,8,17.0.0
郴,15,郴,unihan:identity,163,8,17.0.0
郸,19,鄲,char-table:preferred-traditional+unihan:kTraditionalVariant,163,12,17.0.0
都,16,都,unihan:identity,163,9,17.0.0
郾,16,郾,unihan:identity,163,9,17.0.0
郿,16,郿,unihan:identity,163,9,17.0.0
鄀,16,鄀,unihan:identity,163,9,17.0.0
鄂,16,鄂,unihan:identity,163,9,17.0.0
鄃,16,鄃,unihan:identity,163,9,17.0.0
鄄,16,鄄,unihan:identity,163,9,17.0.0
鄅,16,鄅,unihan:identity,163,9,17.0.0
鄌,17,鄌,unihan:identity,163,10,17.0.0
鄑,17,鄑,unihan:identity,163,10,17.0.0
鄗,17,鄗,unihan:identity,163,10,17.0.0
鄘,18,鄘,unihan:identity,163,11,17.0.0
鄙,18,鄙,unihan:identity,163,11,17.0.0
鄚,18,鄚,unihan:identity,163,11,17.0.0
鄜,18,鄜,unihan:identity,163,11,17.0.0
鄞,18,鄞,unihan:identity,163,11,17.0.0
鄠,18,鄠,unihan:identity,163,11,17.0.0
鄢,18,鄢,unihan:identity,163,11,17.0.0
鄣,18,鄣,unihan:identity,163,11,17.0.0
鄫,19,鄫,unihan:identity,163,12,17.0.0
鄯,19,鄯,unihan:identity,163,12,17.0.0
鄱,19,鄱,unihan:identity,163,12,17.0.0
鄹,21,鄹,unihan:identity,163,14,17.0.0
酂,26,酇,char-table:preferred-traditional+unihan:kTraditionalVariant,163,19,17.0.0
酃,24,酃,unihan:identity,163,17,17.0.0
酅,25,酅,unihan:identity,163,18,17.0.0
酆,25,酆,unihan:identity,163,18,17.0.0
酉,7,酉,unihan:identity,164,0,17.0.0
酊,9,酊,unihan:identity,164,2,17.0.0
酋,9,酋,unihan:identity,164,2,17.0.0
酌,10,酌,unihan:identity,164,3,17.0.0
配,10,配,unihan:identity,164,3,17.0.0
酎,10,酎,unihan:identity,164,3,17.0.0
酏,10,酏,unihan:identity,164,3,17.0.0
酐,10,酐,unihan:identity,164,3,17.0.0
酒,10,酒,unihan:identity,164,3,17.0.0
酗,11,酗,unihan:identity,164,4,17.0.0
酚,11,酚,unihan:identity,164,4,17.0.0
酝,16,醖,char-table:preferred-traditional+unihan:kTraditionalVariant,164,9,17.0.0
酞,11,酞,unihan:identity,164,4,17.0.0
酡,12,酡,unihan:identity,164,5,17.0.0
酢,12,酢,unihan:identity,164,5,17.0.0
酣,12,酣,unihan:identity,164,5,17.0.0
酤,12,酤,unihan:identity,164,5,17.0.0
酥,12,酥,unihan:identity,164,5,17.0.0
酦,19,醱,char-table:preferred-traditional+unihan:kTraditionalVariant,164,12,17.0.0
酩,13,酩,unihan:identity,164,6,17.0.0
酪,13,酪,unihan:identity,164,6,17.0.0
酬,13,酬,unihan:identity,164,6,17.0.0
酮,13,酮,unihan:identity,164,6,17.0.0
酯,13,酯,unihan:identity,164,6,17.0.0
酰,13,酰,unihan:identity,164,6,17.0.0
酱,18,醬,char-table:preferred-traditional+unihan:kTraditionalVariant,164,11,17.0.0
酲,14,酲,unihan:identity,164,7,17.0.0
酴,14,酴,unihan:identity,164,7,17.0.0
酵,14,酵,unihan:identity,164,7,17.0.0
酶,14,酶,unihan:identity,164,7,17.0.0
酷,14,酷,unihan:identity,164,7,17.0.0
酸,14,酸,unihan:identity,164,7,17.0.0
酹,14,酹,unihan:identity,164,7,17.0.0
酺,14,酺,unihan:identity,164,7,17.0.0
酽,27,釅,char-table:preferred-traditional+unihan:kTraditionalVariant,164,20,17.0.0
酾,26,釃,char-table:preferred-traditional+unihan:kTraditionalVariant,164,19,17.0.0
酿,24,釀,char-table:preferred-traditional+unihan:kTraditionalVariant,164,17,17.0.0
醅,15,醅,unihan:identity,164,8,17.0.0
醇,15,醇,unihan:identity,164,8,17.0.0
醉,15,醉,unihan:identity,164,8,17.0.0
醋,15,醋,unihan:identity,164,8,17.0.0
醌,15,醌,unihan:identity,164,8,17.0.0
醍,16,醍,unihan:identity,164,9,17.0.0
醐,16,醐,unihan:identity,164,9,17.0.0
醑,16,醑,unihan:identity,164,9,17.0.0
醒,16,醒,unihan:identity,164,9,17.0.0
醚,17,醚,unihan:identity,164,10,17.0.0
醛,17,醛,unihan:identity,164,10,17.0.0
醢,17,醢,unihan:identity,164,10,17.0.0
醨,18,醨,unihan:identity,164,11,17.0.0
醪,18,醪,unihan:identity,164,11,17.0.0
醭,19,醭,unihan:identity,164,12,17.0.0
醮,19,醮,unihan:identity,164,12,17.0.0
醯,19,醯,unihan:identity,164,12,17.0.0
醴,20,醴,unihan:identity,164,13,17.0.0
醵,20,醵,unihan:identity,164,13,17.0.0
醺,21,醺,unihan:identity,164,14,17.0.0
醾,24,醾,unihan:identity,164,17,17.0.0
采,11,埰,unihan:kTraditionalVariant[17.0.0],32,8,17.0.0
釉,12,釉,unihan:identity,165,5,17.0.0
释,20,釋,char-table:preferred-traditional+unihan:kTraditionalVariant,165,13,17.0.0
里,13,裏,char-table:preferred-traditional+unihan:kTraditionalVariant,145,7,17.0.0
重,9,重,unihan:identity,166,2,17.0.0
野,11,野,unihan:identity,166,4,17.0.0
量,12,量,unihan:identity,166,5,17.0.0
釐,18,釐,unihan:identity,166,11,17.0.0
金,8,金,unihan:identity,167,0,17.0.0
釜,10,釜,unihan:identity,167,2,17.0.0
鉴,22,鑒,char-table:preferred-traditional+unihan:kTraditionalVariant,167,14,17.0.0
銎,14,銎,unihan:identity,167,6,17.0.0
銮,27,鑾,char-table:preferred-traditional+unihan:kTraditionalVariant,167,19,17.0.0
鋆,15,鋆,unihan:identity,167,7,17.0.0
鋈,15,鋈,unihan:identity,167,7,17.0.0
錾,19,鏨,char-table:preferred-traditional+unihan:kTraditionalVariant,167,11,17.0.0
鍪,17,鍪,unihan:identity,167,9,17.0.0
鎏,18,鎏,unihan:identity,167,10,17.0.0
鏊,19,鏊,unihan:identity,167,11,17.0.0
鏖,19,鏖,unihan:identity,167,11,17.0.0
鐾,21,鐾,unihan:identity,167,13,17.0.0
鑫,24,鑫,unihan:identity,167,16,17.0.0
钆,9,釓,char-table:preferred-traditional+unihan:kTraditionalVariant,167,1,17.0.0
钇,9,釔,char-table:preferred-traditional+unihan:kTraditionalVariant,167,1,17.0.0
针,10,針,char-table:preferred-traditional+unihan:kTraditionalVariant,167,2,17.0.0
钉,10,釘,char-table:preferred-traditional+unihan:kTraditionalVariant,167,2,17.0.0
钊,10,釗,char-table:preferred-traditional+unihan:kTraditionalVariant,167,2,17.0.0
钋,10,釙,char-table:preferred-traditional+unihan:kTraditionalVariant,167,2,17.0.0
钌,10,釕,char-table:preferred-traditional+unihan:kTraditionalVariant,167,2,17.0.0
钍,11,釷,char-table:preferred-traditional+unihan:kTraditionalVariant,167,3,17.0.0
钎,11,釺,char-table:preferred-traditional+unihan:kTraditionalVariant,167,3,17.0.0
钏,11,釧,char-table:preferred-traditional+unihan:kTraditionalVariant,167,3,17.0.0
钐,11,釤,char-table:preferred-traditional+unihan:kTraditionalVariant,167,3,17.0.0
钒,11,釩,char-table:preferred-traditional+unihan:kTraditionalVariant,167,3,17.0.0
钓,11,釣,char-table:preferred-traditional+unihan:kTraditionalVariant,167,3,17.0.0
钔,16,鍆,char-table:preferred-traditional+unihan:kTraditionalVariant,167,8,17.0.0
钕,11,釹,char-table:preferred-traditional+unihan:kTraditionalVariant,167,3,17.0.0
钖,17,鍚,char-table:preferred-traditional+unihan:kTraditionalVariant,167,9,17.0.0
钗,11,釵,char-table:preferred-traditional+unihan:kTraditionalVariant,167,3,17.0.0
钘,12,鈃,char-table:preferred-traditional+unihan:kTraditionalVariant,167,4,17.0.0
钙,12,鈣,char-table:preferred-traditional+unihan:kTraditionalVariant,167,4,17.0.0
钚,12,鈈,char-table:preferred-traditional+unihan:kTraditionalVariant,167,4,17.0.0
钛,12,鈦,char-table:preferred-traditional+unihan:kTraditionalVariant,167,4,17.0.0
钜,13,鉅,char-table:preferred-traditional+unihan:kTraditionalVariant,167,5,17.0.0
钝,12,鈍,char-table:preferred-traditional+unihan:kTraditionalVariant,167,4,17.0.0
钞,12,鈔,char-table:preferred-traditional+unihan:kTraditionalVariant,167,4,17.0.0
钟,17,鍾,char-table:preferred-traditional+unihan:kTraditionalVariant,167,9,17.0.0
钠,12,鈉,char-table:preferred-traditional+unihan:kTraditionalVariant,167,4,17.0.0
钡,15,鋇,char-table:preferred-traditional+unihan:kTraditionalVariant,167,7,17.0.0
钢,16,鋼,char-table:preferred-traditional+unihan:kTraditionalVariant,167,8,17.0.0
钣,12,鈑,char-table:preferred-traditional+unihan:kTraditionalVariant,167,4,17.0.0
钤,12,鈐,char-table:preferred-traditional+unihan:kTraditionalVariant,167,4,17.0.0
钥,25,鑰,char-table:preferred-traditional+unihan:kTraditionalVariant,167,17,17.0.0
钦,12,欽,char-table:preferred-traditional+unihan:kTraditionalVariant,76,8,17.0.0
钧,12,鈞,char-table:preferred-traditional+unihan:kTraditionalVariant,167,4,17.0.0
钨,18,鎢,char-table:preferred-traditional+unihan:kTraditionalVariant,167,10,17.0.0
钩,12,鈎,char-table:preferred-traditional+unihan:kTraditionalVariant,167,4,17.0.0
钪,12,鈧,char-table:preferred-traditional+unihan:kTraditionalVariant,167,4,17.0.0
钫,12,鈁,char-table:preferred-traditional+unihan:kTraditionalVariant,167,4,17.0.0
钬,12,鈥,char-table:preferred-traditional+unihan:kTraditionalVariant,167,4,17.0.0
钭,12,鈄,char-table:preferred-traditional+unihan:kTraditionalVariant,167,4,17.0.0
钮,12,鈕,char-table:preferred-traditional+unihan:kTraditionalVariant,167,4,17.0.0
钯,12,鈀,char-table:preferred-traditional+unihan:kTraditionalVariant,167,4,17.0.0
钰,13,鈺,char-table:preferred-traditional+unihan:kTraditionalVariant,167,5,17.0.0
钱,16,錢,char-table:preferred-traditional+unihan:kTraditionalVariant,167,8,17.0.0
钲,13,鉦,char-table:preferred-traditional+unihan:kTraditionalVariant,167,5,17.0.0
钳,13,鉗,char-table:preferred-traditional+unihan:kTraditionalVariant,167,5,17.0.0
钴,13,鈷,char-table:preferred-traditional+unihan:kTraditionalVariant,167,5,17.0.0
钵,13,鉢,char-table:preferred-traditional+unihan:kTraditionalVariant,167,5,17.0.0
钷,13,鉕,char-table:preferred-traditional+unihan:kTraditionalVariant,167,5,17.0.0
钹,13,鈸,char-table:preferred-traditional+unihan:kTraditionalVariant,167,5,17.0.0
钺,13,鉞,char-table:preferred-traditional+unihan:kTraditionalVariant,167,5,17.0.0
钻,27,鑽,char-table:preferred-traditional+unihan:kTraditionalVariant,167,19,17.0.0
钼,13,鉬,char-table:preferred-traditional+unihan:kTraditionalVariant,167,5,17.0.0
钽,13,鉭,char-table:preferred-traditional+unihan:kTraditionalVariant,167,5,17.0.0
钾,13,鉀,char-table:preferred-traditional+unihan:kTraditionalVariant,167,5,17.0.0
钿,13,鈿,char-table:preferred-traditional+unihan:kTraditionalVariant,167,5,17.0.0
铀,13,鈾,char-table:preferred-traditional+unihan:kTraditionalVariant,167,5,17.0.0
铁,21,鐵,unihan:kTraditionalVariant[17.0.0],167,13,17.0.0
铂,13,鉑,char-table:preferred-traditional+unihan:kTraditionalVariant,167,5,17.0.0
铃,13,鈴,char-table:preferred-traditional+unihan:kTraditionalVariant,167,5,17.0.0
铄,23,鑠,char-table:preferred-traditional+unihan:kTraditionalVariant,167,15,17.0.0
铅,13,鉛,char-table:preferred-traditional+unihan:kTraditionalVariant,167,5,17.0.0
铆,13,鉚,char-table:preferred-traditional+unihan:kTraditionalVariant,167,5,17.0.0
铈,13,鈰,char-table:preferred-traditional+unihan:kTraditionalVariant,167,5,17.0.0
铉,13,鉉,char-table:preferred-traditional+unihan:kTraditionalVariant,167,5,17.0.0
铊,13,鉈,char-table:preferred-traditional+unihan:kTraditionalVariant,167,5,17.0.0
铋,13,鉍,char-table:preferred-traditional+unihan:kTraditionalVariant,167,5,17.0.0
铌,13,鈮,char-table:preferred-traditional+unihan:kTraditionalVariant,167,5,17.0.0
铍,13,鈹,char-table:preferred-traditional+unihan:kTraditionalVariant,167,5,17.0.0
铎,21,鐸,char-table:preferred-traditional+unihan:kTraditionalVariant,167,13,17.0.0
铏,14,鉶,char-table:preferred-traditional+unihan:kTraditionalVariant,167,6,17.0.0
铐,14,銬,char-table:preferred-traditional+unihan:kTraditionalVariant,167,6,17.0.0
铑,14,銠,char-table:preferred-traditional+unihan:kTraditionalVariant,167,6,17.0.0
铒,14,鉺,char-table:preferred-traditional+unihan:kTraditionalVariant,167,6,17.0.0
铕,14,銪,char-table:preferred-traditional+unihan:kTraditionalVariant,167,6,17.0.0
铖,15,鋮,char-table:preferred-traditional+unihan:kTraditionalVariant,167,7,17.0.0
铗,15,鋏,char-table:preferred-traditional+unihan:kTraditionalVariant,167,7,17.0.0
铘,15,鋣,char-table:preferred-traditional+unihan:kTraditionalVariant,167,7,17.0.0
铙,20,鐃,char-table:preferred-traditional+unihan:kTraditionalVariant,167,12,17.0.0
铚,14,銍,char-table:preferred-traditional+unihan:kTraditionalVariant,167,6,17.0.0
铛,21,鐺,char-table:preferred-traditional+unihan:kTraditionalVariant,167,13,17.0.0
铜,14,銅,char-table:preferred-traditional+unihan:kTraditionalVariant,167,6,17.0.0
铝,15,鋁,char-table:preferred-traditional+unihan:kTraditionalVariant,167,7,17.0.0
铞,14,銱,char-table:preferred-traditional+unihan:kTraditionalVariant,167,6,17.0.0
铟,14,銦,char-table:preferred-traditional+unihan:kTraditionalVariant,167,6,17.0.0
铠,18,鎧,char-table:preferred-traditional+unihan:kTraditionalVariant,167,10,17.0.0
铡,17,鍘,char-table:preferred-traditional+unihan:kTraditionalVariant,167,9,17.0.0
铢,14,銖,char-table:preferred-traditional+unihan:kTraditionalVariant,167,6,17.0.0
铣,14,銑,char-table:preferred-traditional+unihan:kTraditionalVariant,167,6,17.0.0
铤,15,鋌,char-table:preferred-traditional+unihan:kTraditionalVariant,167,7,17.0.0
铥,14,銩,char-table:preferred-traditional+unihan:kTraditionalVariant,167,6,17.0.0
铧,20,鏵,char-table:preferred-traditional+unihan:kTraditionalVariant,167,12,17.0.0
铨,14,銓,char-table:preferred-traditional+unihan:kTraditionalVariant,167,6,17.0.0
铩,19,鎩,char-table:preferred-traditional+unihan:kTraditionalVariant,167,11,17.0.0
铪,14,鉿,char-table:preferred-traditional+unihan:kTraditionalVariant,167,6,17.0.0
铫,14,銚,char-table:preferred-traditional+unihan:kTraditionalVariant,167,6,17.0.0
铬,14,鉻,char-table:preferred-traditional+unihan:kTraditionalVariant,167,6,17.0.0
铭,14,銘,char-table:preferred-traditional+unihan:kTraditionalVariant,167,6,17.0.0
铮,16,錚,char-table:preferred-traditional+unihan:kTraditionalVariant,167,8,17.0.0
铯,14,銫,char-table:preferred-traditional+unihan:kTraditionalVariant,167,6,17.0.0
铰,14,鉸,char-table:preferred-traditional+unihan:kTraditionalVariant,167,6,17.0.0
铱,14,銥,char-table:preferred-traditional+unihan:kTraditionalVariant,167,6,17.0.0
铲,19,鏟,char-table:preferred-traditional+unihan:kTraditionalVariant,167,11,17.0.0
铳,14,銃,char-table:preferred-traditional+unihan:kTraditionalVariant,167,6,17.0.0
铴,20,鐋,char-table:preferred-traditional+unihan:kTraditionalVariant,167,12,17.0.0
铵,14,銨,char-table:preferred-traditional+unihan:kTraditionalVariant,167,6,17.0.0
银,14,銀,char-table:preferred-traditional+unihan:kTraditionalVariant,167,6,17.0.0
铷,14,銣,unihan:kTraditionalVariant[17.0.0],167,6,17.0.0
铸,22,鑄,char-table:preferred-traditional+unihan:kTraditionalVariant,167,14,17.0.0
铹,20,鐒,char-table:preferred-traditional+unihan:kTraditionalVariant,167,12,17.0.0
铺,15,鋪,char-table:preferred-traditional+unihan:kTraditionalVariant,167,7,17.0.0
铻,15,鋙,char-table:preferred-traditional+unihan:kTraditionalVariant,167,7,17.0.0
铼,16,錸,char-table:preferred-traditional+unihan:kTraditionalVariant,167,8,17.0.0
铽,15,鋱,char-table:preferred-traditional+unihan:kTraditionalVariant,167,7,17.0.0
链,19,鏈,char-table:preferred-traditional+unihan:kTraditionalVariant,167,11,17.0.0
铿,19,鏗,char-table:preferred-traditional+unihan:kTraditionalVariant,167,11,17.0.0
销,15,銷,char-table:preferred-traditional+unihan:kTraditionalVariant,167,7,17.0.0
锁,18,鎖,char-table:preferred-traditional+unihan:kTraditionalVariant,167,10,17.0.0
锂,15,鋰,char-table:preferred-traditional+unihan:kTraditionalVariant,167,7,17.0.0
锃,15,鋥,char-table:preferred-traditional+unihan:kTraditionalVariant,167,7,17.0.0
锄,15,鋤,char-table:preferred-traditional+unihan:kTraditionalVariant,167,7,17.0.0
锅,17,鍋,char-table:preferred-traditional+unihan:kTraditionalVariant,167,9,17.0.0
锆,15,鋯,char-table:preferred-traditional+unihan:kTraditionalVariant,167,7,17.0.0
锇,15,鋨,char-table:preferred-traditional+unihan:kTraditionalVariant,167,7,17.0.0
锈,15,銹,char-table:preferred-traditional+unihan:kTraditionalVariant,167,7,17.0.0
锉,15,銼,char-table:preferred-traditional+unihan:kTraditionalVariant,167,7,17.0.0
锊,15,鋝,char-table:preferred-traditional+unihan:kTraditionalVariant,167,7,17.0.0
锋,15,鋒,char-table:preferred-traditional+unihan:kTraditionalVariant,167,7,17.0.0
锌,15,鋅,char-table:preferred-traditional+unihan:kTraditionalVariant,167,7,17.0.0
锍,15,鋶,char-table:preferred-traditional+unihan:kTraditionalVariant,167,7,17.0.0
锎,20,鐦,char-table:preferred-traditional+unihan:kTraditionalVariant,167,12,17.0.0
锏,20,鐧,char-table:preferred-traditional+unihan:kTraditionalVariant,167,12,17.0.0
锐,15,銳,char-table:preferred-traditional+unihan:kTraditionalVariant,167,7,17.0.0
锑,15,銻,char-table:preferred-traditional+unihan:kTraditionalVariant,167,7,17.0.0
锒,15,鋃,char-table:preferred-traditional+unihan:kTraditionalVariant,167,7,17.0.0
锓,15,鋟,char-table:preferred-traditional+unihan:kTraditionalVariant,167,7,17.0.0
锔,15,鋦,char-table:preferred-traditional+unihan:kTraditionalVariant,167,7,17.0.0
锕,16,錒,char-table:preferred-traditional+unihan:kTraditionalVariant,167,8,17.0.0
锖,16,錆,char-table:preferred-traditional+unihan:kTraditionalVariant,167,8,17.0.0
锗,17,鍺,char-table:preferred-traditional+unihan:kTraditionalVariant,167,9,17.0.0
锘,17,鍩,char-table:preferred-traditional+unihan:kTraditionalVariant,167,9,17.0.0
错,16,錯,char-table:preferred-traditional+unihan:kTraditionalVariant,167,8,17.0.0
锚,17,錨,char-table:preferred-traditional+unihan:kTraditionalVariant,167,9,17.0.0
锛,16,錛,char-table:preferred-traditional+unihan:kTraditionalVariant,167,8,17.0.0
锜,16,錡,char-table:preferred-traditional+unihan:kTraditionalVariant,167,8,17.0.0
锝,16,鍀,char-table:preferred-traditional+unihan:kTraditionalVariant,167,8,17.0.0
锞,16,錁,char-table:preferred-traditional+unihan:kTraditionalVariant,167,8,17.0.0
锟,16,錕,char-table:preferred-traditional+unihan:kTraditionalVariant,167,8,17.0.0
锡,16,錫,char-table:preferred-traditional+unihan:kTraditionalVariant,167,8,17.0.0
锢,16,錮,char-table:preferred-traditional+unihan:kTraditionalVariant,167,8,17.0.0
锣,27,鑼,char-table:preferred-traditional+unihan:kTraditionalVariant,167,19,17.0.0
锤,16,錘,char-table:preferred-traditional+unihan:kTraditionalVariant,167,8,17.0.0
锥,16,錐,char-table:preferred-traditional+unihan:kTraditionalVariant,167,8,17.0.0
锦,16,錦,char-table:preferred-traditional+unihan:kTraditionalVariant,167,8,17.0.0
锧,23,鑕,char-table:preferred-traditional+unihan:kTraditionalVariant,167,15,17.0.0
锨,16,鍁,char-table:preferred-traditional+unihan:kTraditionalVariant,167,8,17.0.0
锩,16,錈,char-table:preferred-traditional+unihan:kTraditionalVariant,167,8,17.0.0
锪,16,鍃,char-table:preferred-traditional+unihan:kTraditionalVariant,167,8,17.0.0
锫,16,錇,char-table:preferred-traditional+unihan:kTraditionalVariant,167,8,17.0.0
锬,16,錟,char-table:preferred-traditional+unihan:kTraditionalVariant,167,8,17.0.0
锭,16,錠,char-table:preferred-traditional+unihan:kTraditionalVariant,167,8,17.0.0
键,17,鍵,char-table:preferred-traditional+unihan:kTraditionalVariant,167,9,17.0.0
锯,16,鋸,char-table:preferred-traditional+unihan:kTraditionalVariant,167,8,17.0.0
锰,16,錳,char-table:preferred-traditional+unihan:kTraditionalVariant,167,8,17.0.0
锱,16,錙,char-table:preferred-traditional+unihan:kTraditionalVariant,167,8,17.0.0
锲,17,鍥,char-table:preferred-traditional+unihan:kTraditionalVariant,167,9,17.0.0
锳,16,鍈,char-table:preferred-traditional+unihan:kTraditionalVariant,167,8,17.0.0
锴,17,鍇,char-table:preferred-traditional+unihan:kTraditionalVariant,167,9,17.0.0
锵,19,鏘,char-table:preferred-traditional+unihan:kTraditionalVariant,167,11,17.0.0
锶,17,鍶,char-table:preferred-traditional+unihan:kTraditionalVariant,167,9,17.0.0
锷,17,鍔,char-table:preferred-traditional+unihan:kTraditionalVariant,167,9,17.0.0
锸,17,鍤,char-table:preferred-traditional+unihan:kTraditionalVariant,167,9,17.0.0
锹,17,鍬,char-table:preferred-traditional+unihan:kTraditionalVariant,167,9,17.0.0
锺,17,鍾,char-table:preferred-traditional+unihan:kTraditionalVariant,167,9,17.0.0
锻,17,鍛,char-table:preferred-traditional+unihan:kTraditionalVariant,167,9,17.0.0
锼,18,鎪,char-table:preferred-traditional+unihan:kTraditionalVariant,167,10,17.0.0
锽,17,鍠,char-table:preferred-traditional+unihan:kTraditionalVariant,167,9,17.0.0
锾,17,鍰,char-table:preferred-traditional+unihan:kTraditionalVariant,167,9,17.0.0
锿,17,鎄,char-table:preferred-traditional+unihan:kTraditionalVariant,167,9,17.0.0
镀,17,鍍,char-table:preferred-traditional+unihan:kTraditionalVariant,167,9,17.0.0
镁,17,鎂,char-table:preferred-traditional+unihan:kTraditionalVariant,167,9,17.0.0
镂,19,鏤,char-table:preferred-traditional+unihan:kTraditionalVariant,167,11,17.0.0
镃,18,鎡,char-table:preferred-traditional+unihan:kTraditionalVariant,167,10,17.0.0
镄,20,鐨,char-table:preferred-traditional+unihan:kTraditionalVariant,167,12,17.0.0
镅,17,鎇,char-table:preferred-traditional+unihan:kTraditionalVariant,167,9,17.0.0
镆,19,鏌,char-table:preferred-traditional+unihan:kTraditionalVariant,167,11,17.0.0
镇,18,鎮,char-table:preferred-traditional+unihan:kTraditionalVariant,167,10,17.0.0
镈,18,鎛,char-table:preferred-traditional+unihan:kTraditionalVariant,167,10,17.0.0
镉,18,鎘,char-table:preferred-traditional+unihan:kTraditionalVariant,167,10,17.0.0
镊,26,鑷,char-table:preferred-traditional+unihan:kTraditionalVariant,167,18,17.0.0
镋,28,钂,char-table:preferred-traditional+unihan:kTraditionalVariant,167,20,17.0.0
镌,18,鎸,char-table:preferred-traditional+unihan:kTraditionalVariant,167,10,17.0.0
镍,18,鎳,char-table:preferred-traditional+unihan:kTraditionalVariant,167,10,17.0.0
镎,18,鎿,char-table:preferred-traditional+unihan:kTraditionalVariant,167,10,17.0.0
镏,18,鎦,char-table:preferred-traditional+unihan:kTraditionalVariant,167,10,17.0.0
镐,18,鎬,char-table:preferred-traditional+unihan:kTraditionalVariant,167,10,17.0.0
镑,18,鎊,char-table:preferred-traditional+unihan:kTraditionalVariant,167,10,17.0.0
镒,18,鎰,char-table:preferred-traditional+unihan:kTraditionalVariant,167,10,17.0.0
镓,18,鎵,char-table:preferred-traditional+unihan:kTraditionalVariant,167,10,17.0.0
镔,22,鑌,char-table:preferred-traditional+unihan:kTraditionalVariant,167,14,17.0.0
镕,18,鎔,char-table:preferred-traditional+unihan:kTraditionalVariant,167,10,17.0.0
镖,19,鏢,char-table:preferred-traditional+unihan:kTraditionalVariant,167,11,17.0.0
镗,19,鏜,char-table:preferred-traditional+unihan:kTraditionalVariant,167,11,17.0.0
镘,19,鏝,char-table:preferred-traditional+unihan:kTraditionalVariant,167,11,17.0.0
镚,19,鏰,char-table:preferred-traditional+unihan:kTraditionalVariant,167,11,17.0.0
镛,19,鏞,char-table:preferred-traditional+unihan:kTraditionalVariant,167,11,17.0.0
镜,19,鏡,char-table:preferred-traditional+unihan:kTraditionalVariant,167,11,17.0.0
镝,19,鏑,char-table:preferred-traditional+unihan:kTraditionalVariant,167,11,17.0.0
镞,19,鏃,char-table:preferred-traditional+unihan:kTraditionalVariant,167,11,17.0.0
镠,19,鏐,char-table:preferred-traditional+unihan:kTraditionalVariant,167,11,17.0.0
镡,20,鐔,char-table:preferred-traditional+unihan:kTraditionalVariant,167,12,17.0.0
镢,20,鐝,char-table:preferred-traditional+unihan:kTraditionalVariant,167,12,17.0.0
镣,20,鐐,char-table:preferred-traditional+unihan:kTraditionalVariant,167,12,17.0.0
镤,20,鏷,char-table:preferred-traditional+unihan:kTraditionalVariant,167,12,17.0.0
镥,23,鑥,char-table:preferred-traditional+unihan:kTraditionalVariant,167,15,17.0.0
镦,20,鐓,char-table:preferred-traditional+unihan:kTraditionalVariant,167,12,17.0.0
镧,25,鑭,char-table:preferred-traditional+unihan:kTraditionalVariant,167,17,17.0.0
镨,20,鐠,char-table:preferred-traditional+unihan:kTraditionalVariant,167,12,17.0.0
镩,26,鑹,char-table:preferred-traditional+unihan:kTraditionalVariant,167,18,17.0.0
镪,19,鏹,char-table:preferred-traditional+unihan:kTraditionalVariant,167,11,17.0.0
镫,20,鐙,char-table:preferred-traditional+unihan:kTraditionalVariant,167,12,17.0.0
镬,22,鑊,char-table:preferred-traditional+unihan:kTraditionalVariant,167,14,17.0.0
镭,21,鐳,char-table:preferred-traditional+unihan:kTraditionalVariant,167,13,17.0.0
镮,21,鐶,char-table:preferred-traditional+unihan:kTraditionalVariant,167,13,17.0.0
镯,21,鐲,char-table:preferred-traditional+unihan:kTraditionalVariant,167,13,17.0.0
镰,21,鐮,char-table:preferred-traditional+unihan:kTraditionalVariant,167,13,17.0.0
镱,21,鐿,char-table:preferred-traditional+unihan:kTraditionalVariant,167,13,17.0.0
镲,22,鑔,char-table:preferred-traditional+unihan:kTraditionalVariant,167,14,17.0.0
镳,23,鑣,char-table:preferred-traditional+unihan:kTraditionalVariant,167,15,17.0.0
镴,23,鑞,char-table:preferred-traditional+unihan:kTraditionalVariant,167,15,17.0.0
镵,25,鑱,char-table:preferred-traditional+unihan:kTraditionalVariant,167,17,17.0.0
镶,25,鑲,char-table:preferred-traditional+unihan:kTraditionalVariant,167,17,17.0.0
长,8,長,char-table:preferred-traditional+unihan:kTraditionalVariant,168,0,17.0.0
门,8,門,char-table:preferred-traditional+unihan:kTraditionalVariant,169,0,17.0.0
闩,9,閂,char-table:preferred-traditional+unihan:kTraditionalVariant,169,1,17.0.0
闪,10,閃,char-table:preferred-traditional+unihan:kTraditionalVariant,169,2,17.0.0
闫,11,閆,char-table:preferred-traditional+unihan:kTraditionalVariant,169,3,17.0.0
闭,11,閉,char-table:preferred-traditional+unihan:kTraditionalVariant,169,3,17.0.0
问,11,問,char-table:preferred-traditional+unihan:kTraditionalVariant,30,8,17.0.0
闯,18,闖,char-table:preferred-traditional+unihan:kTraditionalVariant,169,10,17.0.0
闰,12,閏,char-table:preferred-traditional+unihan:kTraditionalVariant,169,4,17.0.0
闱,17,闈,char-table:preferred-traditional+unihan:kTraditionalVariant,169,9,17.0.0
闲,12,閑,char-table:preferred-traditional+unihan:kTraditionalVariant,169,4,17.0.0
闳,12,閎,char-table:preferred-traditional+unihan:kTraditionalVariant,169,4,17.0.0
间,12,間,char-table:preferred-traditional+unihan:kTraditionalVariant,169,4,17.0.0
闵,12,閔,char-table:preferred-traditional+unihan:kTraditionalVariant,169,4,17.0.0
闶,12,閌,char-table:preferred-traditional+unihan:kTraditionalVariant,169,4,17.0.0
闷,12,悶,char-table:preferred-traditional+unihan:kTraditionalVariant,61,8,17.0.0
闸,13,閘,char-table:preferred-traditional+unihan:kTraditionalVariant,169,5,17.0.0
闹,15,鬧,char-table:preferred-traditional+unihan:kTraditionalVariant,191,5,17.0.0
闺,14,閨,char-table:preferred-traditional+unihan:kTraditionalVariant,169,6,17.0.0
闻,14,聞,char-table:preferred-traditional+unihan:kTraditionalVariant,128,8,17.0.0
闼,21,闥,char-table:preferred-traditional+unihan:kTraditionalVariant,169,13,17.0.0
闽,14,閩,char-table:preferred-traditional+unihan:kTraditionalVariant,169,6,17.0.0
闾,15,閭,char-table:preferred-traditional+unihan:kTraditionalVariant,169,7,17.0.0
闿,18,闓,char-table:preferred-traditional+unihan:kTraditionalVariant,169,10,17.0.0
阀,14,閥,char-table:preferred-traditional+unihan:kTraditionalVariant,169,6,17.0.0
阁,14,閣,char-table:preferred-traditional+unihan:kTraditionalVariant,169,6,17.0.0
阂,14,閡,char-table:preferred-traditional+unihan:kTraditionalVariant,169,6,17.0.0
阃,15,閫,char-table:preferred-traditional+unihan:kTraditionalVariant,169,7,17.0.0
阄,27,鬮,char-table:preferred-traditional+unihan:kTraditionalVariant,191,17,17.0.0
阅,15,閲,char-table:preferred-traditional+unihan:kTraditionalVariant,169,7,17.0.0
阆,15,閬,char-table:preferred-traditional+unihan:kTraditionalVariant,169,7,17.0.0
阇,17,闍,char-table:preferred-traditional+unihan:kTraditionalVariant,169,9,17.0.0
阈,16,閾,char-table:preferred-traditional+unihan:kTraditionalVariant,169,8,17.0.0
阉,16,閹,char-table:preferred-traditional+unihan:kTraditionalVariant,169,8,17.0.0
阊,16,閶,char-table:preferred-traditional+unihan:kTraditionalVariant,169,8,17.0.0
阋,18,鬩,char-table:preferred-traditional+unihan:kTraditionalVariant,191,8,17.0.0
阌,16,閿,char-table:preferred-traditional+unihan:kTraditionalVariant,169,8,17.0.0
阍,16,閽,char-table:preferred-traditional+unihan:kTraditionalVariant,169,8,17.0.0
阎,16,閻,char-table:preferred-traditional+unihan:kTraditionalVariant,169,8,17.0.0
阏,16,閼,char-table:preferred-traditional+unihan:kTraditionalVariant,169,8,17.0.0
阐,20,闡,char-table:preferred-traditional+unihan:kTraditionalVariant,169,12,17.0.0
阑,17,闌,char-table:preferred-traditional+unihan:kTraditionalVariant,169,9,17.0.0
阒,17,闃,char-table:preferred-traditional+unihan:kTraditionalVariant,169,9,17.0.0
阔,17,闊,char-table:preferred-traditional+unihan:kTraditionalVariant,169,9,17.0.0
阕,17,闋,char-table:preferred-traditional+unihan:kTraditionalVariant,169,9,17.0.0
阖,18,闔,char-table:preferred-traditional+unihan:kTraditionalVariant,169,10,17.0.0
阗,18,闐,char-table:preferred-traditional+unihan:kTraditionalVariant,169,10,17.0.0
阘,18,闒,char-table:preferred-traditional+unihan:kTraditionalVariant,169,10,17.0.0
阙,18,闕,char-table:preferred-traditional+unihan:kTraditionalVariant,169,10,17.0.0
阚,20,闞,char-table:preferred-traditional+unihan:kTraditionalVariant,169,12,17.0.0
阜,8,阜,unihan:identity,170,0,17.0.0
队,17,隊,char-table:preferred-traditional+unihan:kTraditionalVariant,170,9,17.0.0
阡,11,阡,unihan:identity,170,3,17.0.0
阪,12,阪,unihan:identity,170,4,17.0.0
阮,12,阮,unihan:identity,170,4,17.0.0
阱,12,阱,unihan:identity,170,4,17.0.0
防,12,防,unihan:identity,170,4,17.0.0
阳,17,陽,char-table:preferred-traditional+unihan:kTraditionalVariant,170,9,17.0.0
阴,16,陰,char-table:preferred-traditional+unihan:kTraditionalVariant,170,8,17.0.0
阵,15,陣,char-table:preferred-traditional+unihan:kTraditionalVariant,170,7,17.0.0
阶,17,階,char-table:preferred-traditional+unihan:kTraditionalVariant,170,9,17.0.0
阻,13,阻,unihan:identity,170,5,17.0.0
阼,13,阼,unihan:identity,170,5,17.0.0
阽,13,阽,unihan:identity,170,5,17.0.0
阿,13,阿,unihan:identity,170,5,17.0.0
陀,13,陀,unihan:identity,170,5,17.0.0
陂,13,陂,unihan:identity,170,5,17.0.0
附,13,附,unihan:identity,170,5,17.0.0
际,19,際,char-table:preferred-traditional+unihan:kTraditionalVariant,170,11,17.0.0
陆,16,陸,char-table:preferred-traditional+unihan:kTraditionalVariant,170,8,17.0.0
陇,24,隴,char-table:preferred-traditional+unihan:kTraditionalVariant,170,16,17.0.0
陈,16,陳,char-table:preferred-traditional+unihan:kTraditionalVariant,170,8,17.0.0
陉,15,陘,char-table:preferred-traditional+unihan:kTraditionalVariant,170,7,17.0.0
陋,14,陋,unihan:identity,170,6,17.0.0
陌,14,陌,unihan:identity,170,6,17.0.0
降,14,降,unihan:identity,170,6,17.0.0
陎,14,陎,unihan:identity,170,6,17.0.0
限,14,限,unihan:identity,170,6,17.0.0
陑,14,陑,unihan:identity,170,6,17.0.0
陔,14,陔,unihan:identity,170,6,17.0.0
陕,15,陝,char-table:preferred-traditional+unihan:kTraditionalVariant,170,7,17.0.0
陛,15,陛,unihan:identity,170,7,17.0.0
陞,15,陞,unihan:identity,170,7,17.0.0
陟,15,陟,unihan:identity,170,7,17.0.0
陡,15,陡,unihan:identity,170,7,17.0.0
院,15,院,unihan:identity,170,7,17.0.0
除,15,除,unihan:identity,170,7,17.0.0
陧,17,隉,unihan:kTraditionalVariant[17.0.0],170,9,17.0.0
陨,18,隕,char-table:preferred-traditional+unihan:kTraditionalVariant,170,10,17.0.0
险,21,險,char-table:preferred-traditional+unihan:kTraditionalVariant,170,13,17.0.0
陪,16,陪,unihan:identity,170,8,17.0.0
陬,16,陬,unihan:identity,170,8,17.0.0
陲,16,陲,unihan:identity,170,8,17.0.0
陴,16,陴,unihan:identity,170,8,17.0.0
陵,16,陵,unihan:identity,170,8,17.0.0
陶,16,陶,unihan:identity,170,8,17.0.0
陷,16,陷,unihan:identity,170,8,17.0.0
隃,17,隃,unihan:identity,170,9,17.0.0
隅,17,隅,unihan:identity,170,9,17.0.0
隆,17,隆,unihan:identity,170,9,17.0.0
隈,17,隈,unihan:identity,170,9,17.0.0
隋,17,隋,unihan:identity,170,9,17.0.0
隍,17,隍,unihan:identity,170,9,17.0.0
随,21,隨,char-table:preferred-traditional+unihan:kTraditionalVariant,170,13,17.0.0
隐,22,隱,char-table:preferred-traditional+unihan:kTraditionalVariant,170,14,17.0.0
隔,18,隔,unihan:identity,170,10,17.0.0
隗,18,隗,unihan:identity,170,10,17.0.0
隘,18,隘,unihan:identity,170,10,17.0.0
隙,18,隙,unihan:identity,170,10,17.0.0
障,19,障,unihan:identity,170,11,17.0.0
隧,21,隧,unihan:identity,170,13,17.0.0
隩,21,隩,unihan:identity,170,13,17.0.0
隰,22,隰,unihan:identity,170,14,17.0.0
隳,23,隳,unihan:identity,170,15,17.0.0
隶,17,隸,char-table:preferred-traditional+unihan:kTraditionalVariant,171,9,17.0.0
隹,8,隹,unihan:identity,172,0,17.0.0
隺,10,隺,unihan:identity,172,2,17.0.0
隼,10,隼,unihan:identity,172,2,17.0.0
隽,13,雋,unihan:kTraditionalVariant[17.0.0],172,5,17.0.0
难,19,難,char-table:preferred-traditional+unihan:kTraditionalVariant,172,11,17.0.0
雀,11,雀,unihan:identity,172,3,17.0.0
雁,12,雁,unihan:identity,172,4,17.0.0
雄,12,雄,unihan:identity,172,4,17.0.0
雅,12,雅,unihan:identity,172,4,17.0.0
集,12,集,unihan:identity,172,4,17.0.0
雇,12,雇,unihan:identity,172,4,17.0.0
雉,13,雉,unihan:identity,172,5,17.0.0
雊,13,雊,unihan:identity,172,5,17.0.0
雌,13,雌,unihan:identity,172,5,17.0.0
雍,13,雍,unihan:identity,172,5,17.0.0
雎,13,雎,unihan:identity,172,5,17.0.0
雏,18,雛,char-table:preferred-traditional+unihan:kTraditionalVariant,172,10,17.0.0
雒,14,雒,unihan:identity,172,6,17.0.0
雕,16,雕,unihan:identity,172,8,17.0.0
雠,23,讎,char-table:preferred-traditional+unihan:kTraditionalVariant,149,16,17.0.0
雨,8,雨,unihan:identity,173,0,17.0.0
雩,11,雩,unihan:identity,173,3,17.0.0
雪,11,雪,unihan:identity,173,3,17.0.0
雯,12,雯,unihan:identity,173,4,17.0.0
雱,12,雱,unihan:identity,173,4,17.0.0
雳,24,靂,char-table:preferred-traditional+unihan:kTraditionalVariant,173,16,17.0.0
零,13,零,unihan:identity,173,5,17.0.0
雷,13,雷,unihan:identity,173,5,17.0.0
雹,13,雹,unihan:identity,173,5,17.0.0
雾,19,霧,char-table:preferred-traditional+unihan:kTraditionalVariant,173,11,17.0.0
需,14,需,unihan:identity,173,6,17.0.0
霁,22,霽,char-table:preferred-traditional+unihan:kTraditionalVariant,173,14,17.0.0
霄,15,霄,unihan:identity,173,7,17.0.0
霅,15,霅,unihan:identity,173,7,17.0.0
霆,15,霆,unihan:identity,173,7,17.0.0
震,15,震,unihan:identity,173,7,17.0.0
霈,15,霈,unihan:identity,173,7,17.0.0
霉,23,黴,char-table:preferred-traditional+unihan:kTraditionalVariant,203,11,17.0.0
霍,16,霍,unihan:identity,173,8,17.0.0
霎,16,霎,unihan:identity,173,8,17.0.0
霏,16,霏,unihan:identity,173,8,17.0.0
霓,16,霓,unihan:identity,173,8,17.0.0
霖,16,霖,unihan:identity,173,8,17.0.0
霜,17,霜,unihan:identity,173,9,17.0.0
霞,17,霞,unihan:identity,173,9,17.0.0
霨,19,霨,unihan:identity,173,11,17.0.0
霪,19,霪,unihan:identity,173,11,17.0.0
霭,24,靄,char-table:preferred-traditional+unihan:kTraditionalVariant,173,16,17.0.0
霰,20,霰,unihan:identity,173,12,17.0.0
露,20,露,unihan:identity,173,12,17.0.0
霸,21,霸,unihan:identity,173,13,17.0.0
霹,21,霹,unihan:identity,173,13,17.0.0
霾,22,霾,unihan:identity,173,14,17.0.0
青,8,青,unihan:identity,174,0,17.0.0
靓,15,靚,char-table:preferred-traditional+unihan:kTraditionalVariant,174,7,17.0.0
靖,13,靖,unihan:identity,174,5,17.0.0
静,16,靜,char-table:preferred-traditional+unihan:kTraditionalVariant,174,8,17.0.0
靛,16,靛,unihan:identity,174,8,17.0.0
非,8,非,unihan:identity,175,0,17.0.0
靠,15,靠,unihan:identity,175,7,17.0.0
靡,19,靡,unihan:identity,175,11,17.0.0
面,20,麵,char-table:preferred-traditional+unihan:kTraditionalVariant,199,9,17.0.0
靥,23,靨,char-table:preferred-traditional+unihan:kTraditionalVariant,176,14,17.0.0
革,9,革,unihan:identity,177,0,17.0.0
靬,12,靬,unihan:identity,177,3,17.0.0
靰,12,靰,unihan:identity,177,3,17.0.0
靳,13,靳,unihan:identity,177,4,17.0.0
靴,13,靴,unihan:identity,177,4,17.0.0
靶,13,靶,unihan:identity,177,4,17.0.0
靸,13,靸,unihan:identity,177,4,17.0.0
靺,14,靺,unihan:identity,177,5,17.0.0
靼,14,靼,unihan:identity,177,5,17.0.0
靽,14,靽,unihan:identity,177,5,17.0.0
靿,14,靿,unihan:identity,177,5,17.0.0
鞁,14,鞁,unihan:identity,177,5,17.0.0
鞅,14,鞅,unihan:identity,177,5,17.0.0
鞋,15,鞋,unihan:identity,177,6,17.0.0
鞍,15,鞍,unihan:identity,177,6,17.0.0
鞑,22,韃,char-table:preferred-traditional+unihan:kTraditionalVariant,177,13,17.0.0
鞒,21,鞽,char-table:preferred-traditional+unihan:kTraditionalVariant,177,12,17.0.0
鞔,16,鞔,unihan:identity,177,7,17.0.0
鞘,16,鞘,unihan:identity,177,7,17.0.0
鞠,17,鞠,unihan:identity,177,8,17.0.0
鞡,17,鞡,unihan:identity,177,8,17.0.0
鞣,18,鞣,unihan:identity,177,9,17.0.0
鞧,18,鞧,unihan:identity,177,9,17.0.0
鞨,18,鞨,unihan:identity,177,9,17.0.0
鞫,18,鞫,unihan:identity,177,9,17.0.0
鞬,18,鞬,unihan:identity,177,9,17.0.0
鞭,18,鞭,unihan:identity,177,9,17.0.0
鞮,18,鞮,unihan:identity,177,9,17.0.0
鞯,26,韉,char-table:preferred-traditional+unihan:kTraditionalVariant,177,17,17.0.0
鞲,19,鞲,unihan:identity,177,10,17.0.0
鞳,19,鞳,unihan:identity,177,10,17.0.0
鞴,19,鞴,unihan:identity,177,10,17.0.0
韂,22,韂,unihan:identity,177,13,17.0.0
韦,9,韋,char-table:preferred-traditional+unihan:kTraditionalVariant,178,0,17.0.0
韧,12,韌,char-table:preferred-traditional+unihan:kTraditionalVariant,178,3,17.0.0
韨,14,韍,char-table:preferred-traditional+unihan:kTraditionalVariant,178,5,17.0.0
韩,17,韓,char-table:preferred-traditional+unihan:kTraditionalVariant,178,8,17.0.0
韪,18,韙,char-table:preferred-traditional+unihan:kTraditionalVariant,178,9,17.0.0
韫,19,韞,char-table:preferred-traditional+unihan:kTraditionalVariant,178,10,17.0.0
韬,19,韜,char-table:preferred-traditional+unihan:kTraditionalVariant,178,10,17.0.0
韭,9,韭,unihan:identity,179,0,17.0.0
音,9,音,unihan:identity,180,0,17.0.0
韵,19,韻,unihan:kTraditionalVariant[17.0.0],180,10,17.0.0
韶,14,韶,unihan:identity,180,5,17.0.0
页,9,頁,char-table:preferred-traditional+unihan:kTraditionalVariant,181,0,17.0.0
顶,11,頂,char-table:preferred-traditional+unihan:kTraditionalVariant,181,2,17.0.0
顷,11,頃,char-table:preferred-traditional+unihan:kTraditionalVariant,181,2,17.0.0
顸,12,頇,char-table:preferred-traditional+unihan:kTraditionalVariant,181,3,17.0.0
项,12,項,char-table:preferred-traditional+unihan:kTraditionalVariant,181,3,17.0.0
顺,12,順,char-table:preferred-traditional+unihan:kTraditionalVariant,181,3,17.0.0
须,12,須,char-table:preferred-traditional+unihan:kTraditionalVariant,181,3,17.0.0
顼,13,頊,char-table:preferred-traditional+unihan:kTraditionalVariant,181,4,17.0.0
顽,13,頑,char-table:preferred-traditional+unihan:kTraditionalVariant,181,4,17.0.0
顾,21,顧,char-table:preferred-traditional+unihan:kTraditionalVariant,181,12,17.0.0
顿,13,頓,char-table:preferred-traditional+unihan:kTraditionalVariant,181,4,17.0.0
颀,13,頎,char-table:preferred-traditional+unihan:kTraditionalVariant,181,4,17.0.0
颁,13,頒,char-table:preferred-traditional+unihan:kTraditionalVariant,181,4,17.0.0
颂,13,頌,char-table:preferred-traditional+unihan:kTraditionalVariant,181,4,17.0.0
颃,13,頏,char-table:preferred-traditional+unihan:kTraditionalVariant,181,4,17.0.0
预,13,預,char-table:preferred-traditional+unihan:kTraditionalVariant,181,4,17.0.0
颅,25,顱,char-table:preferred-traditional+unihan:kTraditionalVariant,181,16,17.0.0
领,14,領,char-table:preferred-traditional+unihan:kTraditionalVariant,181,5,17.0.0
颇,14,頗,char-table:preferred-traditional+unihan:kTraditionalVariant,181,5,17.0.0
颈,16,頸,char-table:preferred-traditional+unihan:kTraditionalVariant,181,7,17.0.0
颉,15,頡,char-table:preferred-traditional+unihan:kTraditionalVariant,181,6,17.0.0
颊,16,頰,char-table:preferred-traditional+unihan:kTraditionalVariant,181,7,17.0.0
颋,16,頲,char-table:preferred-traditional+unihan:kTraditionalVariant,181,7,17.0.0
颌,15,頜,char-table:preferred-traditional+unihan:kTraditionalVariant,181,6,17.0.0
颍,15,潁,char-table:preferred-traditional+unihan:kTraditionalVariant,85,11,17.0.0
颎,15,熲,char-table:preferred-traditional+unihan:kTraditionalVariant,86,11,17.0.0
颏,15,頦,char-table:preferred-traditional+unihan:kTraditionalVariant,181,6,17.0.0
颐,16,頤,char-table:preferred-traditional+unihan:kTraditionalVariant,181,7,17.0.0
频,16,頻,char-table:preferred-traditional+unihan:kTraditionalVariant,181,7,17.0.0
颓,16,頹,char-table:preferred-traditional+unihan:kTraditionalVariant,181,7,17.0.0
颔,16,頷,char-table:preferred-traditional+unihan:kTraditionalVariant,181,7,17.0.0
颖,16,穎,char-table:preferred-traditional+unihan:kTraditionalVariant,115,11,17.0.0
颗,17,顆,char-table:preferred-traditional+unihan:kTraditionalVariant,181,8,17.0.0
题,18,題,char-table:preferred-traditional+unihan:kTraditionalVariant,181,9,17.0.0
颙,18,顒,char-table:preferred-traditional+unihan:kTraditionalVariant,181,9,17.0.0
颚,18,顎,char-table:preferred-traditional+unihan:kTraditionalVariant,181,9,17.0.0
颛,18,顓,char-table:preferred-traditional+unihan:kTraditionalVariant,181,9,17.0.0
颜,18,顏,char-table:preferred-traditional+unihan:kTraditionalVariant,181,9,17.0.0
额,18,額,char-table:preferred-traditional+unihan:kTraditionalVariant,181,9,17.0.0
颞,27,顳,char-table:preferred-traditional+unihan:kTraditionalVariant,181,18,17.0.0
颟,20,顢,char-table:preferred-traditional+unihan:kTraditionalVariant,181,11,17.0.0
颠,19,顛,char-table:preferred-traditional+unihan:kTraditionalVariant,181,10,17.0.0
颡,19,顙,char-table:preferred-traditional+unihan:kTraditionalVariant,181,10,17.0.0
颢,21,顥,char-table:preferred-traditional+unihan:kTraditionalVariant,181,12,17.0.0
颤,22,顫,char-table:preferred-traditional+unihan:kTraditionalVariant,181,13,17.0.0
颥,23,顬,char-table:preferred-traditional+unihan:kTraditionalVariant,181,14,17.0.0
颦,24,顰,char-table:preferred-traditional+unihan:kTraditionalVariant,181,15,17.0.0
颧,27,顴,char-table:preferred-traditional+unihan:kTraditionalVariant,181,18,17.0.0
风,9,風,char-table:preferred-traditional+unihan:kTraditionalVariant,182,0,17.0.0
飏,18,颺,char-table:preferred-traditional+unihan:kTraditionalVariant,182,9,17.0.0
飐,14,颭,char-table:preferred-traditional+unihan:kTraditionalVariant,182,5,17.0.0
飑,14,颮,char-table:preferred-traditional+unihan:kTraditionalVariant,182,5,17.0.0
飒,14,颯,char-table:preferred-traditional+unihan:kTraditionalVariant,182,5,17.0.0
飓,17,颶,char-table:preferred-traditional+unihan:kTraditionalVariant,182,8,17.0.0
飔,18,颸,char-table:preferred-traditional+unihan:kTraditionalVariant,182,9,17.0.0
飕,19,颼,char-table:preferred-traditional+unihan:kTraditionalVariant,182,10,17.0.0
飗,19,飀,char-table:preferred-traditional+unihan:kTraditionalVariant,182,10,17.0.0
飘,20,飄,char-table:preferred-traditional+unihan:kTraditionalVariant,182,11,17.0.0
飙,21,飆,char-table:preferred-traditional+unihan:kTraditionalVariant,182,12,17.0.0
飞,9,飛,char-table:preferred-traditional+unihan:kTraditionalVariant,183,0,17.0.0
食,9,食,unihan:identity,184,0,17.0.0
飧,12,飧,unihan:identity,184,3,17.0.0
飨,22,饗,char-table:preferred-traditional+unihan:kTraditionalVariant,184,13,17.0.0
餍,23,饜,char-table:preferred-traditional+unihan:kTraditionalVariant,184,14,17.0.0
餐,16,餐,unihan:identity,184,7,17.0.0
餮,18,餮,unihan:identity,184,9,17.0.0
饔,22,饔,unihan:identity,184,13,17.0.0
饕,22,饕,unihan:identity,184,13,17.0.0
饥,11,飢,char-table:preferred-traditional+unihan:kTraditionalVariant,184,2,17.0.0
饧,18,餳,char-table:preferred-traditional+unihan:kTraditionalVariant,184,9,17.0.0
饨,13,飩,char-table:preferred-traditional+unihan:kTraditionalVariant,184,4,17.0.0
饩,19,餼,char-table:preferred-traditional+unihan:kTraditionalVariant,184,10,17.0.0
饪,13,飪,char-table:preferred-traditional+unihan:kTraditionalVariant,184,4,17.0.0
饫,13,飫,char-table:preferred-traditional+unihan:kTraditionalVariant,184,4,17.0.0
饬,13,飭,char-table:preferred-traditional+unihan:kTraditionalVariant,184,4,17.0.0
饭,13,飯,char-table:preferred-traditional+unihan:kTraditionalVariant,184,4,17.0.0
饮,13,飲,char-table:preferred-traditional+unihan:kTraditionalVariant,184,4,17.0.0
饯,17,餞,char-table:preferred-traditional+unihan:kTraditionalVariant,184,8,17.0.0
饰,14,飾,char-table:preferred-traditional+unihan:kTraditionalVariant,184,5,17.0.0
饱,14,飽,char-table:preferred-traditional+unihan:kTraditionalVariant,184,5,17.0.0
饲,14,飼,char-table:preferred-traditional+unihan:kTraditionalVariant,184,5,17.0.0
饳,14,飿,char-table:preferred-traditional+unihan:kTraditionalVariant,184,5,17.0.0
饴,14,飴,char-table:preferred-traditional+unihan:kTraditionalVariant,184,5,17.0.0
饵,15,餌,char-table:preferred-traditional+unihan:kTraditionalVariant,184,6,17.0.0
饶,21,饒,char-table:preferred-traditional+unihan:kTraditionalVariant,184,12,17.0.0
饷,15,餉,char-table:preferred-traditional+unihan:kTraditionalVariant,184,6,17.0.0
饸,15,餄,char-table:preferred-traditional+unihan:kTraditionalVariant,184,6,17.0.0
饹,15,餎,char-table:preferred-traditional+unihan:kTraditionalVariant,184,6,17.0.0
饺,15,餃,char-table:preferred-traditional+unihan:kTraditionalVariant,184,6,17.0.0
饻,15,餏,unihan:kTraditionalVariant[17.0.0],184,6,17.0.0
饼,15,餅,char-table:preferred-traditional+unihan:kTraditionalVariant,184,6,17.0.0
饽,16,餑,char-table:preferred-traditional+unihan:kTraditionalVariant,184,7,17.0.0
饿,16,餓,char-table:preferred-traditional+unihan:kTraditionalVariant,184,7,17.0.0
馁,16,餒,char-table:preferred-traditional+unihan:kTraditionalVariant,184,7,17.0.0
馃,17,餜,char-table:preferred-traditional+unihan:kTraditionalVariant,184,8,17.0.0
馄,17,餛,char-table:preferred-traditional+unihan:kTraditionalVariant,184,8,17.0.0
馅,17,餡,char-table:preferred-traditional+unihan:kTraditionalVariant,184,8,17.0.0
馆,17,館,char-table:preferred-traditional+unihan:kTraditionalVariant,184,8,17.0.0
馇,18,餷,char-table:preferred-traditional+unihan:kTraditionalVariant,184,9,17.0.0
馈,21,饋,char-table:preferred-traditional+unihan:kTraditionalVariant,184,12,17.0.0
馉,19,餶,char-table:preferred-traditional+unihan:kTraditionalVariant,184,10,17.0.0
馊,19,餿,char-table:preferred-traditional+unihan:kTraditionalVariant,184,10,17.0.0
馋,26,饞,char-table:preferred-traditional+unihan:kTraditionalVariant,184,17,17.0.0
馌,19,饁,char-table:preferred-traditional+unihan:kTraditionalVariant,184,10,17.0.0
馍,20,饃,char-table:preferred-traditional+unihan:kTraditionalVariant,184,11,17.0.0
馏,19,餾,char-table:preferred-traditional+unihan:kTraditionalVariant,184,10,17.0.0
馐,20,饈,char-table:preferred-traditional+unihan:kTraditionalVariant,184,11,17.0.0
馑,20,饉,char-table:preferred-traditional+unihan:kTraditionalVariant,184,11,17.0.0
馒,20,饅,char-table:preferred-traditional+unihan:kTraditionalVariant,184,11,17.0.0
馓,21,饊,char-table:preferred-traditional+unihan:kTraditionalVariant,184,12,17.0.0
馔,21,饌,char-table:preferred-traditional+unihan:kTraditionalVariant,184,12,17.0.0
馕,31,饢,char-table:preferred-traditional+unihan:kTraditionalVariant,184,22,17.0.0
首,9,首,unihan:identity,185,0,17.0.0
馗,11,馗,unihan:identity,185,2,17.0.0
馘,17,馘,unihan:identity,185,8,17.0.0
香,9,香,unihan:identity,186,0,17.0.0
馝,14,馝,unihan:identity,186,5,17.0.0
馞,16,馞,unihan:identity,186,7,17.0.0
馥,18,馥,unihan:identity,186,9,17.0.0
馧,19,馧,unihan:identity,186,10,17.0.0
馨,20,馨,unihan:identity,186,11,17.0.0
马,10,馬,char-table:preferred-traditional+unihan:kTraditionalVariant,187,0,17.0.0
驭,12,馭,char-table:preferred-traditional+unihan:kTraditionalVariant,187,2,17.0.0
驮,13,馱,char-table:preferred-traditional+unihan:kTraditionalVariant,187,3,17.0.0
驯,13,馴,char-table:preferred-traditional+unihan:kTraditionalVariant,187,3,17.0.0
驰,13,馳,char-table:preferred-traditional+unihan:kTraditionalVariant,187,3,17.0.0
驱,21,驅,char-table:preferred-traditional+unihan:kTraditionalVariant,187,11,17.0.0
驲,14,馹,char-table:preferred-traditional+unihan:kTraditionalVariant,187,4,17.0.0
驳,14,駁,char-table:preferred-traditional+unihan:kTraditionalVariant,187,4,17.0.0
驴,26,驢,char-table:preferred-traditional+unihan:kTraditionalVariant,187,16,17.0.0
驵,15,駔,char-table:preferred-traditional+unihan:kTraditionalVariant,187,5,17.0.0
驶,15,駛,char-table:preferred-traditional+unihan:kTraditionalVariant,187,5,17.0.0
驷,15,駟,char-table:preferred-traditional+unihan:kTraditionalVariant,187,5,17.0.0
驸,15,駙,char-table:preferred-traditional+unihan:kTraditionalVariant,187,5,17.0.0
驹,15,駒,char-table:preferred-traditional+unihan:kTraditionalVariant,187,5,17.0.0
驺,20,騶,char-table:preferred-traditional+unihan:kTraditionalVariant,187,10,17.0.0
驻,15,駐,char-table:preferred-traditional+unihan:kTraditionalVariant,187,5,17.0.0
驼,15,駝,char-table:preferred-traditional+unihan:kTraditionalVariant,187,5,17.0.0
驽,15,駑,char-table:preferred-traditional+unihan:kTraditionalVariant,187,5,17.0.0
驾,15,駕,char-table:preferred-traditional+unihan:kTraditionalVariant,187,5,17.0.0
驿,23,驛,char-table:preferred-traditional+unihan:kTraditionalVariant,187,13,17.0.0
骀,15,駘,char-table:preferred-traditional+unihan:kTraditionalVariant,187,5,17.0.0
骁,22,驍,char-table:preferred-traditional+unihan:kTraditionalVariant,187,12,17.0.0
骂,16,駡,char-table:preferred-traditional+unihan:kTraditionalVariant,187,6,17.0.0
骃,16,駰,char-table:preferred-traditional+unihan:kTraditionalVariant,187,6,17.0.0
骄,22,驕,char-table:preferred-traditional+unihan:kTraditionalVariant,187,12,17.0.0
骅,22,驊,char-table:preferred-traditional+unihan:kTraditionalVariant,187,12,17.0.0
骆,16,駱,char-table:preferred-traditional+unihan:kTraditionalVariant,187,6,17.0.0
骇,16,駭,char-table:preferred-traditional+unihan:kTraditionalVariant,187,6,17.0.0
骈,16,駢,char-table:preferred-traditional+unihan:kTraditionalVariant,187,6,17.0.0
骉,30,驫,char-table:preferred-traditional+unihan:kTraditionalVariant,187,20,17.0.0
骊,29,驪,char-table:preferred-traditional+unihan:kTraditionalVariant,187,19,17.0.0
骋,17,騁,char-table:preferred-traditional+unihan:kTraditionalVariant,187,7,17.0.0
验,23,驗,char-table:preferred-traditional+unihan:kTraditionalVariant,187,13,17.0.0
骍,17,騂,char-table:preferred-traditional+unihan:kTraditionalVariant,187,7,17.0.0
骎,17,駸,char-table:preferred-traditional+unihan:kTraditionalVariant,187,7,17.0.0
骏,17,駿,char-table:preferred-traditional+unihan:kTraditionalVariant,187,7,17.0.0
骐,18,騏,char-table:preferred-traditional+unihan:kTraditionalVariant,187,8,17.0.0
骑,18,騎,char-table:preferred-traditional+unihan:kTraditionalVariant,187,8,17.0.0
骒,18,騍,char-table:preferred-traditional+unihan:kTraditionalVariant,187,8,17.0.0
骓,18,騅,char-table:preferred-traditional+unihan:kTraditionalVariant,187,8,17.0.0
骕,22,驌,char-table:preferred-traditional+unihan:kTraditionalVariant,187,12,17.0.0
骖,21,驂,char-table:preferred-traditional+unihan:kTraditionalVariant,187,11,17.0.0
骗,19,騙,char-table:preferred-traditional+unihan:kTraditionalVariant,187,9,17.0.0
骘,20,騭,char-table:preferred-traditional+unihan:kTraditionalVariant,187,10,17.0.0
骙,19,騤,char-table:preferred-traditional+unihan:kTraditionalVariant,187,9,17.0.0
骚,20,騷,char-table:preferred-traditional+unihan:kTraditionalVariant,187,10,17.0.0
骛,19,騖,char-table:preferred-traditional+unihan:kTraditionalVariant,187,9,17.0.0
骜,21,驁,char-table:preferred-traditional+unihan:kTraditionalVariant,187,11,17.0.0
骝,20,騮,char-table:preferred-traditional+unihan:kTraditionalVariant,187,10,17.0.0
骞,20,騫,char-table:preferred-traditional+unihan:kTraditionalVariant,187,10,17.0.0
骟,20,騸,char-table:preferred-traditional+unihan:kTraditionalVariant,187,10,17.0.0
骠,21,驃,char-table:preferred-traditional+unihan:kTraditionalVariant,187,11,17.0.0
骡,21,騾,char-table:preferred-traditional+unihan:kTraditionalVariant,187,11,17.0.0
骢,21,驄,char-table:preferred-traditional+unihan:kTraditionalVariant,187,11,17.0.0
骣,22,驏,char-table:preferred-traditional+unihan:kTraditionalVariant,187,12,17.0.0
骤,24,驟,char-table:preferred-traditional+unihan:kTraditionalVariant,187,14,17.0.0
骥,27,驥,char-table:preferred-traditional+unihan:kTraditionalVariant,187,17,17.0.0
骦,27,驦,char-table:preferred-traditional+unihan:kTraditionalVariant,187,17,17.0.0
骧,27,驤,char-table:preferred-traditional+unihan:kTraditionalVariant,187,17,17.0.0
骨,10,骨,unihan:identity,188,0,17.0.0
骰,14,骰,unihan:identity,188,4,17.0.0
骱,14,骱,unihan:identity,188,4,17.0.0
骶,15,骶,unihan:identity,188,5,17.0.0
骷,15,骷,unihan:identity,188,5,17.0.0
骸,16,骸,unihan:identity,188,6,17.0.0
骺,16,骺,unihan:identity,188,6,17.0.0
骼,16,骼,unihan:identity,188,6,17.0.0
髀,18,髀,unihan:identity,188,8,17.0.0
髁,18,髁,unihan:identity,188,8,17.0.0
髂,19,髂,unihan:identity,188,9,17.0.0
髃,19,髃,unihan:identity,188,9,17.0.0
髅,21,髏,char-table:preferred-traditional+unihan:kTraditionalVariant,188,11,17.0.0
髋,25,髖,char-table:preferred-traditional+unihan:kTraditionalVariant,188,15,17.0.0
髌,24,髕,char-table:preferred-traditional+unihan:kTraditionalVariant,188,14,17.0.0
髎,21,髎,unihan:identity,188,11,17.0.0
髑,23,髑,unihan:identity,188,13,17.0.0
髓,23,髓,unihan:identity,188,13,17.0.0
高,10,高,unihan:identity,189,0,17.0.0
髡,13,髡,unihan:identity,190,3,17.0.0
髢,13,髢,unihan:identity,190,3,17.0.0
髦,14,髦,unihan:identity,190,4,17.0.0
髫,15,髫,unihan:identity,190,5,17.0.0
髭,15,髭,unihan:identity,190,5,17.0.0
髯,15,髯,unihan:identity,190,5,17.0.0
髹,16,髹,unihan:identity,190,6,17.0.0
髻,16,髻,unihan:identity,190,6,17.0.0
髽,17,髽,unihan:identity,190,7,17.0.0
鬃,18,鬃,unihan:identity,190,8,17.0.0
鬈,18,鬈,unihan:identity,190,8,17.0.0
鬏,19,鬏,unihan:identity,190,9,17.0.0
鬒,20,鬒,unihan:identity,190,10,17.0.0
鬓,24,鬢,char-table:preferred-traditional+unihan:kTraditionalVariant,190,14,17.0.0
鬘,21,鬘,unihan:identity,190,11,17.0.0
鬟,23,鬟,unihan:identity,190,13,17.0.0
鬣,25,鬣,unihan:identity,190,15,17.0.0
鬯,10,鬯,unihan:identity,192,0,17.0.0
鬲,10,鬲,unihan:identity,193,0,17.0.0
鬶,21,鬹,char-table:preferred-traditional+unihan:kTraditionalVariant,193,11,17.0.0
鬷,19,鬷,unihan:identity,193,9,17.0.0
鬻,22,鬻,unihan:identity,193,12,17.0.0
鬼,10,鬼,unihan:identity,194,0,17.0.0
魁,14,魁,unihan:identity,194,4,17.0.0
魂,14,魂,unihan:identity,194,4,17.0.0
魃,15,魃,unihan:identity,194,5,17.0.0
魄,15,魄,unihan:identity,194,5,17.0.0
魅,15,魅,unihan:identity,194,5,17.0.0
魆,15,魆,unihan:identity,194,5,17.0.0
魇,24,魘,char-table:preferred-traditional+unihan:kTraditionalVariant,194,14,17.0.0
魈,17,魈,unihan:identity,194,7,17.0.0
魉,18,魎,char-table:preferred-traditional+unihan:kTraditionalVariant,194,8,17.0.0
魋,18,魋,unihan:identity,194,8,17.0.0
魍,18,魍,unihan:identity,194,8,17.0.0
魏,18,魏,unihan:identity,194,8,17.0.0
魑,21,魑,unihan:identity,194,11,17.0.0
魔,21,魔,unihan:identity,194,11,17.0.0
鱼,11,魚,char-table:preferred-traditional+unihan:kTraditionalVariant,195,0,17.0.0
鱽,13,魛,char-table:preferred-traditional+unihan:kTraditionalVariant,195,2,17.0.0
鱾,14,魢,char-table:preferred-traditional+unihan:kTraditionalVariant,195,3,17.0.0
鱿,15,魷,char-table:preferred-traditional+unihan:kTraditionalVariant,195,4,17.0.0
鲀,15,魨,char-table:preferred-traditional+unihan:kTraditionalVariant,195,4,17.0.0
鲁,15,魯,char-table:preferred-traditional+unihan:kTraditionalVariant,195,4,17.0.0
鲂,15,魴,char-table:preferred-traditional+unihan:kTraditionalVariant,195,4,17.0.0
鲃,15,䰾,char-table:preferred-traditional+unihan:kTraditionalVariant,195,4,17.0.0
鲅,16,鮁,char-table:preferred-traditional+unihan:kTraditionalVariant,195,5,17.0.0
鲆,16,鮃,char-table:preferred-traditional+unihan:kTraditionalVariant,195,5,17.0.0
鲇,16,鮎,char-table:preferred-traditional+unihan:kTraditionalVariant,195,5,17.0.0
鲈,27,鱸,char-table:preferred-traditional+unihan:kTraditionalVariant,195,16,17.0.0
鲉,16,鮋,char-table:preferred-traditional+unihan:kTraditionalVariant,195,5,17.0.0
鲊,16,鮓,char-table:preferred-traditional+unihan:kTraditionalVariant,195,5,17.0.0
鲋,16,鮒,char-table:preferred-traditional+unihan:kTraditionalVariant,195,5,17.0.0
鲌,16,鮊,char-table:preferred-traditional+unihan:kTraditionalVariant,195,5,17.0.0
鲍,16,鮑,char-table:preferred-traditional+unihan:kTraditionalVariant,195,5,17.0.0
鲎,24,鱟,char-table:preferred-traditional+unihan:kTraditionalVariant,195,13,17.0.0
鲏,16,鮍,char-table:preferred-traditional+unihan:kTraditionalVariant,195,5,17.0.0
鲐,16,鮐,char-table:preferred-traditional+unihan:kTraditionalVariant,195,5,17.0.0
鲑,17,鮭,char-table:preferred-traditional+unihan:kTraditionalVariant,195,6,17.0.0
鲒,17,鮚,char-table:preferred-traditional+unihan:kTraditionalVariant,195,6,17.0.0
鲔,17,鮪,char-table:preferred-traditional+unihan:kTraditionalVariant,195,6,17.0.0
鲕,17,鮞,char-table:preferred-traditional+unihan:kTraditionalVariant,195,6,17.0.0
鲖,17,鮦,unihan:kTraditionalVariant[17.0.0],195,6,17.0.0
鲗,20,鰂,char-table:preferred-traditional+unihan:kTraditionalVariant,195,9,17.0.0
鲘,17,鮜,char-table:preferred-traditional+unihan:kTraditionalVariant,195,6,17.0.0
鲙,24,鱠,char-table:preferred-traditional+unihan:kTraditionalVariant,195,13,17.0.0
鲚,25,鱭,char-table:preferred-traditional+unihan:kTraditionalVariant,195,14,17.0.0
鲛,17,鮫,char-table:preferred-traditional+unihan:kTraditionalVariant,195,6,17.0.0
鲜,17,鮮,char-table:preferred-traditional+unihan:kTraditionalVariant,195,6,17.0.0
鲝,17,鮺,char-table:preferred-traditional+unihan:kTraditionalVariant,195,6,17.0.0
鲞,19,鯗,char-table:preferred-traditional+unihan:kTraditionalVariant,195,8,17.0.0
鲟,23,鱘,char-table:preferred-traditional+unihan:kTraditionalVariant,195,12,17.0.0
鲠,18,鯁,char-table:preferred-traditional+unihan:kTraditionalVariant,195,7,17.0.0
鲡,30,鱺,char-table:preferred-traditional+unihan:kTraditionalVariant,195,19,17.0.0
鲢,22,鰱,char-table:preferred-traditional+unihan:kTraditionalVariant,195,11,17.0.0
鲣,22,鰹,char-table:preferred-traditional+unihan:kTraditionalVariant,195,11,17.0.0
鲤,18,鯉,char-table:preferred-traditional+unihan:kTraditionalVariant,195,7,17.0.0
鲥,21,鰣,char-table:preferred-traditional+unihan:kTraditionalVariant,195,10,17.0.0
鲦,22,鰷,char-table:preferred-traditional+unihan:kTraditionalVariant,195,11,17.0.0
鲧,18,鯀,char-table:preferred-traditional+unihan:kTraditionalVariant,195,7,17.0.0
鲨,18,鯊,char-table:preferred-traditional+unihan:kTraditionalVariant,195,7,17.0.0
鲩,18,鯇,char-table:preferred-traditional+unihan:kTraditionalVariant,195,7,17.0.0
鲪,18,鮶,char-table:preferred-traditional+unihan:kTraditionalVariant,195,7,17.0.0
鲫,18,鯽,char-table:preferred-traditional+unihan:kTraditionalVariant,195,7,17.0.0
鲬,18,鯒,char-table:preferred-traditional+unihan:kTraditionalVariant,195,7,17.0.0
鲭,19,鯖,char-table:preferred-traditional+unihan:kTraditionalVariant,195,8,17.0.0
鲮,19,鯪,char-table:preferred-traditional+unihan:kTraditionalVariant,195,8,17.0.0
鲯,19,鯕,char-table:preferred-traditional+unihan:kTraditionalVariant,195,8,17.0.0
鲰,19,鯫,char-table:preferred-traditional+unihan:kTraditionalVariant,195,8,17.0.0
鲱,19,鯡,unihan:kTraditionalVariant[17.0.0],195,8,17.0.0
鲲,19,鯤,char-table:preferred-traditional+unihan:kTraditionalVariant,195,8,17.0.0
鲳,19,鯧,char-table:preferred-traditional+unihan:kTraditionalVariant,195,8,17.0.0
鲴,19,鯝,char-table:preferred-traditional+unihan:kTraditionalVariant,195,8,17.0.0
鲵,19,鯢,char-table:preferred-traditional+unihan:kTraditionalVariant,195,8,17.0.0
鲷,19,鯛,char-table:preferred-traditional+unihan:kTraditionalVariant,195,8,17.0.0
鲸,19,鯨,char-table:preferred-traditional+unihan:kTraditionalVariant,195,8,17.0.0
鲹,22,鰺,unihan:kTraditionalVariant[17.0.0],195,11,17.0.0
鲺,19,鯴,char-table:preferred-traditional+unihan:kTraditionalVariant,195,8,17.0.0
鲻,19,鯔,char-table:preferred-traditional+unihan:kTraditionalVariant,195,8,17.0.0
鲼,24,鱝,char-table:preferred-traditional+unihan:kTraditionalVariant,195,13,17.0.0
鲽,20,鰈,char-table:preferred-traditional+unihan:kTraditionalVariant,195,9,17.0.0
鲾,20,鰏,char-table:preferred-traditional+unihan:kTraditionalVariant,195,9,17.0.0
鲿,25,鱨,char-table:preferred-traditional+unihan:kTraditionalVariant,195,14,17.0.0
鳀,20,鯷,char-table:preferred-traditional+unihan:kTraditionalVariant,195,9,17.0.0
鳁,20,鰛,char-table:preferred-traditional+unihan:kTraditionalVariant,195,9,17.0.0
鳂,20,鰃,char-table:preferred-traditional+unihan:kTraditionalVariant,195,9,17.0.0
鳃,20,鰓,char-table:preferred-traditional+unihan:kTraditionalVariant,195,9,17.0.0
鳄,20,鰐,char-table:preferred-traditional+unihan:kTraditionalVariant,195,9,17.0.0
鳅,20,鰍,char-table:preferred-traditional+unihan:kTraditionalVariant,195,9,17.0.0
鳇,20,鰉,char-table:preferred-traditional+unihan:kTraditionalVariant,195,9,17.0.0
鳈,20,鰁,char-table:preferred-traditional+unihan:kTraditionalVariant,195,9,17.0.0
鳉,22,鱂,char-table:preferred-traditional+unihan:kTraditionalVariant,195,11,17.0.0
鳊,20,鯿,char-table:preferred-traditional+unihan:kTraditionalVariant,195,9,17.0.0
鳌,22,鰲,char-table:preferred-traditional+unihan:kTraditionalVariant,195,11,17.0.0
鳍,21,鰭,char-table:preferred-traditional+unihan:kTraditionalVariant,195,10,17.0.0
鳎,21,鰨,char-table:preferred-traditional+unihan:kTraditionalVariant,195,10,17.0.0
鳏,21,鰥,char-table:preferred-traditional+unihan:kTraditionalVariant,195,10,17.0.0
鳐,21,鰩,char-table:preferred-traditional+unihan:kTraditionalVariant,195,10,17.0.0
鳑,21,鰟,char-table:preferred-traditional+unihan:kTraditionalVariant,195,10,17.0.0
鳒,21,鰜,char-table:preferred-traditional+unihan:kTraditionalVariant,195,10,17.0.0
鳓,22,鰳,char-table:preferred-traditional+unihan:kTraditionalVariant,195,11,17.0.0
鳔,22,鰾,char-table:preferred-traditional+unihan:kTraditionalVariant,195,11,17.0.0
鳕,22,鱈,char-table:preferred-traditional+unihan:kTraditionalVariant,195,11,17.0.0
鳖,23,鱉,char-table:preferred-traditional+unihan:kTraditionalVariant,195,12,17.0.0
鳗,22,鰻,char-table:preferred-traditional+unihan:kTraditionalVariant,195,11,17.0.0
鳘,22,鰵,char-table:preferred-traditional+unihan:kTraditionalVariant,195,11,17.0.0
鳙,22,鱅,char-table:preferred-traditional+unihan:kTraditionalVariant,195,11,17.0.0
鳚,22,䲁,unihan:kTraditionalVariant[17.0.0],195,11,17.0.0
鳛,22,鰼,char-table:preferred-traditional+unihan:kTraditionalVariant,195,11,17.0.0
鳜,23,鱖,char-table:preferred-traditional+unihan:kTraditionalVariant,195,12,17.0.0
鳝,23,鱔,char-table:preferred-traditional+unihan:kTraditionalVariant,195,12,17.0.0
鳞,23,鱗,char-table:preferred-traditional+unihan:kTraditionalVariant,195,12,17.0.0
鳟,23,鱒,char-table:preferred-traditional+unihan:kTraditionalVariant,195,12,17.0.0
鳠,25,鱯,char-table:preferred-traditional+unihan:kTraditionalVariant,195,14,17.0.0
鳡,24,鱤,char-table:preferred-traditional+unihan:kTraditionalVariant,195,13,17.0.0
鳢,24,鱧,char-table:preferred-traditional+unihan:kTraditionalVariant,195,13,17.0.0
鳣,24,鱣,unihan:kTraditionalVariant[17.0.0],195,13,17.0.0
鳤,25,䲘,unihan:kTraditionalVariant[17.0.0],195,14,17.0.0
鸟,11,鳥,char-table:preferred-traditional+unihan:kTraditionalVariant,196,0,17.0.0
鸠,13,鳩,char-table:preferred-traditional+unihan:kTraditionalVariant,196,2,17.0.0
鸡,21,鷄,char-table:preferred-traditional+unihan:kTraditionalVariant,196,10,17.0.0
鸢,14,鳶,char-table:preferred-traditional+unihan:kTraditionalVariant,196,3,17.0.0
鸣,14,鳴,char-table:preferred-traditional+unihan:kTraditionalVariant,196,3,17.0.0
鸤,14,鳲,char-table:preferred-traditional+unihan:kTraditionalVariant,196,3,17.0.0
鸥,22,鷗,char-table:preferred-traditional+unihan:kTraditionalVariant,196,11,17.0.0
鸦,15,鴉,char-table:preferred-traditional+unihan:kTraditionalVariant,196,4,17.0.0
鸧,21,鶬,char-table:preferred-traditional+unihan:kTraditionalVariant,196,10,17.0.0
鸨,15,鴇,char-table:preferred-traditional+unihan:kTraditionalVariant,196,4,17.0.0
鸩,15,鴆,char-table:preferred-traditional+unihan:kTraditionalVariant,196,4,17.0.0
鸪,16,鴣,char-table:preferred-traditional+unihan:kTraditionalVariant,196,5,17.0.0
鸫,19,鶇,char-table:preferred-traditional+unihan:kTraditionalVariant,196,8,17.0.0
鸬,27,鸕,char-table:preferred-traditional+unihan:kTraditionalVariant,196,16,17.0.0
鸭,16,鴨,char-table:preferred-traditional+unihan:kTraditionalVariant,196,5,17.0.0
鸮,16,鴞,char-table:preferred-traditional+unihan:kTraditionalVariant,196,5,17.0.0
鸯,16,鴦,char-table:preferred-traditional+unihan:kTraditionalVariant,196,5,17.0.0
鸰,16,鴒,char-table:preferred-traditional+unihan:kTraditionalVariant,196,5,17.0.0
鸱,16,鴟,char-table:preferred-traditional+unihan:kTraditionalVariant,196,5,17.0.0
鸲,16,鴝,char-table:preferred-traditional+unihan:kTraditionalVariant,196,5,17.0.0
鸳,16,鴛,char-table:preferred-traditional+unihan:kTraditionalVariant,196,5,17.0.0
鸵,16,鴕,unihan:kTraditionalVariant[17.0.0],196,5,17.0.0
鸶,23,鷥,char-table:preferred-traditional+unihan:kTraditionalVariant,196,12,17.0.0
鸷,22,鷙,char-table:preferred-traditional+unihan:kTraditionalVariant,196,11,17.0.0
鸸,17,鴯,char-table:preferred-traditional+unihan:kTraditionalVariant,196,6,17.0.0
鸹,17,鴰,char-table:preferred-traditional+unihan:kTraditionalVariant,196,6,17.0.0
鸺,17,鵂,char-table:preferred-traditional+unihan:kTraditionalVariant,196,6,17.0.0
鸻,17,鴴,char-table:preferred-traditional+unihan:kTraditionalVariant,196,6,17.0.0
鸼,17,鵃,char-table:preferred-traditional+unihan:kTraditionalVariant,196,6,17.0.0
鸽,17,鴿,char-table:preferred-traditional+unihan:kTraditionalVariant,196,6,17.0.0
鸾,30,鸞,char-table:preferred-traditional+unihan:kTraditionalVariant,196,19,17.0.0
鸿,17,鴻,char-table:preferred-traditional+unihan:kTraditionalVariant,196,6,17.0.0
鹀,18,鵐,char-table:preferred-traditional+unihan:kTraditionalVariant,196,7,17.0.0
鹁,18,鵓,char-table:preferred-traditional+unihan:kTraditionalVariant,196,7,17.0.0
鹂,30,鸝,char-table:preferred-traditional+unihan:kTraditionalVariant,196,19,17.0.0
鹃,18,鵑,char-table:preferred-traditional+unihan:kTraditionalVariant,196,7,17.0.0
鹄,18,鵠,char-table:preferred-traditional+unihan:kTraditionalVariant,196,7,17.0.0
鹅,18,鵝,char-table:preferred-traditional+unihan:kTraditionalVariant,196,7,17.0.0
鹆,18,鵒,char-table:preferred-traditional+unihan:kTraditionalVariant,196,7,17.0.0
鹇,23,鷳,char-table:preferred-traditional+unihan:kTraditionalVariant,196,12,17.0.0
鹈,18,鵜,char-table:preferred-traditional+unihan:kTraditionalVariant,196,7,17.0.0
鹉,18,鵡,char-table:preferred-traditional+unihan:kTraditionalVariant,196,7,17.0.0
鹊,19,鵲,char-table:preferred-traditional+unihan:kTraditionalVariant,196,8,17.0.0
鹋,20,鶓,char-table:preferred-traditional+unihan:kTraditionalVariant,196,9,17.0.0
鹌,19,鵪,char-table:preferred-traditional+unihan:kTraditionalVariant,196,8,17.0.0
鹍,19,鵾,char-table:preferred-traditional+unihan:kTraditionalVariant,196,8,17.0.0
鹎,19,鵯,char-table:preferred-traditional+unihan:kTraditionalVariant,196,8,17.0.0
鹏,19,鵬,char-table:preferred-traditional+unihan:kTraditionalVariant,196,8,17.0.0
鹐,19,鵮,char-table:preferred-traditional+unihan:kTraditionalVariant,196,8,17.0.0
鹑,19,鶉,char-table:preferred-traditional+unihan:kTraditionalVariant,196,8,17.0.0
鹒,19,鶊,char-table:preferred-traditional+unihan:kTraditionalVariant,196,8,17.0.0
鹔,23,鷫,char-table:preferred-traditional+unihan:kTraditionalVariant,196,12,17.0.0
鹕,20,鶘,char-table:preferred-traditional+unihan:kTraditionalVariant,196,9,17.0.0
鹖,20,鶡,char-table:preferred-traditional+unihan:kTraditionalVariant,196,9,17.0.0
鹗,20,鶚,char-table:preferred-traditional+unihan:kTraditionalVariant,196,9,17.0.0
鹘,21,鶻,char-table:preferred-traditional+unihan:kTraditionalVariant,196,10,17.0.0
鹙,20,鶖,char-table:preferred-traditional+unihan:kTraditionalVariant,196,9,17.0.0
鹚,21,鷀,char-table:preferred-traditional+unihan:kTraditionalVariant,196,10,17.0.0
鹛,20,鶥,char-table:preferred-traditional+unihan:kTraditionalVariant,196,9,17.0.0
鹜,20,鶩,char-table:preferred-traditional+unihan:kTraditionalVariant,196,9,17.0.0
鹝,21,鷊,char-table:preferred-traditional+unihan:kTraditionalVariant,196,10,17.0.0
鹞,21,鷂,char-table:preferred-traditional+unihan:kTraditionalVariant,196,10,17.0.0
鹟,21,鶲,char-table:preferred-traditional+unihan:kTraditionalVariant,196,10,17.0.0
鹠,21,鶹,char-table:preferred-traditional+unihan:kTraditionalVariant,196,10,17.0.0
鹡,21,鶺,char-table:preferred-traditional+unihan:kTraditionalVariant,196,10,17.0.0
鹢,21,鷁,char-table:preferred-traditional+unihan:kTraditionalVariant,196,10,17.0.0
鹣,21,鶼,char-table:preferred-traditional+unihan:kTraditionalVariant,196,10,17.0.0
鹤,21,鶴,char-table:preferred-traditional+unihan:kTraditionalVariant,196,10,17.0.0
鹦,28,鸚,char-table:preferred-traditional+unihan:kTraditionalVariant,196,17,17.0.0
鹧,22,鷓,char-table:preferred-traditional+unihan:kTraditionalVariant,196,11,17.0.0
鹨,22,鷚,char-table:preferred-traditional+unihan:kTraditionalVariant,196,11,17.0.0
鹩,23,鷯,char-table:preferred-traditional+unihan:kTraditionalVariant,196,12,17.0.0
鹪,23,鷦,char-table:preferred-traditional+unihan:kTraditionalVariant,196,12,17.0.0
鹫,23,鷲,char-table:preferred-traditional+unihan:kTraditionalVariant,196,12,17.0.0
鹬,23,鷸,char-table:preferred-traditional+unihan:kTraditionalVariant,196,12,17.0.0
鹭,23,鷺,char-table:preferred-traditional+unihan:kTraditionalVariant,196,12,17.0.0
鹮,24,䴉,char-table:preferred-traditional+unihan:kTraditionalVariant,196,13,17.0.0
鹯,24,鸇,char-table:preferred-traditional+unihan:kTraditionalVariant,196,13,17.0.0
鹰,24,鷹,char-table:preferred-traditional+unihan:kTraditionalVariant,196,13,17.0.0
鹱,25,鸌,char-table:preferred-traditional+unihan:kTraditionalVariant,196,14,17.0.0
鹲,25,鸏,char-table:preferred-traditional+unihan:kTraditionalVariant,196,14,17.0.0
鹳,29,鸛,char-table:preferred-traditional+unihan:kTraditionalVariant,196,18,17.0.0
鹴,28,鸘,char-table:preferred-traditional+unihan:kTraditionalVariant,196,17,17.0.0
鹾,21,鹺,char-table:preferred-traditional+unihan:kTraditionalVariant,197,10,17.0.0
鹿,11,鹿,unihan:identity,198,0,17.0.0
麀,13,麀,unihan:identity,198,2,17.0.0
麂,13,麂,unihan:identity,198,2,17.0.0
麇,16,麇,unihan:identity,198,5,17.0.0
麈,16,麈,unihan:identity,198,5,17.0.0
麋,17,麋,unihan:identity,198,6,17.0.0
麑,19,麑,unihan:identity,198,8,17.0.0
麒,19,麒,unihan:identity,198,8,17.0.0
麓,19,麓,unihan:identity,198,8,17.0.0
麖,19,麖,unihan:identity,198,8,17.0.0
麝,21,麝,unihan:identity,198,10,17.0.0
麟,23,麟,unihan:identity,198,12,17.0.0
麦,11,麥,char-table:preferred-traditional+unihan:kTraditionalVariant,199,0,17.0.0
麸,15,麩,char-table:preferred-traditional+unihan:kTraditionalVariant,199,4,17.0.0
麹,19,麴,char-table:preferred-traditional+unihan:kTraditionalVariant,199,8,17.0.0
麻,11,麻,unihan:identity,200,0,17.0.0
麽,14,麽,unihan:identity,200,3,17.0.0
麾,15,麾,unihan:identity,200,4,17.0.0
黄,12,黃,unihan:kTraditionalVariant[17.0.0],201,0,17.0.0
黇,17,黇,unihan:identity,201,5,17.0.0
黉,25,黌,char-table:preferred-traditional+unihan:kTraditionalVariant,201,13,17.0.0
黍,12,黍,unihan:identity,202,0,17.0.0
黎,15,黎,unihan:identity,202,3,17.0.0
黏,17,黏,unihan:identity,202,5,17.0.0
黑,12,黑,unihan:identity,203,0,17.0.0
黔,16,黔,unihan:identity,203,4,17.0.0
默,16,默,unihan:identity,203,4,17.0.0
黛,17,黛,unihan:identity,203,5,17.0.0
黜,17,黜,unihan:identity,203,5,17.0.0
黝,17,黝,unihan:identity,203,5,17.0.0
黟,18,黟,unihan:identity,203,6,17.0.0
黠,18,黠,unihan:identity,203,6,17.0.0
黡,26,黶,char-table:preferred-traditional+unihan:kTraditionalVariant,203,14,17.0.0
黢,19,黢,unihan:identity,203,7,17.0.0
黥,20,黥,unihan:identity,203,8,17.0.0
黧,20,黧,unihan:identity,203,8,17.0.0
黩,27,黷,char-table:preferred-traditional+unihan:kTraditionalVariant,203,15,17.0.0
黪,23,黲,char-table:preferred-traditional+unihan:kTraditionalVariant,203,11,17.0.0
黯,21,黯,unihan:identity,203,9,17.0.0
黹,12,黹,unihan:identity,204,0,17.0.0
黻,17,黻,unihan:identity,204,5,17.0.0
黼,19,黼,unihan:identity,204,7,17.0.0
黾,13,黽,char-table:preferred-traditional+unihan:kTraditionalVariant,205,0,17.0.0
鼋,17,黿,char-table:preferred-traditional+unihan:kTraditionalVariant,205,4,17.0.0
鼍,25,鼉,char-table:preferred-traditional+unihan:kTraditionalVariant,205,12,17.0.0
鼎,13,鼎,unihan:identity,206,0,17.0.0
鼐,15,鼐,unihan:identity,206,2,17.0.0
鼒,16,鼒,unihan:identity,206,3,17.0.0
鼓,13,鼓,unihan:identity,207,0,17.0.0
鼗,14,鞀,unihan:kTraditionalVariant[17.0.0],177,5,17.0.0
鼙,21,鼙,unihan:identity,207,8,17.0.0
鼠,13,鼠,unihan:identity,208,0,17.0.0
鼢,17,鼢,unihan:identity,208,4,17.0.0
鼩,18,鼩,unihan:identity,208,5,17.0.0
鼫,18,鼫,unihan:identity,208,5,17.0.0
鼬,18,鼬,unihan:identity,208,5,17.0.0
鼯,20,鼯,unihan:identity,208,7,17.0.0
鼱,21,鼱,unihan:identity,208,8,17.0.0
鼷,23,鼷,unihan:identity,208,10,17.0.0
鼹,22,鼴,unihan:kTraditionalVariant[17.0.0],208,9,17.0.0
鼻,14,鼻,unihan:identity,209,0,17.0.0
鼽,16,鼽,unihan:identity,209,2,17.0.0
鼾,17,鼾,unihan:identity,209,3,17.0.0
齁,19,齁,unihan:identity,209,5,17.0.0
齇,25,齇,unihan:identity,209,11,17.0.0
齉,36,齉,unihan:identity,209,22,17.0.0
齐,14,齊,char-table:preferred-traditional+unihan:kTraditionalVariant,210,0,17.0.0
齑,23,齏,char-table:preferred-traditional+unihan:kTraditionalVariant,210,9,17.0.0
齿,15,齒,char-table:preferred-traditional+unihan:kTraditionalVariant,211,0,17.0.0
龀,17,齔,char-table:preferred-traditional+unihan:kTraditionalVariant,211,2,17.0.0
龁,18,齕,char-table:preferred-traditional+unihan:kTraditionalVariant,211,3,17.0.0
龂,19,齗,char-table:preferred-traditional+unihan:kTraditionalVariant,211,4,17.0.0
龃,20,齟,char-table:preferred-traditional+unihan:kTraditionalVariant,211,5,17.0.0
龄,20,齡,char-table:preferred-traditional+unihan:kTraditionalVariant,211,5,17.0.0
龅,20,齙,char-table:preferred-traditional+unihan:kTraditionalVariant,211,5,17.0.0
龆,20,齠,char-table:preferred-traditional+unihan:kTraditionalVariant,211,5,17.0.0
龇,20,齜,unihan:kTraditionalVariant[17.0.0],211,5,17.0.0
龈,21,齦,char-table:preferred-traditional+unihan:kTraditionalVariant,211,6,17.0.0
龉,22,齬,char-table:preferred-traditional+unihan:kTraditionalVariant,211,7,17.0.0
龊,22,齪,char-table:preferred-traditional+unihan:kTraditionalVariant,211,7,17.0.0
龋,24,齲,char-table:preferred-traditional+unihan:kTraditionalVariant,211,9,17.0.0
龌,24,齷,char-table:preferred-traditional+unihan:kTraditionalVariant,211,9,17.0.0
龙,16,龍,char-table:preferred-traditional+unihan:kTraditionalVariant,212,0,17.0.0
龚,22,龔,char-table:preferred-traditional+unihan:kTraditionalVariant,212,6,17.0.0
龛,22,龕,char-table:preferred-traditional+unihan:kTraditionalVariant,212,6,17.0.0
龟,16,龜,char-table:preferred-traditional+unihan:kTraditionalVariant,213,0,17.0.0
龠,17,龠,unihan:identity,214,0,17.0.0
龢,22,龢,unihan:identity,214,5,17.0.0
鿍,9,鿍,unihan:identity,32,6,17.0.0
鿎,18,䃮,char-table:preferred-traditional+unihan:kTraditionalVariant,112,13,17.0.0
鿏,19,䥑,char-table:preferred-traditional+unihan:kTraditionalVariant,167,11,17.0.0
𠅤,11,𠅤,unihan:identity,8,9,17.0.0
𠙶,4,𠙶,unihan:identity,17,2,17.0.0
𠳐,10,𠳐,unihan:identity,30,7,17.0.0
𡎚,12,𡎚,unihan:identity,32,9,17.0.0
𡐓,14,𡐓,unihan:identity,32,11,17.0.0
𣗋,24,欓,char-table:preferred-traditional+unihan:kTraditionalVariant,75,20,17.0.0
𣲗,13,湋,char-table:preferred-traditional+unihan:kTraditionalVariant,85,9,17.0.0
𣲘,16,潕,char-table:preferred-traditional+unihan:kTraditionalVariant,85,12,17.0.0
𣸣,17,濆,char-table:preferred-traditional+unihan:kTraditionalVariant,85,13,17.0.0
𤧛,14,𤧛,unihan:identity,96,9,17.0.0
𤩽,25,瓛,char-table:preferred-traditional+unihan:kTraditionalVariant,96,20,17.0.0
𤫉,22,𤫉,unihan:identity,96,17,17.0.0
𥔲,15,𥔲,unihan:identity,112,10,17.0.0
𥕢,16,𥕢,unihan:identity,112,11,17.0.0
𥖨,18,𥖨,unihan:identity,112,13,17.0.0
𥻗,15,𥻗,unihan:identity,119,9,17.0.0
𦈡,20,繻,char-table:preferred-traditional+unihan:kTraditionalVariant,120,14,17.0.0
𦒍,18,𦒍,unihan:identity,124,12,17.0.0
𦙶,11,𦙶,unihan:identity,130,5,17.0.0
𦝼,17,膢,char-table:preferred-traditional+unihan:kTraditionalVariant,130,11,17.0.0
𦭜,11,𦭜,unihan:identity,140,5,17.0.0
𦰡,13,𦰡,unihan:identity,140,7,17.0.0
𧿹,12,𧿹,unihan:identity,157,5,17.0.0
𨐈,13,輄,char-table:preferred-traditional+unihan:kTraditionalVariant,159,6,17.0.0
𨙸,11,𨙸,unihan:identity,163,4,17.0.0
𨚕,12,𨚕,unihan:identity,163,5,17.0.0
𨟠,25,𨟠,unihan:identity,163,18,17.0.0
𨭉,20,𨭉,unihan:identity,167,12,17.0.0
𨱇,15,銶,char-table:preferred-traditional+unihan:kTraditionalVariant,167,7,17.0.0
𨱏,18,鎝,char-table:preferred-traditional+unihan:kTraditionalVariant,167,10,17.0.0
𨱑,20,鐄,char-table:preferred-traditional+unihan:kTraditionalVariant,167,12,17.0.0
𨱔,20,鐏,char-table:preferred-traditional+unihan:kTraditionalVariant,167,12,17.0.0
𨺙,16,𨺙,unihan:identity,170,8,17.0.0
𩽾,17,鮟,char-table:preferred-traditional+unihan:kTraditionalVariant,195,6,17.0.0
𩾃,18,鮸,char-table:preferred-traditional+unihan:kTraditionalVariant,195,7,17.0.0
𩾌,22,鱇,char-table:preferred-traditional+unihan:kTraditionalVariant,195,11,17.0.0
𪟝,13,勣,char-table:preferred-traditional+unihan:kTraditionalVariant,19,11,17.0.0
𪣻,14,塿,char-table:preferred-traditional+unihan:kTraditionalVariant,32,11,17.0.0
𪤗,14,𪤗,unihan:identity,32,11,17.0.0
𪨰,9,𪨰,unihan:identity,46,6,17.0.0
𪨶,13,輋,char-table:preferred-traditional+unihan:kTraditionalVariant,159,6,17.0.0
𪩘,23,巘,char-table:preferred-traditional+unihan:kTraditionalVariant,46,20,17.0.0
𪾢,12,睍,char-table:preferred-traditional+unihan:kTraditionalVariant,109,7,17.0.0
𫄧,13,綖,char-table:preferred-traditional+unihan:kTraditionalVariant,120,7,17.0.0
𫄨,13,絺,char-table:preferred-traditional+unihan:kTraditionalVariant,120,7,17.0.0
𫄷,19,繶,char-table:preferred-traditional+unihan:kTraditionalVariant,120,13,17.0.0
𫄸,20,纁,char-table:preferred-traditional+unihan:kTraditionalVariant,120,14,17.0.0
𫇭,15,蒍,repo:form-override,140,9,17.0.0
𫌀,17,襀,char-table:preferred-traditional+unihan:kTraditionalVariant,145,11,17.0.0
𫍣,13,詷,char-table:preferred-traditional+unihan:kTraditionalVariant,149,6,17.0.0
𫍯,16,諴,char-table:preferred-traditional+unihan:kTraditionalVariant,149,9,17.0.0
𫍲,17,謏,char-table:preferred-traditional+unihan:kTraditionalVariant,149,10,17.0.0
𫍽,20,譞,char-table:preferred-traditional+unihan:kTraditionalVariant,149,13,17.0.0
𫐄,10,軏,char-table:preferred-traditional+unihan:kTraditionalVariant,159,3,17.0.0
𫐐,15,輗,char-table:preferred-traditional+unihan:kTraditionalVariant,159,8,17.0.0
𫐓,16,輮,char-table:preferred-traditional+unihan:kTraditionalVariant,159,9,17.0.0
𫑡,20,鄳,char-table:preferred-traditional+unihan:kTraditionalVariant,163,13,17.0.0
𫓧,12,鈇,char-table:preferred-traditional+unihan:kTraditionalVariant,167,4,17.0.0
𫓯,14,銈,char-table:preferred-traditional+unihan:kTraditionalVariant,167,6,17.0.0
𫓶,15,鋗,char-table:preferred-traditional+unihan:kTraditionalVariant,167,7,17.0.0
𫓹,16,錤,char-table:preferred-traditional+unihan:kTraditionalVariant,167,8,17.0.0
𫔍,20,鐇,char-table:preferred-traditional+unihan:kTraditionalVariant,167,12,17.0.0
𫔎,20,鐍,char-table:preferred-traditional+unihan:kTraditionalVariant,167,12,17.0.0
𫔶,18,闑,char-table:preferred-traditional+unihan:kTraditionalVariant,169,10,17.0.0
𫖮,19,顗,char-table:preferred-traditional+unihan:kTraditionalVariant,181,10,17.0.0
𫖯,15,頫,char-table:preferred-traditional+unihan:kTraditionalVariant,181,6,17.0.0
𫖳,16,頵,char-table:preferred-traditional+unihan:kTraditionalVariant,181,7,17.0.0
𫗧,16,餗,char-table:preferred-traditional+unihan:kTraditionalVariant,184,7,17.0.0
𫗴,22,饘,char-table:preferred-traditional+unihan:kTraditionalVariant,184,13,17.0.0
𫘜,14,馼,char-table:preferred-traditional+unihan:kTraditionalVariant,187,4,17.0.0
𫘝,14,駃,char-table:preferred-traditional+unihan:kTraditionalVariant,187,4,17.0.0
𫘦,18,騊,char-table:preferred-traditional+unihan:kTraditionalVariant,187,8,17.0.0
𫘧,18,騄,char-table:preferred-traditional+unihan:kTraditionalVariant,187,8,17.0.0
𫘨,19,騠,char-table:preferred-traditional+unihan:kTraditionalVariant,187,9,17.0.0
𫘪,20,騵,char-table:preferred-traditional+unihan:kTraditionalVariant,187,10,17.0.0
𫘬,20,騱,char-table:preferred-traditional+unihan:kTraditionalVariant,187,10,17.0.0
𫚕,21,鰤,char-table:preferred-traditional+unihan:kTraditionalVariant,195,10,17.0.0
𫚖,16,鮆,char-table:preferred-traditional+unihan:kTraditionalVariant,195,5,17.0.0
𫚭,26,鱲,char-table:preferred-traditional+unihan:kTraditionalVariant,195,15,17.0.0
𫛭,18,鵟,char-table:preferred-traditional+unihan:kTraditionalVariant,196,7,17.0.0
𫞩,16,璊,char-table:preferred-traditional+unihan:kTraditionalVariant,96,11,17.0.0
𫟅,14,綡,char-table:preferred-traditional+unihan:kTraditionalVariant,120,8,17.0.0
𫟦,19,䡵,char-table:preferred-traditional+unihan:kTraditionalVariant,159,12,17.0.0
𫟹,14,鉷,char-table:preferred-traditional+unihan:kTraditionalVariant,167,6,17.0.0
𫟼,21,鐽,char-table:preferred-traditional+unihan:kTraditionalVariant,167,13,17.0.0
𫠆,13,頍,char-table:preferred-traditional+unihan:kTraditionalVariant,181,4,17.0.0
𫠊,15,䮄,char-table:preferred-traditional+unihan:kTraditionalVariant,187,5,17.0.0
𫠜,23,齯,char-table:preferred-traditional+unihan:kTraditionalVariant,211,8,17.0.0
𫢸,14,僤,char-table:preferred-traditional+unihan:kTraditionalVariant,9,12,17.0.0
𫫇,15,噁,char-table:preferred-traditional+unihan:kTraditionalVariant,30,12,17.0.0
𫭟,14,塸,char-table:preferred-traditional+unihan:kTraditionalVariant,32,11,17.0.0
𫭢,11,埨,char-table:preferred-traditional+unihan:kTraditionalVariant,32,8,17.0.0
𫭼,15,𡑍,char-table:preferred-traditional+unihan:kTraditionalVariant,32,12,17.0.0
𫮃,15,墠,char-table:preferred-traditional+unihan:kTraditionalVariant,32,12,17.0.0
𫰛,10,娙,char-table:preferred-traditional+unihan:kTraditionalVariant,38,7,17.0.0
𫵷,19,㠣,char-table:preferred-traditional+unihan:kTraditionalVariant,46,16,17.0.0
𫶇,14,嵽,char-table:preferred-traditional+unihan:kTraditionalVariant,46,11,17.0.0
𫷷,15,廞,char-table:preferred-traditional+unihan:kTraditionalVariant,53,12,17.0.0
𫸩,14,彄,char-table:preferred-traditional+unihan:kTraditionalVariant,57,11,17.0.0
𬀩,13,暐,char-table:preferred-traditional+unihan:kTraditionalVariant,72,9,17.0.0
𬀪,11,晛,char-table:preferred-traditional+unihan:kTraditionalVariant,72,7,17.0.0
𬂩,11,梜,char-table:preferred-traditional+unihan:kTraditionalVariant,75,7,17.0.0
𬃊,19,櫍,char-table:preferred-traditional+unihan:kTraditionalVariant,75,15,17.0.0
𬇕,17,澫,char-table:preferred-traditional+unihan:kTraditionalVariant,85,13,17.0.0
𬇙,11,浿,char-table:preferred-traditional+unihan:kTraditionalVariant,85,7,17.0.0
𬇹,15,漍,char-table:preferred-traditional+unihan:kTraditionalVariant,85,11,17.0.0
𬉼,15,熰,char-table:preferred-traditional+unihan:kTraditionalVariant,86,11,17.0.0
𬊈,16,燖,char-table:preferred-traditional+unihan:kTraditionalVariant,86,12,17.0.0
𬊤,16,燀,char-table:preferred-traditional+unihan:kTraditionalVariant,86,12,17.0.0
𬌗,10,𬌗,unihan:identity,92,6,17.0.0
𬍛,20,瓅,char-table:preferred-traditional+unihan:kTraditionalVariant,96,15,17.0.0
𬍡,17,璗,char-table:preferred-traditional+unihan:kTraditionalVariant,96,12,17.0.0
𬍤,17,璕,char-table:preferred-traditional+unihan:kTraditionalVariant,96,12,17.0.0
𬒈,18,礐,char-table:preferred-traditional+unihan:kTraditionalVariant,112,13,17.0.0
𬒔,13,𬒔,unihan:identity,112,8,17.0.0
𬒗,26,𥗽,char-table:preferred-traditional+unihan:kTraditionalVariant,112,21,17.0.0
𬕂,16,篢,char-table:preferred-traditional+unihan:kTraditionalVariant,118,10,17.0.0
𬘓,9,紃,char-table:preferred-traditional+unihan:kTraditionalVariant,120,3,17.0.0
𬘘,10,紞,char-table:preferred-traditional+unihan:kTraditionalVariant,120,4,17.0.0
𬘡,12,絪,char-table:preferred-traditional+unihan:kTraditionalVariant,120,6,17.0.0
𬘩,13,綎,char-table:preferred-traditional+unihan:kTraditionalVariant,120,7,17.0.0
𬘫,13,綄,char-table:preferred-traditional+unihan:kTraditionalVariant,120,7,17.0.0
𬘬,14,綪,char-table:preferred-traditional+unihan:kTraditionalVariant,120,8,17.0.0
𬘭,14,綝,char-table:preferred-traditional+unihan:kTraditionalVariant,120,8,17.0.0
𬘯,14,綧,char-table:preferred-traditional+unihan:kTraditionalVariant,120,8,17.0.0
𬙂,17,縯,char-table:preferred-traditional+unihan:kTraditionalVariant,120,11,17.0.0
𬙊,21,纆,char-table:preferred-traditional+unihan:kTraditionalVariant,120,15,17.0.0
𬙋,23,纕,char-table:preferred-traditional+unihan:kTraditionalVariant,120,17,17.0.0
𬜬,17,蔄,char-table:preferred-traditional+unihan:kTraditionalVariant,140,11,17.0.0
𬜯,14,䓣,char-table:preferred-traditional+unihan:kTraditionalVariant,140,8,17.0.0
𬞟,22,蘋,char-table:preferred-traditional+unihan:kTraditionalVariant,140,16,17.0.0
𬟁,27,虉,char-table:preferred-traditional+unihan:kTraditionalVariant,140,21,17.0.0
𬟽,14,蝀,char-table:preferred-traditional+unihan:kTraditionalVariant,142,8,17.0.0
𬣙,10,訏,char-table:preferred-traditional+unihan:kTraditionalVariant,149,3,17.0.0
𬣞,12,詝,char-table:preferred-traditional+unihan:kTraditionalVariant,149,5,17.0.0
𬣡,15,諓,char-table:preferred-traditional+unihan:kTraditionalVariant,149,8,17.0.0
𬣳,13,詪,char-table:preferred-traditional+unihan:kTraditionalVariant,149,6,17.0.0
𬤇,16,諲,char-table:preferred-traditional+unihan:kTraditionalVariant,149,9,17.0.0
𬤊,16,諟,char-table:preferred-traditional+unihan:kTraditionalVariant,149,9,17.0.0
𬤝,19,譓,char-table:preferred-traditional+unihan:kTraditionalVariant,149,12,17.0.0
𬨂,11,軝,char-table:preferred-traditional+unihan:kTraditionalVariant,159,4,17.0.0
𬨎,16,輶,char-table:preferred-traditional+unihan:kTraditionalVariant,159,9,17.0.0
𬩽,19,鄩,char-table:preferred-traditional+unihan:kTraditionalVariant,163,12,17.0.0
𬪩,20,醲,char-table:preferred-traditional+unihan:kTraditionalVariant,164,13,17.0.0
𬬩,11,釴,char-table:preferred-traditional+unihan:kTraditionalVariant,167,3,17.0.0
𬬭,16,錀,char-table:preferred-traditional+unihan:kTraditionalVariant,167,8,17.0.0
𬬮,16,鋹,char-table:preferred-traditional+unihan:kTraditionalVariant,167,8,17.0.0
𬬱,12,釿,char-table:preferred-traditional+unihan:kTraditionalVariant,167,4,17.0.0
𬬸,13,鉥,char-table:preferred-traditional+unihan:kTraditionalVariant,167,5,17.0.0
𬬹,13,鉮,char-table:preferred-traditional+unihan:kTraditionalVariant,167,5,17.0.0
𬬻,24,鑪,char-table:preferred-traditional+unihan:kTraditionalVariant,167,16,17.0.0
𬬿,13,鉊,char-table:preferred-traditional+unihan:kTraditionalVariant,167,5,17.0.0
𬭁,13,鉧,char-table:preferred-traditional+unihan:kTraditionalVariant,167,5,17.0.0
𬭊,15,𨧀,char-table:preferred-traditional+unihan:kTraditionalVariant,167,7,17.0.0
𬭎,15,鋐,char-table:preferred-traditional+unihan:kTraditionalVariant,167,7,17.0.0
𬭚,16,錞,char-table:preferred-traditional+unihan:kTraditionalVariant,167,8,17.0.0
𬭛,16,𨨏,char-table:preferred-traditional+unihan:kTraditionalVariant,167,8,17.0.0
𬭤,17,鍭,char-table:preferred-traditional+unihan:kTraditionalVariant,167,9,17.0.0
𬭩,18,鎓,char-table:preferred-traditional+unihan:kTraditionalVariant,167,10,17.0.0
𬭬,19,鏏,char-table:preferred-traditional+unihan:kTraditionalVariant,167,11,17.0.0
𬭯,20,䥕,char-table:preferred-traditional+unihan:kTraditionalVariant,167,12,17.0.0
𬭳,20,𨭎,char-table:preferred-traditional+unihan:kTraditionalVariant,167,12,17.0.0
𬭶,20,𨭆,char-table:preferred-traditional+unihan:kTraditionalVariant,167,12,17.0.0
𬭸,20,鏻,char-table:preferred-traditional+unihan:kTraditionalVariant,167,12,17.0.0
𬭼,21,鐩,char-table:preferred-traditional+unihan:kTraditionalVariant,167,13,17.0.0
𬮱,17,闉,char-table:preferred-traditional+unihan:kTraditionalVariant,169,9,17.0.0
𬮿,18,隑,char-table:preferred-traditional+unihan:kTraditionalVariant,170,10,17.0.0
𬯀,22,隮,char-table:preferred-traditional+unihan:kTraditionalVariant,170,14,17.0.0
𬯎,20,隤,char-table:preferred-traditional+unihan:kTraditionalVariant,170,12,17.0.0
𬱖,14,頔,char-table:preferred-traditional+unihan:kTraditionalVariant,181,5,17.0.0
𬱟,15,頠,char-table:preferred-traditional+unihan:kTraditionalVariant,181,6,17.0.0
𬳵,15,駓,char-table:preferred-traditional+unihan:kTraditionalVariant,187,5,17.0.0
𬳶,15,駉,char-table:preferred-traditional+unihan:kTraditionalVariant,187,5,17.0.0
𬳽,16,駪,char-table:preferred-traditional+unihan:kTraditionalVariant,187,6,17.0.0
𬳿,17,駼,char-table:preferred-traditional+unihan:kTraditionalVariant,187,7,17.0.0
𬴂,18,騑,char-table:preferred-traditional+unihan:kTraditionalVariant,187,8,17.0.0
𬴃,19,騞,char-table:preferred-traditional+unihan:kTraditionalVariant,187,9,17.0.0
𬴊,22,驎,char-table:preferred-traditional+unihan:kTraditionalVariant,187,12,17.0.0
𬶋,16,鮈,char-table:preferred-traditional+unihan:kTraditionalVariant,195,5,17.0.0
𬶍,16,鮀,char-table:preferred-traditional+unihan:kTraditionalVariant,195,5,17.0.0
𬶏,17,鮠,char-table:preferred-traditional+unihan:kTraditionalVariant,195,6,17.0.0
𬶐,17,鮡,char-table:preferred-traditional+unihan:kTraditionalVariant,195,6,17.0.0
𬶟,19,鯻,char-table:preferred-traditional+unihan:kTraditionalVariant,195,8,17.0.0
𬶠,20,鰊,char-table:preferred-traditional+unihan:kTraditionalVariant,195,9,17.0.0
𬶨,22,鱀,char-table:preferred-traditional+unihan:kTraditionalVariant,195,11,17.0.0
𬶭,22,鰶,char-table:preferred-traditional+unihan:kTraditionalVariant,195,11,17.0.0
𬶮,23,鱚,char-table:preferred-traditional+unihan:kTraditionalVariant,195,12,17.0.0
𬷕,18,鵏,char-table:preferred-traditional+unihan:kTraditionalVariant,196,7,17.0.0
𬸘,20,鶠,char-table:preferred-traditional+unihan:kTraditionalVariant,196,9,17.0.0
𬸚,25,鸑,char-table:preferred-traditional+unihan:kTraditionalVariant,196,14,17.0.0
𬸣,21,鶱,char-table:preferred-traditional+unihan:kTraditionalVariant,196,10,17.0.0
𬸦,22,鷟,char-table:preferred-traditional+unihan:kTraditionalVariant,196,11,17.0.0
𬸪,23,鷭,char-table:preferred-traditional+unihan:kTraditionalVariant,196,12,17.0.0
𬹼,19,齘,char-table:preferred-traditional+unihan:kTraditionalVariant,211,4,17.0.0
𬺈,23,齮,char-table:preferred-traditional+unihan:kTraditionalVariant,211,8,17.0.0
𬺓,28,齼,char-table:preferred-traditional+unihan:kTraditionalVariant,211,13,17.0.0
